sample_id,partition,scaffold
mol_003719abf88cacaa,test,c1ccc2ccccc2c1
mol_005dc0045948b6fd,test,c1ccc2[nH]ccc2c1
mol_006730b97e307ff9,test,c1ccc2[nH]ccc2c1
mol_00c9a1cecef5d9d0,test,C1CCNC1
mol_00ffdeb4a5ae34db,test,C1=CCCCC1
mol_0145231e8c616e4a,test,c1c[nH]cn1
mol_015e752604967180,test,O=C1C=CC2C(=C1)CCC1C3CCCC3CCC21
mol_015ee56358d80b06,test,c1ccc(Cc2ccccc2)cc1
mol_01799c36f36d1260,test,C1=CC(c2ccccc2)C=CN1
mol_01dbda92f3f72996,test,c1ccc(Cc2ccccc2)cc1
mol_01f44b1a14a095c5,test,ACYCLIC:CCCOCCO
mol_032c65e17e4393e9,test,O=C(OCc1cccc(Oc2ccccc2)c1)C1CC1
mol_0414751689808774,test,c1ccc2[nH]ccc2c1
mol_0444b630e6282650,test,O=C1CCCO1
mol_0455053514e1f2bb,test,c1ncncn1
mol_0467677607464022,test,c1ccc(Cc2ccccc2)cc1
mol_0513da8cec58d8f7,test,c1ccc(Cc2ccccc2)cc1
mol_05784e2ddd36e417,test,c1ccc(Cc2ccccc2)cc1
mol_0688bcdda7866903,test,c1ccc(Oc2ccccc2)cc1
mol_0758cef020fd3da2,test,c1nnc[nH]1
mol_0764fe1a78195b7d,test,c1ccc(Oc2ccccc2)cc1
mol_0859a6745b8c731a,test,C1=CCCCC1
mol_089ab51f23001bb9,test,C1CCNC1
mol_0966702016c5bc7f,test,O=c1cc(-c2ccccc2)oc2ccccc12
mol_09c4fb6d4c120c9d,test,c1c[nH]cn1
mol_0a66e5bd18d32afd,test,c1ccc(Nc2ccccc2)cc1
mol_0a703de4db0ddcc2,test,c1ccc2[nH]ccc2c1
mol_0ac9c3d0de06db24,test,c1cc[nH+]cc1
mol_0b1fdea4d186ffd3,test,O=C1C=CC(=O)C=C1
mol_0b3610d6793a3818,test,c1ccc(Cc2ccccc2)cc1
mol_0b4ee538cac61908,test,c1ccc2c(c1)Sc1ccccc1N2CCCN1CCNCC1
mol_0bae08d08c5b000e,test,O=c1ccc2ccccc2o1
mol_0bb4b6815422bd6e,test,c1ccc2c(c1)Nc1ccccc1S2
mol_0bcd17d26ce05b9b,test,C1CCNC1
mol_0c6ef69d092a936e,test,ACYCLIC:COCCOCCOCCOC
mol_0d37fad7c14f4836,test,c1ccc(Oc2ccccc2)cc1
mol_0dd55e4f408730d4,test,O=c1cc(-c2ccccc2)oc2ccccc12
mol_0df7b41dbe381803,test,c1cc[nH+]cc1
mol_0e0a0da548f32931,test,C1CCC2C(C1)CCC1C3CCCC3CCC21
mol_0e34a1ad074c9b84,test,c1ccc2[nH]ccc2c1
mol_0e8825f5939303d8,test,ACYCLIC:CC(C)C(O)C(C)(C)CO
mol_0f4a3c71995b3fee,test,c1ccc2ccccc2c1
mol_0f7f23d786efe52d,test,C=C1CCCCC1=CC=C1CCCC2CCCC12
mol_0f9cc5586e53fea1,test,c1ccc(Cc2ccccc2)cc1
mol_10b05b3f0710232a,test,O=C1C=CC2C(=C1)CCC1C3CCCC3CCC21
mol_10bc300ad8b717c6,test,c1ccc2scnc2c1
mol_10c7d9fb390a762e,test,ACYCLIC:CC(C)(C)C(=O)CCl
mol_1111c960861b415b,test,c1ccc2c(c1)Cc1ccccc1-2
mol_11120ddd9bb0ff81,test,O=C(OCc1cccc(Oc2ccccc2)c1)C1CC1
mol_11821d89fd7d01c5,test,O=C1CCCO1
mol_11bae16e20a8c312,test,ACYCLIC:OB(O)O
mol_11e6a061f710e771,test,c1ccc(Cc2ccccc2)cc1
mol_12895bc212dff845,test,C1=CCCCC1
mol_128effc83599df90,test,C=C1CCCCC1=CC=C1CCCC2CCCC12
mol_131d2325326adc67,test,O=C1C=CC2C(=C1)CCC1C3CCCC3CCC21
mol_15446e6aa276884d,test,c1c[nH]cn1
mol_1556d9e59de737bd,test,C1CCOC1
mol_15a52ab23f9d0350,test,c1ccc2[nH]ccc2c1
mol_15a6eeabab1561a0,test,O=C1C=CC2C(=C1)CCC1C3CCCC3CCC21
mol_15d090429620ca09,test,c1c[nH]cn1
mol_1683aec6c372a8a0,test,c1ccc2ccccc2c1
mol_1768fd8ddc6c82fd,test,ACYCLIC:ClCCCCl
mol_17842a206ad9b142,test,c1ncncn1
mol_1890702fbd53eaca,test,c1ccc(Cc2ccccc2)cc1
mol_199c63b47e3551b2,test,C1CCOC1
mol_199cec22d4a69de0,test,c1ccc(Cc2ccccc2)cc1
mol_19aade61e32c9d66,test,c1ccc(Cc2ccccc2)cc1
mol_1ac97e6f34676d55,test,c1ccsc1
mol_1af0251587cc94d7,test,c1ccc(Cc2ccccc2)cc1
mol_1b37d7ef1dd44509,test,O=C(OCc1cccc(Oc2ccccc2)c1)C1CC1
mol_1b6c0d73032904be,test,C1COCCN1
mol_1c453787b831bb96,test,c1ccc2[nH]ccc2c1
mol_1c6bf38c87bfa511,test,C1=CCCCC1
mol_1c79b7440424bb36,test,O=C1C=CC2C(=C1)CCC1C3CCCC3CCC21
mol_1d30fe117c414b33,test,c1ccc2c(c1)Nc1ccccc1S2
mol_1d8e500db0576487,test,c1ccc(Oc2ccccc2)cc1
mol_1dad0754d995c20e,test,c1ncncn1
mol_1e66b5b6a6cde863,test,O=C(Nc1ccccc1)c1ccccc1
mol_1e85fe755c03e406,test,O=C1C=CC2C(=C1)CCC1C3CCCC3CCC21
mol_1ea9d509d125ff90,test,c1ccc2c(c1)Cc1ccccc1-2
mol_1f20a31e0f74e936,test,c1ccc2c(c1)Sc1ccccc1N2CCCN1CCNCC1
mol_1f2662862dfcd9df,test,O=C(Nc1ccccc1)c1ccccc1
mol_1f69a635607dee94,test,C1=CCCCC1
mol_1f73ce28d943d6f9,test,c1c[nH+]c[nH]1
mol_1fc581eaaa611db9,test,c1ccc2cc3ccccc3cc2c1
mol_1fec2e6032a7893a,test,c1ccc2scnc2c1
mol_2040118db55a1c7a,test,c1ccc(CCc2ccccc2)cc1
mol_207f309c76a821d3,test,O=C1CCCO1
mol_20f72ae6b2961c11,test,c1ccc(Oc2ccccc2)cc1
mol_211f95cea2e19bc1,test,ACYCLIC:C=CCNC(N)=S
mol_21a5e7cbdf82178c,test,C1COCCN1
mol_225f15929c81667b,test,ACYCLIC:BrCCCBr
mol_22b52a4048a44746,test,c1ccc(Nc2ccccc2)cc1
mol_22d6d5e9f3741b30,test,c1ccc(Oc2ccccc2)cc1
mol_235feb86018f431b,test,c1ccc2cc3ccccc3cc2c1
mol_2360397c02f47e5b,test,c1ccc2c(c1)Cc1ccccc1-2
mol_2366461d4b7d229f,test,C1=CCCCC1
mol_239e7ef5bf2b8efe,test,c1ncncn1
mol_242ce752758e3624,test,C=C1CCCCC1=CC=C1CCCC2CCCC12
mol_2430f05c78e82e65,test,O=C(Nc1ccccc1)c1ccccc1
mol_249cb95cb017895c,test,c1ccc(Oc2ccccc2)cc1
mol_24d1f805c12fcd34,test,c1ccc2[nH]ccc2c1
mol_2586129b88c76a83,test,O=C(Nc1ccccc1)c1ccccc1
mol_25f47a441a565333,test,c1ccc(Cc2ccccc2)cc1
mol_26871d4a8a6616a9,test,C1CCOC1
mol_268c869b48bea535,test,c1ncncn1
mol_2732dc883fd1f923,test,c1c[nH+]c[nH]1
mol_277899af42a5c88a,test,O=C1C=CC2C(=C1)CCC1C3CCCC3CCC21
mol_27b4bd7a9647c7d2,test,C1=CCCCC1
mol_27ed8e9fd9dac4ce,test,C1=CCCCC1
mol_292907391a086fd1,test,c1cscn1
mol_29681c90f78723a3,test,C(=Cc1ccccc1)c1ccccc1
mol_29a5cadf3184f077,test,C1=CCCCC1
mol_29efc35a8859a719,test,c1ccc2c(c1)Nc1ccccc1S2
mol_2a8bc36cbb493a87,test,c1cscn1
mol_2b56e693f49ffc34,test,O=C1C=CC2C(=C1)CCC1C3CCCC3CCC21
mol_2ba0a4db4c3a1d8c,test,ACYCLIC:CCC(CC)C(=O)O
mol_2ba82083ca9c5653,test,c1ccc(Cc2ccccc2)cc1
mol_2c0f9db059325759,test,c1ccc2c(c1)Nc1ccccc1S2
mol_2c2d16c4f1a32606,test,c1c[nH+]c[nH]1
mol_2c519435e90a1985,test,c1ccc(Oc2ccccc2)cc1
mol_2c6a42b041953c2d,test,O=C(C=Cc1ccccc1)NC1CC1
mol_2c8c5177f005621b,test,O=C1C=CC2C(=C1)CCC1C3CCCC3CCC21
mol_2ca230cd2ebfc89f,test,c1ccc(Oc2ccccc2)cc1
mol_2d13a53ff3147afd,test,c1ncncn1
mol_2d1526facc27ee52,test,c1ccc2ccccc2c1
mol_2d24a1a6e28bf206,test,O=C1CCCN1
mol_2d2aa2902cfa872c,test,c1ccc(Cc2ccccc2)cc1
mol_2d7ebca6bcdb89c6,test,C1=CCCCC1
mol_2e3f8508df2a4f09,test,C1=CCCCC1
mol_2e6624ce9c27337d,test,c1ccc(Oc2ccccc2)cc1
mol_2e7203cffdc76d65,test,c1ccc(Cc2ccccc2)cc1
mol_2e9b5e03f3635975,test,c1ccc2ccccc2c1
mol_2f476f676edbc87d,test,C1=CCCCC1
mol_2facf54b6c6c78ab,test,c1ccc2ccccc2c1
mol_2fc7209f4cdc43d2,test,c1ccc(Nc2ccccc2)cc1
mol_2fc88d38619526f1,test,c1ccc2cc3ccccc3cc2c1
mol_2ff56dc540e06f79,test,C1=CC(c2ccccc2)C=CN1
mol_305112f3daf93c3d,test,C1=CCCCC1
mol_310ba29c3c361c21,test,C1=CCCCC1
mol_3167ec624f19fe5f,test,c1ccc(Nc2ccccc2)cc1
mol_31dccaa1d79acf9a,test,c1ccc(Cc2ccccc2)cc1
mol_3200e21c07d2e884,test,c1ccc2[nH]ccc2c1
mol_32a1baf12d631c9a,test,C1=CCC(c2ccccc2)CC1
mol_32eff759c29534c2,test,O=C1CC(=O)C1
mol_330c160a80e354ea,test,O=C(Nc1ccccc1)c1ccccc1
mol_3319b3e4a6e37dd3,test,C1=CCCCC1
mol_332ba43ba85357f5,test,c1cc[nH+]cc1
mol_336c600868144f95,test,c1ccc2ccccc2c1
mol_3378699e668bb169,test,C1CCC2OC2C1
mol_33b2ee7e1ab836c2,test,c1ccc2ccccc2c1
mol_3523cbba93cdc57f,test,c1ccc(Oc2ccccc2)cc1
mol_354bb116e465a321,test,c1ccc(Cc2ccccc2)cc1
mol_35f40f2822801f0c,test,O=C(OCc1cccc(Oc2ccccc2)c1)C1CC1
mol_35f5cc4ad90bf930,test,c1c[nH]cn1
mol_36fa2eafae00eae0,test,c1ccc(Oc2ccccc2)cc1
mol_3760c5e33c70bfa0,test,c1ccc(Oc2ccccc2)cc1
mol_378c7ee32027c829,test,c1ccc(Nc2ccccc2)cc1
mol_38047821d71f1107,test,c1ncncn1
mol_3808e5e22b8bcc01,test,c1ccc(Nc2ccccc2)cc1
mol_3811f42d3c15ed32,test,O=c1cc(-c2ccccc2)oc2ccccc12
mol_388c1a75ce21c56d,test,C1=CCCCC1
mol_389171c405c6659d,test,c1ccc2[nH]ccc2c1
mol_38b53e04571b485e,test,ACYCLIC:CS(=O)(=O)Cl
mol_38d9a995591c0e13,test,c1ccc2scnc2c1
mol_39a0b100c3af1485,test,c1ccc(Oc2ccccc2)cc1
mol_39abbb486ceabce6,test,O=C(Nc1ccccc1)c1ccccc1
mol_3a985446a872d5b9,test,ACYCLIC:CC(C)OCCO
mol_3ad78bc6cb29b6b1,test,c1ccc2ccccc2c1
mol_3af644800ce7ff20,test,ACYCLIC:CC/C=C\CCOC(C)OCC
mol_3bdc9406dc447d9e,test,c1ccc(Oc2ccccc2)cc1
mol_3c9fb5c79d0841be,test,c1ccc2c(c1)Nc1ccccc1S2
mol_3cb29c46b97fbb35,test,O=C1CCCO1
mol_3ce02b646a88a2d9,test,c1ccc(Nc2ccccc2)cc1
mol_3de85e8d5a43844e,test,C1COCCN1
mol_3ed19498ab208d0b,test,O=c1cc(-c2ccccc2)oc2ccccc12
mol_3f5bb2fea4f2892c,test,O=C1C=CCCC1
mol_3f647e0ca6d97429,test,c1cscn1
mol_4004f32bf2dd5d7f,test,c1ccc2ccccc2c1
mol_401886e12f85529f,test,O=C1CC(=O)NC(=O)N1
mol_41cf93705215b50f,test,c1ccc(Cc2ccccc2)cc1
mol_41d51fc8e8254961,test,c1cscn1
mol_4220f9321b078de2,test,c1ccc2ccccc2c1
mol_423df9c03c4b1878,test,c1ccc(Oc2ccccc2)cc1
mol_424ec3dfed069438,test,c1ccc(Nc2ccccc2)cc1
mol_42d367e35c34418b,test,O=C1CNC(=O)N1
mol_42d675b06e0f7818,test,c1ncncn1
mol_42eaa6c1f49b8cde,test,O=c1cc(-c2ccccc2)oc2ccccc12
mol_43dec6a3b53a0a93,test,O=C1C=CC2C(=C1)CCC1C3CCCC3CCC21
mol_44767dd4910cb697,test,c1ccc(Cc2ccccc2)cc1
mol_44c40e296526df3f,test,O=C1C=CC(=O)C=C1
mol_44d39b6d3ea73ac7,test,c1ncncn1
mol_45907cc55e40ddcf,test,c1ccc(N2CCNCC2)cc1
mol_45a524c6b7883abb,test,c1ccc2ccccc2c1
mol_46517e62aee0b803,test,O=C(OCc1cccc(Oc2ccccc2)c1)C1CC1
mol_477295b5e8203a3b,test,c1ccc(Cc2ccccc2)cc1
mol_4819c74cd37102e6,test,C1CCC2C(C1)CCC1C3CCCC3CCC21
mol_483062bba77e9535,test,C1COCCN1
mol_49dd6ecd65687a05,test,c1ccc2scnc2c1
mol_49ef9058def9738f,test,c1ccc2scnc2c1
mol_4a623c6a9504c6c3,test,c1ccsc1
mol_4b4db6feeee61f40,test,c1ccc2scnc2c1
mol_4b70f06f3bf75871,test,C(=Cc1ccccc1)c1ccccc1
mol_4b78822c3cdf3f07,test,c1ccc(N2CCNCC2)cc1
mol_4c79556cc624f23a,test,c1ccc(Cc2ccccc2)cc1
mol_4ce4bfcac1a191c3,test,c1cscn1
mol_4dc74a450466dd03,test,c1ccc(Cc2ccccc2)cc1
mol_4def7d156ba30caf,test,c1ccc2ccccc2c1
mol_4df6d51c6e2e9507,test,C1COCCN1
mol_4e44bcece80cabe3,test,c1c[nH]cn1
mol_4eac3683541c83f5,test,c1ccc2ccccc2c1
mol_4f17b05637c23029,test,c1ccc2ccccc2c1
mol_4f25fc6d47a54c50,test,c1ccc(Oc2ccccc2)cc1
mol_4f46a033f566bda8,test,c1c[nH+]c[nH]1
mol_4f5de104cbabf11f,test,c1ccc2ccccc2c1
mol_4fb53c5a6b7f3147,test,C1=CCCCC1
mol_4ff9a4695b03941f,test,O=C1C=CCCC1
mol_4ffae2d9701edf20,test,c1ccc(Cc2ccccc2)cc1
mol_501591c89219a942,test,C(=Cc1ccccc1)c1ccccc1
mol_502bd23f3ce8c835,test,O=C1CCCN1
mol_50b7ce3204d83788,test,c1ccc2c(c1)Sc1ccccc1N2CCCN1CCNCC1
mol_526edb290224bb36,test,c1cscn1
mol_52a75ffda842da36,test,c1ncncn1
mol_52b4aa8ff8daa0c5,test,c1ccc2scnc2c1
mol_52efc7a5fff94e44,test,C1=CC2CC(C1)C2
mol_52f5de3d90eb1055,test,c1ccc2[nH]ccc2c1
mol_537d537fccd75939,test,C1CCC2C(C1)CCC1C3CCCC3CCC21
mol_538e5865a240430c,test,c1ccc(Nc2ccccc2)cc1
mol_53aabc49561da3c0,test,c1ccc2ccccc2c1
mol_53c3af7e6a3e6e8e,test,c1ccc2ccccc2c1
mol_54595a6b2c6543ab,test,O=C(Nc1ccccc1)c1ccccc1
mol_549ebd7115a73ff2,test,C(=Cc1ccccc1)c1ccccc1
mol_54a66eec8de96f43,test,O=C(Nc1ccccc1)c1ccccc1
mol_54b9ed52a3ab3a47,test,O=C1CC(=O)NC=N1
mol_54cd1c02669cc70b,test,c1ccc(Cc2ccccc2)cc1
mol_54f6620cb48f7880,test,O=c1ccc2ccccc2o1
mol_55b0153978789ab6,test,c1ccc2ccccc2c1
mol_564c8f40df7b2514,test,c1ccc2ccccc2c1
mol_565876481e3e9396,test,c1ccc2scnc2c1
mol_570eeb1debae8940,test,C1CCNC1
mol_57a4b2b2c34e85e4,test,c1c[nH+]c[nH]1
mol_583ccfabc2a185cc,test,O=C1CC(=O)NC(=O)N1
mol_590d37db6fcc348c,test,c1c[nH+]c[nH]1
mol_5927f0d04cffe57a,test,c1ccc(Oc2ccccc2)cc1
mol_59af27c13c5197d5,test,c1ncncn1
mol_5a0630b242bf5e78,test,c1ccc2scnc2c1
mol_5a1139024390e5e5,test,c1ccc(Nc2ccccc2)cc1
mol_5a20271167aa3cfd,test,ACYCLIC:COC(=O)CC(C)=O
mol_5a8e0694b8f904a6,test,c1ccc(Nc2ccccc2)cc1
mol_5a9bc0e97cc077a6,test,c1ccc2c(c1)Nc1ccccc1S2
mol_5aa1e1d0fdf4e845,test,C1=CCCCC1
mol_5af9dc43ce425eaa,test,C1=CCCCC1
mol_5b5fb693aefcabce,test,C1=CCCCC1
mol_5bb448bc24b197fa,test,c1ccc(Cc2ccccc2)cc1
mol_5bd5af880d7096b8,test,c1ccc2ccccc2c1
mol_5c02d47ce965bbdc,test,c1ccc(Cc2ccccc2)cc1
mol_5c127711a2c72f35,test,c1ccc(Cc2ccccc2)cc1
mol_5c2d4306fe1e3da2,test,c1c[nH]cn1
mol_5c41b0b7e878eaf5,test,O=c1nn[nH]c2ccccc12
mol_5c4296c9e02fbf6e,test,c1ccc2ccccc2c1
mol_5d0a9f676831c8ca,test,O=C1CCCN1
mol_5d8b2cb75ab35973,test,C1COCCN1
mol_5d99a29e248665ba,test,C1=CC(c2ccccc2)C=CN1
mol_5dde24706f6b21b3,test,O=C1C=CC2C(=C1)CCC1C3CCCC3CCC21
mol_5e30d8a70ca06147,test,O=C1C=CC2C(=C1)CCC1C3CCCC3CCC21
mol_5eada6f9b8580fb1,test,C1=CCCCC1
mol_5ec7fa046c51e2b3,test,c1ccc2ccccc2c1
mol_5ed679d9e097b0d2,test,O=C1CCCN1
mol_5ee447ccf47cda95,test,c1ccsc1
mol_5fae8445db755d6e,test,c1ccc(Cc2ccccc2)cc1
mol_604222919e639010,test,c1c[nH]cn1
mol_6046607238342427,test,C1=CC(c2ccccc2)C=CN1
mol_60dc8c5e293285a9,test,c1c[nH]cn1
mol_60e0f21f84a4a91a,test,O=C1C=CC2C(=C1)CCC1C3CCCC3CCC21
mol_6100837e9c5d44d0,test,c1ccc(Nc2ccccc2)cc1
mol_6110f18f23bcb405,test,C1CCC2C(C1)CCC1C3CCCC3CCC21
mol_613d5023a25a028a,test,c1ccc2ccccc2c1
mol_620d53c46fc661fa,test,c1ccc(N2CCNCC2)cc1
mol_6226b25bcd12d99b,test,O=C1C=CC2C(=C1)CCC1C3CCCC3CCC21
mol_624ca160e1638351,test,C1=CC(c2ccccc2)C=CN1
mol_628d05414bfc827c,test,c1ccc2cc3ccccc3cc2c1
mol_62cef446fe85324f,test,c1ccc2ccccc2c1
mol_62f67169d942b64a,test,c1ccc2ccccc2c1
mol_6303ce3b8e370fc2,test,c1ccc(Cc2ccccc2)cc1
mol_640e1867764f94ca,test,c1ccc2[nH]ccc2c1
mol_64885429dd902348,test,O=C(Nc1ccccc1)c1ccccc1
mol_64a33a12272d3777,test,c1ccc(Cc2ccccc2)cc1
mol_64deb0c55399c8b9,test,c1ccc(Cc2ccccc2)cc1
mol_6550b9551bbc7c6f,test,O=C1C=CC2C(=C1)CCC1C3CCCC3CCC21
mol_6551c6401e382adc,test,c1nnc[nH]1
mol_65698dbdfcd8e491,test,c1ccc(Cc2ccccc2)cc1
mol_65fc41d07642e334,test,c1ccc(Cc2ccccc2)cc1
mol_6600419a8b56c794,test,c1ccc2ccccc2c1
mol_663a1f4641730803,test,c1ccc(Cc2ccccc2)cc1
mol_66594b79d38dcf0e,test,c1ccc(Nc2ccccc2)cc1
mol_665a65efb13e8176,test,c1ccc2c(c1)Cc1ccccc1-2
mol_6687c6375359e096,test,c1ccc(Cc2ccccc2)cc1
mol_677b66517cb8f323,test,c1ccc(Cc2ccccc2)cc1
mol_67dd06261252d785,test,c1c[nH]cn1
mol_680bee5ee6c9f3a9,test,c1ccc2ccccc2c1
mol_68a6a22f2ffb0d5d,test,c1ccc(Nc2ccccc2)cc1
mol_68b456c6708e761b,test,C1=CCCCC1
mol_68e072b0f3bcce36,test,ACYCLIC:FC(F)(F)C(F)(F)C(F)(F)C(F)(F)C(F)(F)C(F)(F)C(F)(F)C(F)(F)Br
mol_69806f649e38321f,test,c1ccc(Cc2ccccc2)cc1
mol_69923c7ef7926132,test,c1ccc2ccccc2c1
mol_6a010f61d3933e3e,test,c1ccc2[nH]ccc2c1
mol_6a16023f577cf017,test,C1=CCCCC1
mol_6aa052f2cebc0952,test,c1ccsc1
mol_6aec959e0250758a,test,c1c[nH+]c[nH]1
mol_6b0b3bce0328c156,test,c1ccc2[nH]ccc2c1
mol_6b311c8fa4138959,test,c1ccc(Cc2ccccc2)cc1
mol_6b51d3cf968347d9,test,c1ccc2scnc2c1
mol_6b7bd74471640e5c,test,C1CCNC1
mol_6b8f33b27cded3f2,test,C1=CC(c2ccccc2)C=CN1
mol_6beca8acdc131f42,test,O=c1ccc2ccccc2o1
mol_6c6343ba4f5db2aa,test,c1ccc(Nc2ccccc2)cc1
mol_6d1fc3958b92f1aa,test,c1ccc2c(c1)Nc1ccccc1S2
mol_6d3e1ebbe2c4991b,test,c1ccc2c(c1)Cc1ccccc1-2
mol_6de4c35ce2541ade,test,O=C(Nc1ccccc1)c1ccccc1
mol_6e798c4981cbec3a,test,c1cscn1
mol_6e86e26de7891e1c,test,c1cc[nH+]cc1
mol_6e8c4fc66324e8f4,test,c1ccc(Nc2ccccc2)cc1
mol_6eb5fa42c1b8774b,test,c1c[nH+]c[nH]1
mol_6eeea66fe563b848,test,c1ccc2ccccc2c1
mol_6f2631351ee8e604,test,O=S(=O)(Nc1cccnn1)c1ccccc1
mol_6f266b2c3f7d35c0,test,c1cscn1
mol_6f92b5eec7f1eb0e,test,c1ncncn1
mol_6f9669b5fe73c479,test,ACYCLIC:COCCl
mol_6fb4cbeebf372106,test,c1ccc2cc3ccccc3cc2c1
mol_70b2d740ed468d9e,test,O=S(=O)(Nc1cccnn1)c1ccccc1
mol_7112f6cc549a2fd2,test,c1cc[nH+]cc1
mol_716710b501e73b9d,test,c1ccc(Cc2ccccc2)cc1
mol_71b7b84717404168,test,c1ccc2cc3ccccc3cc2c1
mol_72618db6f7800ec3,test,c1ccc2ccccc2c1
mol_727aa6152c304978,test,O=C1CC(=O)NC=N1
mol_728f14646abaa50d,test,C=C1CCCCC1=CC=C1CCCC2CCCC12
mol_72c33ba7d712fa9a,test,C1CCOC1
mol_73c26d65a26a0591,test,ACYCLIC:N#CCCC#N
mol_7422375cbe82408a,test,ACYCLIC:COC(C)(C)OC
mol_750a8f0e9c58fe3f,test,c1ccc(Cc2ccccc2)cc1
mol_75851350fc32d696,test,c1ccc(Cc2ccccc2)cc1
mol_75a954d1a4999253,test,O=c1cc(-c2ccccc2)oc2ccccc12
mol_76a3b1f992ce0638,test,C1=CC2CC(C1)C2
mol_771a915b853c026a,test,O=C1CCSSCCNC(=O)C2CCCN2C(=O)C(Cc2c[nH]c3ccccc23)NC(=O)CNC(=O)CNC(=O)CN1
mol_779343e49ed5e0e9,test,O=C(Nc1ccccc1)c1ccccc1
mol_77fd15762f710bb6,test,c1cscn1
mol_785dfc046f748964,test,c1cc[nH+]cc1
mol_788a1039324dbade,test,O=C1C=CC2C(=C1)CCC1C3CCCC3CCC21
mol_78b525e4f431b8fb,test,O=C1C=CC2C(=C1)CCC1C3CCCC3CCC21
mol_78d4812342a7f885,test,C1CCC2OC2C1
mol_794e52631c3700c9,test,N=C1C=C2CCNC2=CC1=O
mol_7a612863ed71112e,test,c1ccc2[nH]ccc2c1
mol_7a96964d15f4925f,test,O=C1C=CC2C(=C1)CCC1C3CCCC3CCC21
mol_7aa2262c615f7be1,test,O=C1C=CCCC1
mol_7af7a992bcfe916e,test,c1c[nH+]c[nH]1
mol_7b5cc670fa201d56,test,O=c1ccc2ccccc2o1
mol_7c17b5f82019d5a1,test,c1ccc(Nc2ccccc2)cc1
mol_7c228b3ecc3dd8c9,test,c1ccc2c(c1)Sc1ccccc1N2CCCN1CCNCC1
mol_7ca6472037999527,test,C1CCOC1
mol_7cc3614ffb8f4e07,test,O=C1CC(=O)NC=N1
mol_7d1fb071c56f4703,test,c1ccc(Oc2ccccc2)cc1
mol_7d9ef88380279b12,test,C(=Cc1ccccc1)c1ccccc1
mol_7e4e289d7d4365b9,test,c1ccc2scnc2c1
mol_7e73d460d7bcba7f,test,c1ccc2ccccc2c1
mol_7e97ae73ba824eed,test,c1ccc(N2CCNCC2)cc1
mol_7ea1ae49d8fe9ef6,test,ACYCLIC:CCS(=O)(=O)C(C)(C)S(=O)(=O)CC
mol_7ec810bcd8db137c,test,c1ccc2scnc2c1
mol_7ec9981a118f873b,test,c1ccc2c(c1)Nc1ccccc1S2
mol_7f540a67637f8fd4,test,c1ccc(Oc2ccccc2)cc1
mol_7f93bcaa2f9fc397,test,c1ccc2ccccc2c1
mol_7fcfa01cc95af34d,test,c1ccc(Cc2ccccc2)cc1
mol_7fe1add6abede682,test,O=C1C=CC(=O)C=C1
mol_8057eb5b450eed1a,test,c1ccc(Oc2ccccc2)cc1
mol_808e1f6f4dda57ca,test,O=C(Nc1ccccc1)c1ccccc1
mol_812ead353fb2ed3e,test,c1ccc2ccccc2c1
mol_819a8821b2532965,test,O=C1C=CC2C(=C1)CCC1C3CCCC3CCC21
mol_819c9dd51a6c2249,test,O=C1C=CC2C(=C1)CCC1C3CCCC3CCC21
mol_8257181278f65a73,test,ACYCLIC:CCN(CC)CCO
mol_827eab27a70bd91d,test,O=C(Nc1ccccc1)c1ccccc1
mol_82801ab33418a16a,test,c1ccc(Cc2ccccc2)cc1
mol_82831c241b25d401,test,c1ccc2c(N=Nc3cccc4ccccc34)cccc2c1
mol_82e96bbd1e4622b5,test,C1=CCCCC1
mol_83204d7da64e16fd,test,c1ccc2ccccc2c1
mol_84111b75782e50ca,test,c1ccc2ccccc2c1
mol_84391bbb8b55b2b7,test,C1CCOC1
mol_84c1a1774fc72d02,test,c1ccc2[nH]ccc2c1
mol_84d19d1217e76c39,test,O=C1C=CC2C(=C1)CCC1C3CCCC3CCC21
mol_852e9f38b4b556aa,test,ACYCLIC:CCCCCCCC/C=C\CCCCCCCC(=O)OC(CO)CO
mol_858b4a8a357db588,test,c1ccc(Cc2ccccc2)cc1
mol_85ed48d831856142,test,O=C1C=CC2C(=C1)CCC1C3CCCC3CCC21
mol_863ed85558a58226,test,O=C(OCc1cccc(Oc2ccccc2)c1)C1CC1
mol_8674242e2096f144,test,C1=CCCCC1
mol_86b59d159a6a0ac7,test,c1ccc(CCc2ccccc2)cc1
mol_86da600f8a3e97fa,test,C1=CC(c2ccccc2)C=CN1
mol_873eff9ff1591b28,test,C1CCC2C(C1)CCC1C3CCCC3CCC21
mol_87a4502b51457cfe,test,O=C1C=CC2C(=C1)CCC1C3CCCC3CCC21
mol_88dc18382d3959a0,test,O=C1C=CC2C(=C1)CCC1C3CCCC3CCC21
mol_895382b9647f1825,test,c1c[nH+]c[nH]1
mol_8a1349cdba107e04,test,C1=NCSC1
mol_8a8babb228839613,test,c1ccc(CCc2ccccc2)cc1
mol_8ba295e140f70550,test,C1=CC(c2ccccc2)C=CN1
mol_8bdb3aea13a16023,test,c1ncncn1
mol_8c8e3d497c7a204a,test,c1ccc2scnc2c1
mol_8cdfcd7b604185b8,test,O=C1C=CC(=O)C=C1
mol_8d385535892e513a,test,c1ccc2c(c1)Cc1ccccc1-2
mol_8d64dd27a4ae730e,test,C1COCCN1
mol_8d7210d44aff7062,test,c1ncncn1
mol_8d7c6b8dc1aa5f35,test,O=C(OCc1cccc(Oc2ccccc2)c1)C1CC1
mol_8dc5cfe9c7caf189,test,O=C1OC(=O)C2C3C=CC(C3)C12
mol_8ecfe81bb3289514,test,O=C1CCCN1
mol_8ed273bc29ab9225,test,c1ccc(CCc2ccccc2)cc1
mol_8f95df0273baa006,test,O=C(Nc1ccccc1)c1ccccc1
mol_8fd5ae884616dce6,test,ACYCLIC:CCCCCCCC(=O)OC
mol_8fe76c56662b20be,test,c1ccc(Cc2ccccc2)cc1
mol_8ff6b55dd7756edc,test,c1ccc(Cc2ccccc2)cc1
mol_90fb0b18746bbeaf,test,c1ccc2cc3ccccc3cc2c1
mol_912c67e7fe932c07,test,c1ccc2scnc2c1
mol_915da7210ac7de39,test,c1c[nH]cn1
mol_9187b3561cd026ae,test,O=c1ccc2ccccc2o1
mol_91a37429a094820b,test,c1ncncn1
mol_920fb92d273fe2fa,test,C1=CC(c2ccccc2)C=CN1
mol_92623ccd36bc322b,test,C1CCOC1
mol_926ce497f4684fba,test,c1ccc(Nc2ccccc2)cc1
mol_92af45ff81a47e75,test,O=C1CC(=O)NC(=O)N1
mol_92f770ab8cf018cf,test,O=C1CCCN1
mol_935aa2abb30a98f8,test,ACYCLIC:C=C(C)C(=O)OCC(C)(C)COC(=O)C(=C)C
mol_93cfaaad90f599aa,test,O=C1OC(=O)C2C3C=CC(C3)C12
mol_9473d6034ecb268a,test,C1=CCCCC1
mol_9496036b810605dc,test,O=C1C=CC2C(=C1)CCC1C3CCCC3CCC21
mol_95acae176c8dc307,test,c1c[nH]cn1
mol_95b6a23a7b6a1660,test,c1ccc2c(c1)Nc1ccccc1S2
mol_9616dceee5373672,test,c1ccc2c(c1)Cc1ccccc1-2
mol_967d6088643c908b,test,ACYCLIC:CCC(C)(C)CC
mol_96e48e9683c55e72,test,c1ccc2ccccc2c1
mol_973eca13038c374e,test,c1ccc2[nH]ccc2c1
mol_97477cdb2a856f7a,test,c1ccc2[nH]ccc2c1
mol_9777cc86ffbb1e39,test,c1ccc(Oc2ccccc2)cc1
mol_97e617f9d152ebd2,test,c1ccc(N2CCNCC2)cc1
mol_983ddad78e5c901c,test,O=C1C=CC2C(=C1)CCC1C3CCCC3CCC21
mol_98afba486da20200,test,c1ccc2ccccc2c1
mol_98c90c7e65fad889,test,O=C1CCCO1
mol_993366bce4e17d09,test,c1ccc(Nc2ccccc2)cc1
mol_9964cb9e111b85c2,test,C1COCCN1
mol_99a00c6e2fba83ca,test,c1ccc(Nc2ccccc2)cc1
mol_99ca11a435c0907a,test,c1ccc(Cc2ccccc2)cc1
mol_9a20edc3c8f19e0c,test,c1ccc(Oc2ccccc2)cc1
mol_9ad39213023c715a,test,O=C(Nc1ccccc1)c1ccccc1
mol_9ad410f6f2f36159,test,c1cc[nH+]cc1
mol_9affd80d02f471ac,test,c1ccc(Oc2ccccc2)cc1
mol_9b1aa968a6152479,test,C1CCOC1
mol_9b975e5e3d42a4c0,test,O=C1C=CC2C(=C1)CCC1C3CCCC3CCC21
mol_9ba2f246b2153c47,test,c1ccc(Oc2ccccc2)cc1
mol_9c529de7d8a3579c,test,c1ccc(Cc2ccccc2)cc1
mol_9cbfda3221f5c68a,test,c1ccc(Oc2ccccc2)cc1
mol_9d2572bc5650ae5e,test,c1ccc2c(c1)Sc1ccccc1N2CCCN1CCNCC1
mol_9ddbb6ff651bae7f,test,c1ccc(Oc2ccccc2)cc1
mol_9de0e07bec348f10,test,c1ccc2cc3ccccc3cc2c1
mol_9df475ba1374a0ca,test,O=C1C=CC2C(=C1)CCC1C3CCCC3CCC21
mol_9e258000d96cef27,test,O=C1C=CCCC1
mol_9e880af81be4b6a6,test,c1ccc2ccccc2c1
mol_9eeb33ff8973aba6,test,c1c[nH+]c[nH]1
mol_9f4b1d6f4d2415dc,test,c1c[nH+]c[nH]1
mol_9f4bd91f2acb0a65,test,c1ccc(Nc2ccccc2)cc1
mol_9f4ea2ee96ba096a,test,O=C(Nc1ccccc1)c1ccccc1
mol_a009a75deca1a66b,test,C1CCC2C(C1)CCC1C3CCCC3CCC21
mol_a056dfed253e125b,test,O=C1C=CC2C(=C1)CCC1C3CCCC3CCC21
mol_a0dd1fbc5a0a6ffd,test,ACYCLIC:N#CCCNCCC#N
mol_a10c7dfd7d7e9657,test,O=C(Nc1ccccc1)c1ccccc1
mol_a12c83b0c8ca07f8,test,c1cc[nH+]cc1
mol_a174d0b28b55e9db,test,c1cscn1
mol_a1e5d57146bbb6c4,test,c1ccc2c(c1)Sc1ccccc1N2CCCN1CCNCC1
mol_a1f707f82387b083,test,ACYCLIC:CC(C)=CCCC(C)CCO
mol_a214e882a0e9628e,test,C1=CCCCC1
mol_a27c2efb7f19d1ba,test,O=C1CNC(=O)N1
mol_a2ebe9960467a099,test,C1CCNC1
mol_a2f78b58ab2c0bd5,test,c1ccc(Oc2ccccc2)cc1
mol_a3014eeaa35f1b63,test,c1ccc(Nc2ccccc2)cc1
mol_a328bdd5ee01ae91,test,c1ccc2ccccc2c1
mol_a43719c8140f5fe7,test,c1ccc2c(c1)Nc1ccccc1S2
mol_a4e47a389b288e9b,test,c1ccc(Cc2ccccc2)cc1
mol_a4ed6f763b6dbd7e,test,C(=Cc1ccccc1)c1ccccc1
mol_a4f9cc7ed28069de,test,c1ccc2c(c1)Sc1ccccc1N2CCCN1CCNCC1
mol_a507499dcc224b1a,test,O=C1C=CCCC1
mol_a53dc6740a3c8e3c,test,ACYCLIC:CCCCN(CCCCO)N=O
mol_a591637887e0025b,test,c1ncncn1
mol_a6713dbe85d9dee7,test,c1ccc(Oc2ccccc2)cc1
mol_a6ddc5f17014dc0f,test,c1ccc2c(c1)Cc1ccccc1-2
mol_a76addba649d06c5,test,O=C1CCCN1
mol_a7c6814c37123a0a,test,O=C(Nc1ccccc1)c1ccccc1
mol_a7c98a9261363ed0,test,O=C1CC(=O)NC(=O)N1
mol_a82ab7e906b02e6c,test,c1ccc2ccccc2c1
mol_a896d495b04a450b,test,c1ccc2ccccc2c1
mol_a9132a167554e793,test,c1c[nH]cn1
mol_a9890075c0af3050,test,c1ccc(Cc2ccccc2)cc1
mol_a98ee7e7ff071f88,test,c1ccc(Cc2ccccc2)cc1
mol_a9dc248f97ce6a2e,test,c1c[nH+]c[nH]1
mol_a9f4897de056a826,test,c1ccc2[nH]ccc2c1
mol_aae441076017776b,test,O=C1CC(=O)NC(=O)N1
mol_aaf3025934d6694a,test,c1ccc2ccccc2c1
mol_ab072588670156c0,test,O=C1C=CC2C(=C1)CCC1C3CCCC3CCC21
mol_ab3b6925b1179e1e,test,c1ccc2cc3ccccc3cc2c1
mol_ab52baeef953c54e,test,c1c[nH+]c[nH]1
mol_ab53972a2bf1bcf3,test,c1ncncn1
mol_abf426e92067bcdd,test,O=C1CCCO1
mol_ad32ba01ee49567d,test,c1ccc2cc3ccccc3cc2c1
mol_ad50c8282305add9,test,c1ccc(N2CCNCC2)cc1
mol_ad87086efc8e887e,test,O=C1CC(=O)NC(=O)N1
mol_adfb3f3ea1120fa9,test,c1ccc(Cc2ccccc2)cc1
mol_ae379afdb25bd226,test,c1ccc2[nH]ccc2c1
mol_ae3fe82c7152a14b,test,O=C1CCCN1
mol_ae619d79b9d86dee,test,O=C1CNC(=O)N1
mol_ae9706a5e2c3920a,test,c1ccc(Nc2ccccc2)cc1
mol_af531569f4f58f77,test,ACYCLIC:CCCCCCCOC(=O)CCC
mol_af8adebdd3a08b41,test,O=C(Nc1ccccc1)c1ccccc1
mol_afc91475f63fafb5,test,c1ccc2ccccc2c1
mol_b0818422dc5b5f9e,test,O=C1C=CCCC1
mol_b23bd310654343a9,test,O=C(OCc1cccc(Oc2ccccc2)c1)C1CC1
mol_b28705748bb84366,test,c1cc[nH+]cc1
mol_b28b4cedd6f6e4fb,test,c1ccc2cc3ccccc3cc2c1
mol_b2a02ad4ea5295cb,test,O=C1CCCO1
mol_b2a989a03b5c3751,test,c1ccc2ccccc2c1
mol_b2bace2633f5fbf0,test,ACYCLIC:CC(C)CC(O)CC(C)C
mol_b337b0f5fa5bf9f8,test,c1ccc2ccccc2c1
mol_b37e7efa792b3b8b,test,C1COCCN1
mol_b3851df9d69a4b28,test,O=C1CCCN1
mol_b3e361d587f54eaa,test,c1ccc(Nc2ccccc2)cc1
mol_b4518f61796109bc,test,c1ccc(Oc2ccccc2)cc1
mol_b50ec532dcd59609,test,ACYCLIC:CCCCCCCCCCCCCC(=O)OC(C)C
mol_b573dab2ad092d52,test,O=c1ccc2ccccc2o1
mol_b62e7c70b17a120d,test,c1ncncn1
mol_b646c3736ff5b11f,test,c1ccc(Cc2ccccc2)cc1
mol_b66459934f5276fb,test,O=c1ccc2ccccc2o1
mol_b6f65a4551bfdcd1,test,O=C(Nc1ccccc1)c1ccccc1
mol_b6f68a1d30cf15d2,test,ACYCLIC:C=CC(=O)OCCCCCCCC
mol_b6fe2421c1b0dfc9,test,C1=CCCCC1
mol_b72cccfd9cc11d37,test,c1ncncn1
mol_b751787a3f2c0d1f,test,C1=CC(c2ccccc2)C=CN1
mol_b7e9958b3f530ca2,test,c1ccc(Cc2ccccc2)cc1
mol_b851dba1c19f570b,test,c1ccc(Oc2ccccc2)cc1
mol_b96f1c53e0906b64,test,c1c[nH]cn1
mol_b97dcc3526d02268,test,c1ccc(CCc2ccccc2)cc1
mol_b9a0bf3fefbfdecd,test,c1ccc2c(c1)Cc1ccccc1-2
mol_ba6bfba081ee4dfe,test,O=C1CCCO1
mol_ba88ae3ae1972b13,test,C=C1CCCCC1=CC=C1CCCC2CCCC12
mol_baf43a06cf72579c,test,O=C1CC(=O)NC=N1
mol_bb69b67fa1c8b867,test,O=C(Nc1ccccc1)c1ccccc1
mol_bb7e16201de45ca3,test,c1ccc(Cc2ccccc2)cc1
mol_bb87cd06f88bf4cd,test,ACYCLIC:CC(=O)CC(=O)N(C)C
mol_bbd5ca205169ee76,test,c1ccc(Cc2ccccc2)cc1
mol_bc402546efaffec3,test,c1ccsc1
mol_bc5e1e0d91cdd822,test,c1ccc2ccccc2c1
mol_bca46ead5ad1e51c,test,c1ccc(Cc2ccccc2)cc1
mol_bcadd9c4da3dc0e7,test,c1ccc2c(c1)Nc1ccccc1S2
mol_bce5f4a412d352bd,test,c1cc[nH+]cc1
mol_bd54e7a8044f964a,test,c1ccc2c(c1)Nc1ccccc1S2
mol_be64dd2a711546b3,test,O=C1C=CC(=O)C=C1
mol_bec7a43624727a0b,test,c1cc[nH+]cc1
mol_bf0b7f58151c6718,test,O=c1cc(-c2ccccc2)oc2ccccc12
mol_bf2597ccc809c116,test,c1ccc(Oc2ccccc2)cc1
mol_bf2f5e1ab1a9e51f,test,O=C(OCc1cccc(Oc2ccccc2)c1)C1CC1
mol_bf5b78ecd6540ef5,test,c1ccc2ccccc2c1
mol_c0933f9f782cfd11,test,c1c[nH]cn1
mol_c0db04e20a0b3cfb,test,c1ccc(Nc2ccccc2)cc1
mol_c0e54fbd3831cab1,test,C1COCCN1
mol_c116d02c14d94113,test,c1ccc(Cc2ccccc2)cc1
mol_c1751d071441d33c,test,O=C1CNC(=O)N1
mol_c1ca60a25684c5a9,test,c1ccc(Cc2ccccc2)cc1
mol_c1f6148198cb7fe1,test,c1ccc2scnc2c1
mol_c2046e035b5cf923,test,O=C1C=CC2C(=C1)CCC1C3CCCC3CCC21
mol_c3842f61fc8defb9,test,c1ccc(Cc2ccccc2)cc1
mol_c4d0a0f4a6acaf23,test,C1=CCCCC1
mol_c5a12d6bae0f8952,test,O=C(Nc1ccccc1)c1ccccc1
mol_c5cbe640955eb442,test,O=C1C=CC2C(=C1)CCC1C3CCCC3CCC21
mol_c5e5008809fcdc4e,test,c1ccc(Nc2ccccc2)cc1
mol_c60a7e4a016ee82a,test,c1ccc2[nH]ccc2c1
mol_c676475ba2ab1100,test,c1ccc(Oc2ccccc2)cc1
mol_c69dec033446b4d0,test,c1c[nH]cn1
mol_c6eda03482ebcff0,test,c1ccc(Cc2ccccc2)cc1
mol_c711596f7b721941,test,c1ccc2c(c1)Nc1ccccc1S2
mol_c80b42becb0dcc28,test,c1ccc2scnc2c1
mol_c83fad367e0a793d,test,c1ccc2ccccc2c1
mol_c83fe2575b52094e,test,c1ccc2ccccc2c1
mol_c8771a2e61343643,test,N=C1C=C2CCNC2=CC1=O
mol_c8af6476779665eb,test,c1cc[nH+]cc1
mol_c8b0fd24e3e9e489,test,O=c1ccc2ccccc2o1
mol_c8cd46b5538fd5b1,test,C1COCCN1
mol_c8d04e37baf052e0,test,c1ccc(Cc2ccccc2)cc1
mol_c8fd8cf775c617d1,test,C1=CCCCC1
mol_c942138fbef7c3fe,test,c1ccc(Cc2ccccc2)cc1
mol_c9459201e6c975ba,test,O=C1CCCN1
mol_ca597d2b3057f774,test,C1CCOC1
mol_ca83bd1e52ca1b4d,test,C1CCOC1
mol_cab4c838e652d9a1,test,c1c[nH+]c[nH]1
mol_cb317d5492ee8e33,test,c1ncncn1
mol_cb868649f37e42f3,test,c1ccc(Cc2ccccc2)cc1
mol_cbd44592200e5ebd,test,c1ccc2ccccc2c1
mol_cbd97f4ce82d80a4,test,c1ccc2ccccc2c1
mol_cbf5aa0e7ba45740,test,C1CCNC1
mol_cc00b4ae73c114aa,test,c1ccc(Oc2ccccc2)cc1
mol_cc8f1d4f4224bb98,test,c1ncncn1
mol_cc916e3c164fca3f,test,c1ccc2c(c1)Sc1ccccc1N2CCCN1CCNCC1
mol_cc931a087cfcf7f2,test,O=c1ccc2ccccc2o1
mol_ccc0d2bb94241a82,test,O=C1CC(=O)NC(=O)N1
mol_cd360ceaebbe882a,test,C1CCNC1
mol_cd9920599c551bab,test,c1ccc(Cc2ccccc2)cc1
mol_ce1125d3f245f791,test,c1c[nH+]c[nH]1
mol_ce13bab3154fe258,test,ACYCLIC:CCCOC(=O)NCCCN(C)C
mol_ce56cc83b52a65d6,test,C1COCCN1
mol_ce6cfb53d72bb2e0,test,c1ccc2ccccc2c1
mol_ce853521df945af8,test,C1=CC(c2ccccc2)C=CN1
mol_cec74ca4dd028d56,test,O=C1CCCO1
mol_cf1099de352bc992,test,O=C1C=CCCC1
mol_cf518cdeb538ad51,test,O=C1C=CC2C(=C1)CCC1C3CCCC3CCC21
mol_cf685c8a5a6d67ab,test,ACYCLIC:CC/C=C\CCCCO
mol_cfad5bc1fc79be06,test,c1ncncn1
mol_cfbfc6b5f7b72234,test,c1ccc2c(c1)Sc1ccccc1N2CCCN1CCNCC1
mol_cff874d49fb13243,test,O=C1CNC(=O)N1
mol_d0168df8af588a66,test,c1ccc2[nH]ccc2c1
mol_d0d25081c935d84d,test,ACYCLIC:FCOC(C(F)(F)F)C(F)(F)F
mol_d146b0b0fcce1a0a,test,c1cc[nH+]cc1
mol_d1743603f1f59292,test,C(=Cc1ccccc1)c1ccccc1
mol_d17663f438b47300,test,ACYCLIC:O=C(O)[C@H](O)[C@@H](O)C(=O)O
mol_d19090d43acaa699,test,ACYCLIC:BrCBr
mol_d222500822808fff,test,C1=CC(c2ccccc2)C=CN1
mol_d24461ce8d69ea64,test,c1ccc2ccccc2c1
mol_d2625ba768595350,test,c1cscn1
mol_d2983c164bb8d457,test,O=C1C=CC2C(=C1)CCC1C3CCCC3CCC21
mol_d30dbd3a7550cb18,test,O=S(=O)(Nc1nc2ccncn2n1)c1ccccc1
mol_d365ea3d05e796bb,test,O=C1CNC(=O)N1
mol_d3e38781ae95d587,test,C1CCNC1
mol_d401e5cbd6876549,test,C1=CCCCC1
mol_d4adf7552f483d90,test,c1c[nH]cn1
mol_d4e3a659f6c2b82c,test,c1ccc(Cc2ccccc2)cc1
mol_d527370358932e4f,test,C(=Cc1ccccc1)c1ccccc1
mol_d53fb115a1e5f9d2,test,c1ccc2c(c1)Nc1ccccc1S2
mol_d5fec301fbc20fa8,test,c1ccc(Cc2ccccc2)cc1
mol_d623983f645f5653,test,C1CCC2C(C1)CCC1C3CCCC3CCC21
mol_d659260a56b713ce,test,c1ccc2ccccc2c1
mol_d6f383c318226630,test,C1CCC2C(C1)CCC1C3CCCC3CCC21
mol_d756ed7df9f0c30b,test,c1ccc(Oc2ccccc2)cc1
mol_d7bb100b76ae6a28,test,c1ccc(Cc2ccccc2)cc1
mol_d7fd9b3b544e481c,test,c1ccc(Oc2ccccc2)cc1
mol_d93198a79519c710,test,c1ccc(Cc2ccccc2)cc1
mol_d968af3b7b182b7e,test,c1cc[nH+]cc1
mol_d971a6ede8a2c9bc,test,c1ccc2scnc2c1
mol_d98fc09cf98f57d1,test,O=C1C=CC2C(=C1)CCC1C3CCCC3CCC21
mol_d9bbd88a32ae5d8d,test,O=S(=O)(Nc1cccnn1)c1ccccc1
mol_d9d395de9199aef1,test,c1ccc(CCc2ccccc2)cc1
mol_d9f78c491c63967c,test,c1ccc(Cc2ccccc2)cc1
mol_da1651b165e5aa57,test,c1cscn1
mol_da91d9a2b8ff0f36,test,c1ccc(Oc2ccccc2)cc1
mol_dabac680e3c3e0bc,test,c1ccc(Oc2ccccc2)cc1
mol_db0f1a12fcbc34e7,test,c1ccc(Oc2ccccc2)cc1
mol_db2e85d9a8c05c87,test,c1ccc2[nH]ccc2c1
mol_db7636f8f4c2b5f8,test,c1ncncn1
mol_dbb2a0bd989c47b8,test,c1ccc2ccccc2c1
mol_dbd8782f99217d7a,test,c1ccc(Cc2ccccc2)cc1
mol_dce251ab7a47fbe1,test,c1cscn1
mol_dd8d6c92c954c70a,test,c1ccc2ccccc2c1
mol_ddf36abd1d95ec25,test,C1=CCCCC1
mol_ddfc85e6d722755c,test,c1ccc2[nH]ccc2c1
mol_de3612fc0f969c21,test,C=C1CCCCC1=CC=C1CCCC2CCCC12
mol_de4af25b1ec0abd8,test,c1ccc(Cc2ccccc2)cc1
mol_de524d3432b37a39,test,O=C1CCCN1
mol_deca2b49caa8178e,test,c1c[nH+]c[nH]1
mol_df02fdfa2eec7988,test,O=C1C=CC2C(=C1)CCC1C3CCCC3CCC21
mol_df4c8fc534a2c028,test,c1ccc(Oc2ccccc2)cc1
mol_df7f1a1dc13f4a88,test,c1ccsc1
mol_e01f981a94dacf38,test,C=C1CCCCC1=CC=C1CCCC2CCCC12
mol_e0430bc5228ce873,test,O=C1C=CCCC1
mol_e09df78773d47ba5,test,c1ccc2ccccc2c1
mol_e16d602c9c76a63a,test,c1ccc(Cc2ccccc2)cc1
mol_e17101ab52b477a8,test,O=C(Nc1ccccc1)c1ccccc1
mol_e1e51cabcc433bfc,test,c1ccc(Nc2ccccc2)cc1
mol_e1e97b88ebd2748b,test,C1=CC2CC(C1)C2
mol_e1fe71a5267433ad,test,c1cscn1
mol_e21377ebf6551a42,test,c1ccc(Oc2ccccc2)cc1
mol_e25b55d6c4f31873,test,O=C1C=CC2C(=C1)CCC1C3CCCC3CCC21
mol_e3ae8eb7890a8744,test,c1ccc(Cc2ccccc2)cc1
mol_e3c4cb05449409b5,test,C1COCCN1
mol_e3d027c2c1486dc8,test,C1=CCCCC1
mol_e5bf398d67049cee,test,O=C1C=CC(=O)C=C1
mol_e5bf7e76effffa2e,test,c1ccsc1
mol_e6008ac24d413469,test,c1ccc2c(c1)Nc1ccccc1S2
mol_e60cdebd3f449baf,test,c1cscn1
mol_e6335a19c2f64bc9,test,c1ccc(CCc2ccccc2)cc1
mol_e65f5bb7d6337f0d,test,c1ccc2[nH]ccc2c1
mol_e6778347d267b024,test,c1ccc(Cc2ccccc2)cc1
mol_e6e5daf30ef99f01,test,c1ccc2[nH]ccc2c1
mol_e6f9aed28fa4a315,test,c1ccc(N2CCNCC2)cc1
mol_e8871232cad877ca,test,c1ccc(Oc2ccccc2)cc1
mol_e9583f0452f8f468,test,ACYCLIC:S=C=S
mol_e959259141373ef7,test,c1cc[nH+]cc1
mol_ea5d1f11a02ad78e,test,O=C1C=CC2C(=C1)CCC1C3CCCC3CCC21
mol_ea6ab86c57fca457,test,ACYCLIC:C=CCS(=O)(=O)O
mol_eab024857cc135ee,test,O=C1CCCN1
mol_eb427f4cebf76958,test,c1ccc2ccccc2c1
mol_eb6249ed118ce0a5,test,c1ccc2c(c1)Cc1ccccc1-2
mol_ec4bc4de3bd635f4,test,c1ccc2ccccc2c1
mol_ed213fb78b2c22f1,test,O=C1C=COC1c1ccccc1
mol_ed2aa3550ee4ba5a,test,c1ccc2ccccc2c1
mol_ed2b685669f29bd5,test,c1ncncn1
mol_edbc73372d2cd7f9,test,c1ccc2scnc2c1
mol_ee246308881cd6e8,test,O=C1CNC(=O)N1
mol_ee2f222c864a3340,test,ACYCLIC:C[N+](C)(C)CCO
mol_ef238ff6c9e68913,test,c1ccc(Cc2ccccc2)cc1
mol_ef3ecf7ffcdef2a9,test,c1ncncn1
mol_ef641e86ae8de541,test,C1=CCCCC1
mol_ef6f627dd97db6b5,test,C1CCOC1
mol_ef7964f3ce042b4a,test,c1ccc2ccccc2c1
mol_efba748c4a1342f5,test,c1cscn1
mol_f01415f401ee5630,test,c1ccc(Cc2ccccc2)cc1
mol_f01d5eea6944d14f,test,c1ccc2ccccc2c1
mol_f0b5ad152e990a6b,test,O=C1CNC(=O)N1
mol_f0e12e5ab9925163,test,C(=Cc1ccccc1)c1ccccc1
mol_f165174b6fd69c49,test,O=C1C=CC2C(=C1)CCC1C3CCCC3CCC21
mol_f1ae4726f1c07781,test,C1CCOC1
mol_f236d6fae6bb0c8f,test,O=c1ccc2ccccc2o1
mol_f2447e89b8c330ae,test,c1ccc2ccccc2c1
mol_f285bcca6fa78526,test,O=C1CCCO1
mol_f2e394232156ef1f,test,C1COCCN1
mol_f39a5880b8357a60,test,C1=CCCCC1
mol_f475c21ac1035c46,test,c1cc[nH+]cc1
mol_f4b12b8e4f27e5b6,test,c1ccc2ccccc2c1
mol_f539f69ccede25ac,test,c1ccc(Oc2ccccc2)cc1
mol_f5914e415514556f,test,O=C1C=CC2C(=C1)CCC1C3CCCC3CCC21
mol_f5ae25877b8f9365,test,O=C1C=CC(=O)C=C1
mol_f5deacbf33358055,test,C1=CCCCC1
mol_f6737fcbc86bb922,test,O=c1ccc2ccccc2o1
mol_f676c131e98119a9,test,O=C1CCCO1
mol_f6c60418c6e09493,test,c1ccc(Cc2ccccc2)cc1
mol_f6efc1f8e3b49aa5,test,c1ccc(Cc2ccccc2)cc1
mol_f7412146bf67764c,test,ACYCLIC:CCCCNC(=O)NCCCC
mol_f75a15479722f860,test,c1cscn1
mol_f773a2297c91c786,test,C1CCC2C(C1)CCC1C3CCCC3CCC21
mol_f7ff2dab57638f8e,test,O=C1CC(=O)NC(=O)N1
mol_f80dacd698738f37,test,c1ccc2[nH]ccc2c1
mol_f818b0413114e1d9,test,O=C1CCCO1
mol_f81aac48bdcd447f,test,C1CCC2C(C1)CCC1C3CCCC3CCC21
mol_f83a98098e1360b0,test,c1ncncn1
mol_f846be0ea5f3f270,test,O=C1CCCN1C1CCOc2ccccc21
mol_f89527be40a74e4a,test,c1ccc(Nc2ccccc2)cc1
mol_f90a47ddcf02144b,test,c1ccc2scnc2c1
mol_f94a91089b89a156,test,O=C1C=CC2C(=C1)CCC1C3CCCC3CCC21
mol_f94ced1943d4ee5e,test,c1ccc2c(c1)Cc1ccccc1-2
mol_fa1c4aa7626d0629,test,c1ccc(Nc2ccccc2)cc1
mol_fa30c1321fe2f9d8,test,ACYCLIC:C=CCNCC=C
mol_fa502864d3f84fec,test,C(=Cc1ccccc1)c1ccccc1
mol_fb7798f75f8e7a9d,test,O=C1CCCN1
mol_fc16bbb781f3ef29,test,O=C1CNC(=O)N1
mol_fc4c2ebf3e117ba0,test,C(=Cc1ccccc1)c1ccccc1
mol_fc4eb389e97dcedc,test,c1ccc2c(c1)Cc1ccccc1-2
mol_fd047bcd77d5460f,test,c1ccc(Oc2ccccc2)cc1
mol_fd1ab8a808f3c010,test,C1CCNC1
mol_fd7d50d3e19d51b1,test,C1=CCCCC1
mol_fdb10e6b0c4171d1,test,O=c1cc(-c2ccccc2)oc2ccccc12
mol_fee8c90207ae7308,test,C1=CCCCC1
mol_ff9893fbe5d96fa3,test,c1c[nH]cn1
mol_ffc7cb155dc29aae,test,c1ccc(Cc2ccccc2)cc1
mol_001782af0f12eed3,train,ACYCLIC:O=S(=O)(O)OOS(=O)(=O)O
mol_0026890506bc5d25,train,c1ccc(C2CO2)cc1
mol_0029fff93fb64faf,train,ACYCLIC:CCOP(=S)(OCC)OP(=S)(OCC)OCC
mol_004466566c56ad1c,train,c1ccccc1
mol_0046c1925fd5e4dd,train,ACYCLIC:CCCCCCCCCCCCOCCO
mol_005378c4bb6e9230,train,ACYCLIC:C=CC(=O)OCCCC
mol_007eaf67c603e338,train,ACYCLIC:O=C(O)CN(CCOCCOCCN(CC(=O)O)CC(=O)O)CC(=O)O
mol_008ec77666f9a67a,train,O=C(Nc1ccc2c(c1)CCCC2)c1ccccc1
mol_0093a75c12855444,train,c1ccccc1
mol_0094efa2a0ab0d76,train,c1ccccc1
mol_00afbb87cc755a4b,train,c1ccccc1
mol_00c0ff08147b7497,train,c1ccccc1
mol_00d461195d46fe69,train,ACYCLIC:CCCCOCCO
mol_00dce3b50f702d44,train,O=C(OCc1ccccc1)c1ccccc1
mol_00ed3a979111b18d,train,c1cc(SSc2ccoc2)co1
mol_00f180659e5a7e74,train,ACYCLIC:[N-]=[N+]=[N-]
mol_00f57b5a872a792a,train,O=C(NS(=O)(=O)c1ccccc1)c1ccccc1
mol_00f7588c19f33692,train,O=C1NC(=O)C2C3C=CC(C3)C12
mol_010de4da9e7e3f71,train,c1ccccc1
mol_011d2d551d47f2d6,train,c1ccccc1
mol_01227623634752c3,train,O=c1cc[nH]cc1
mol_01245e24bee26e80,train,C1CNCCNCCNCCN1
mol_012cd19ac4fdbdfc,train,ACYCLIC:CC(C)(N)C#N
mol_0135ba1c2d971449,train,C1=NOC(c2ccccc2)(c2ccccc2)C1
mol_01412bfed62d8d70,train,ACYCLIC:N[C@@H](CCC(=O)O)C(=O)O
mol_014fb2adf5362b93,train,ACYCLIC:CCCCCCCCCCCCSC
mol_0153e7a7aaf37eb8,train,c1ccccc1
mol_016af4d7ef2e7cfb,train,O=C(NCC[NH2+]Cc1ccccc1)C(=O)NCC[NH2+]Cc1ccccc1
mol_016b018074bf7ef1,train,c1ccccc1
mol_017ae6d633414795,train,c1ccccc1
mol_01a36363021b5fba,train,ACYCLIC:CCCCCCCCCCCCCOS(=O)(=O)O
mol_01a56359ec816cda,train,O=c1ncccn1C1COCO1
mol_01affab0e63168cb,train,C1=Cc2ccccc2Cc2ccccc21
mol_01e35897bcf86c19,train,c1ccc(Nc2ncnc3cc(OCCCN4CCOCC4)ccc23)cc1
mol_01ecdf92dc57daf6,train,ACYCLIC:O=[Se]=O
mol_01f4860b66e6fe03,train,c1ccccc1
mol_0207bcc9f4cdbc00,train,ACYCLIC:CCCCCCOCCOCCO
mol_020d82e8ce9e3a8f,train,N=C1SCCS1
mol_0227108a6012bf89,train,O=C1CNC(=O)C(Cc2ccccc2)NC(=O)C(Cc2ccccc2)NC(=O)CCSSCC(C(=O)N2CCCC2)NC(=O)CN1
mol_022e5a54c4853dca,train,ACYCLIC:C=CC(C)(O)CCCC(C)CCCC(C)CCCC(C)C
mol_022e8df2cc82ff55,train,C1CCCNCC1
mol_02395381a9fae94e,train,ACYCLIC:CCOC(=O)CCC(C)=O
mol_0244428d04c7731e,train,O=C1CC2(CCCC2)CC(=O)N1
mol_025fe9f06b10ea5a,train,c1ccccc1
mol_0296cb2f118bfe15,train,O=c1occ(CN2CCN(c3ccc4c(=O)cc5n(c4c3)CS5)CC2)o1
mol_029703f69f65b8b8,train,O=C(NC1N=C(c2ccccc2)c2cccc3c2N(CC3)C1=O)c1cc2ccccc2[nH]1
mol_029e50c0dd5ba9f9,train,O=C1NCCN1c1nccs1
mol_02a51397752e469f,train,ACYCLIC:CC(C)=CCCC(C)CC=O
mol_02a8dd3c9491e916,train,c1ccc(OCCNCCCOc2cccc3[nH]c4ccccc4c23)cc1
mol_02c7e950e749bec2,train,c1ccc2c(c1)ccc[n+]2CCCCCCCCCC[n+]1cccc2ccccc21
mol_02dfbeb0570c184d,train,c1ccccc1
mol_02e516f5a6f36c57,train,O=c1[nH][nH]c2ccccc12
mol_02fd638fd1395c5d,train,c1ccc(-c2nc(-c3ccc[nH]3)sc2-c2ccccc2)cc1
mol_03100de6d731a329,train,c1ccc(C2(Cn3cncn3)OCCO2)cc1
mol_0327e5fb52b4901a,train,C1=NC(c2ccccc2)CN1
mol_03399ba4a8b39d08,train,c1ccccc1
mol_0340122706e40b45,train,ACYCLIC:CC(=O)NC(CCC(N)=O)C(=O)O
mol_035e4c0417a1b9db,train,c1ccccc1
mol_0364a80a6bec924a,train,O=C1CCC23CCCCCC(CCC2)C13
mol_0372c124bb454931,train,ACYCLIC:CCCCCCCCCBr
mol_0373fc7447da0498,train,c1ccc(C(c2ccccc2)N2CCNCC2)cc1
mol_0374c682c6ffe3d6,train,O=C(CCCN1CCN(c2ccccc2)CC1)c1ccccc1
mol_037b314f746bc12c,train,O=C1CCCc2ccccc21
mol_03817a0487a47c8d,train,c1ccccc1
mol_038d2da12cd7347b,train,c1ccc(CNC2CCCNC2c2ccccc2)cc1
mol_038fe59d5ce46a63,train,ACYCLIC:CCBr
mol_03946130fec25501,train,c1ccccc1
mol_0395cc5436faeb38,train,O=C1Cc2ccccc2Nc2ccccc21
mol_0399c1887fd9a4cc,train,ACYCLIC:CC(=O)N[C@@H](C=O)[C@H](O)[C@H](O)[C@@H](O)CO
mol_03a1b10ca897a9ad,train,ACYCLIC:O=C(O)CNCC(=O)O
mol_03aac39ec76c7202,train,c1ccccc1
mol_03b318291766bb54,train,c1ccc(SSc2cccc[nH+]2)[nH+]c1
mol_03c22ddfbd09877f,train,O=c1oc2ccccc2c2oc3ccccc3c12
mol_03c5f1943a551c59,train,c1ccccc1
mol_03e5c1a433ca1502,train,c1cnc(-n2cccn2)nc1
mol_03f3896970d458ee,train,ACYCLIC:C/C=C(\C)C(=O)OCC/C=C\CC
mol_0419eee655c0be9c,train,c1ccccc1
mol_041cd5da6b8910c8,train,c1ccccc1
mol_043b92e2cb3be3b5,train,O=C(Nc1ccccc1)c1ccco1
mol_0441d6fbab032db8,train,C1CCC(CC2CCCC3(CCC(C4CCC(C5OC(C6CCCCO6)CC5OC5CCCCO5)O4)O3)O2)OC1
mol_04502adc51a5e97a,train,O=C(NCCc1ccccc1)c1ccccc1
mol_045f2339001605c6,train,ACYCLIC:CS/C(C)=N/OC(=O)N(C)SN(C)C(=O)O/N=C(\C)SC
mol_046ec19d6564df71,train,O=S(=O)(Nc1ccncn1)c1ccccc1
mol_0476847a2b8019f5,train,c1ccccc1
mol_047aaa859de4a39a,train,ACYCLIC:CNC
mol_047cc7df05701da4,train,ACYCLIC:CCO[Si](C)(OCC)OCC
mol_0497d3d3979ea849,train,c1ccccc1
mol_04a03f058eccd278,train,ACYCLIC:CCC#N
mol_04a3a4caaccb8d22,train,ACYCLIC:CCCCCCCCCCCCCC[N+](C)(C)C
mol_04a41865b6262954,train,ACYCLIC:O=P(O)(O)C(Cl)(Cl)P(=O)(O)O
mol_04b997df6c8deff2,train,[N+]=C1C=CC(=C(c2ccccc2)c2ccccc2)C=C1
mol_04cdf796720efca2,train,O=[PH](Sc1ccccc1)Sc1ccccc1
mol_04dc25ee088f919d,train,O=C(Nc1ccccc1)C1CCCCC1
mol_04e5b05f05c8a6d3,train,ACYCLIC:COC(=O)/C=C(\C)OP(=O)(OC)OC
mol_04f6fc32a3d270c8,train,ACYCLIC:ClC(Cl)(Cl)Br
mol_0513028480b251ca,train,c1ccccc1
mol_051ce300186d855f,train,O=C1C=C(CC2CCCCC2)C(=O)c2ccccc21
mol_05259f9860bf4dd9,train,ACYCLIC:CCCCCCC/C=C/C=O
mol_052ae1053934bd49,train,C1CC2OCCC2O1
mol_053accecde5f2d9a,train,c1ccccc1
mol_05457b87ad79608e,train,O=C1C(N=Nc2ccccc2)C=NN1c1ccccc1
mol_055454615ca8cdc7,train,ACYCLIC:N#CCCSCCC#N
mol_055d09e0d9912f26,train,c1ccccc1
mol_0562772a79bab405,train,c1ccc(CNc2ccccn2)cc1
mol_05630206167cf07b,train,ACYCLIC:CNC(=O)CN(CCN(CCN(CC(=O)O)CC(=O)NC)CC(=O)O)CC(=O)O
mol_0565626b241b2e30,train,c1ccccc1
mol_056610412407a606,train,C(=Nc1ccccc1)n1ccnc1
mol_056d9255e47622c1,train,c1ccccc1
mol_058db8250049c316,train,c1ccccc1
mol_058fcb4401d5445a,train,C1=C2CCC3C4CCCC4CCC3C2Cc2cnoc21
mol_059878f5d89a9c0d,train,ACYCLIC:CC(O)CC(C)(C)O
mol_059a5639143b7719,train,c1ccccc1
mol_05b9ad4cad64d308,train,c1ccccc1
mol_05bd3a6cef9194c4,train,O=C1NC(=O)C(c2ccccc2)N1
mol_05bef87191d9809b,train,c1ccccc1
mol_05c07e7782df764d,train,ACYCLIC:CCCCOCCOP(=O)(OCCOCCCC)OCCOCCCC
mol_05c25f1223192a4c,train,ACYCLIC:CCC(C)(C)O
mol_05c3665ea1a32749,train,O=c1ccs[nH]1
mol_05cf013648643c14,train,O=C1CCCCC1C1CCCCC1
mol_05e818f91f3ade42,train,c1cc2cc(c1)Oc1ccc3c(c1)C(Cc1ccc(cc1)Oc1cccc4c1C(C2)[NH2+]CC4)[NH2+]CC3
mol_05e87d3f308d0c2b,train,O=C1C=CC(=C(c2ccccc2)c2ccccc2)C=C1
mol_05ea1eb84a7c2028,train,ACYCLIC:C=CC(=O)OCCCl
mol_05ed83fdff0d853f,train,c1ccccc1
mol_05f84c0bbdfc0ce2,train,ACYCLIC:CCCCCCC(C)O
mol_060c42cb40a9e9d1,train,O=C1CCCc2ccccc21
mol_060c65f577a9169b,train,ACYCLIC:BrCCBr
mol_0617760fbbbc9740,train,O=C(Cc1ccccc1)OCCN1CCOC(c2ccccc2)C1
mol_06206e9f9297ee56,train,O=S(=O)(Nc1ccccc1)c1ccccc1
mol_06231edf3c9f772c,train,O=C(OC1CC2CCC(C1)N2)c1ccccc1
mol_06384a45b0ba0274,train,O=C(CCC1CC2N=C1C=C1CCC(=N1)C=C1CCC(=N1)C=C1CCC2N1)NCCO[PH](=O)OC1COC(n2cnc3ccccc32)C1
mol_0648d320f6fa6cbc,train,ACYCLIC:CCC(C)CCCC(C)(C)O
mol_064b08272a104082,train,c1ccc2c(c1)CCc1ccccc1N2
mol_0663c128b707d725,train,O=C1CCNCC1
mol_0674b49ae62157b2,train,ACYCLIC:CC(C)CCCC(C)CCCC(C)CCCCC(C)CCCC(C)CCCC(C)C
mol_067506e3e503020d,train,ACYCLIC:CCCCCCCC/C=C\CCCCCCCC(=O)OC
mol_068cca3bc63427c3,train,O=C(CCCN1CCCC1)c1ccccc1
mol_06916b855e175555,train,ACYCLIC:C=C(C)CS(=O)(=O)O
mol_06a2fbc4d175696e,train,C1=CC(n2cnc3c(NC4CC4)ncnc32)CC1
mol_06ad616fccceb47a,train,ACYCLIC:O=C=NCCCCCCN=C=O
mol_06db4b6cb0949cb6,train,O=C(CCN1CCCCC1)c1ccccc1
mol_06dc79d1f0f31add,train,ACYCLIC:CC(C)C[C@H](CN)CC(=O)O
mol_06e1a0b9e400d58f,train,ACYCLIC:CCCCCCCCCCl
mol_06e3691f158dd26c,train,c1ccccc1
mol_06e45383ad9ddb15,train,ACYCLIC:CN(C)N
mol_06eb415f5bab2de4,train,c1ccc2[nH]c(N3CCCNCC3)nc2c1
mol_06ecaede9a4cddb2,train,O=C(OCC1=NCCCN1)C(c1ccccc1)C1CCCCC1
mol_06ecf90a048bd300,train,c1ccc(-c2nnco2)cc1
mol_06f315a4c802cd73,train,O=C(OCCCOC(=O)c1ccccc1)c1ccccc1
mol_06fa7cef96696340,train,c1ccccc1
mol_06ff12437d32dafd,train,c1ccccc1
mol_070d85ddd27b46d4,train,ACYCLIC:CCNCC
mol_07126ddf87714526,train,c1ccccc1
mol_071412ea5a2421e1,train,ACYCLIC:O=C(O)CN(CCN(CC(=O)O)CC(=O)O)CCN(CC(=O)O)CC(=O)O
mol_072abd367d2800e1,train,O=c1cc[nH]c2cc(N3CCNCC3)ccc12
mol_072b040f5e9f0c09,train,ACYCLIC:FC(F)(F)C(Cl)(Cl)Cl
mol_0736e5735398510a,train,c1ccc(OCCCOc2ccccc2)cc1
mol_074152045aa230ef,train,c1ccccc1
mol_07416afb1eab7e2a,train,c1ccc(Cc2cc(C3CCN(CC4CCCC4c4ccccc4)CC3)[nH]n2)cc1
mol_074467a95cb452bc,train,ACYCLIC:CCOC(=O)CCC(=O)OCC
mol_0748894f7a0e7ccd,train,c1ccccc1
mol_0757829b8c6320e4,train,c1ccc2c(c1)ccc1cc3c(ccc4ccccc43)cc12
mol_07614ed4e74ed4d7,train,ACYCLIC:O=C(O)CCCC(=O)O
mol_0769932c690fadcb,train,c1ccccc1
mol_076f990333cad32c,train,O=C1CCC(N2C(=O)c3ccccc3C2=O)C(=O)N1
mol_07747f7444256c22,train,ACYCLIC:O=C(O)CCSSCCC(=O)O
mol_0779777a4bc849fe,train,c1ccccc1
mol_0780f47e7b87939d,train,C=C1NC(=O)C2CSSCCC=CC(CC(=O)NCC(=O)N2)OC(=O)CNC1=O
mol_07a0c43e2e24ed2b,train,c1ccc(CCNCCc2ccccc2)cc1
mol_07ac60cdc4f3efc5,train,ACYCLIC:CC=CC=CCOC(=O)C(C)C
mol_07d614e0240ec46a,train,ACYCLIC:CC(C)=CCC/C(C)=C/CC/C(C)=C/CC/C=C(\C)CC/C=C(\C)CCC=C(C)C
mol_07d961449d7fd570,train,ACYCLIC:CCCC(=O)OCC
mol_07e6f9d06b879b4e,train,C=C(Nc1ccccc1)Nc1ccccc1
mol_07e79fbad5ffe185,train,O=C1NCCN1
mol_07f93c82b178b49b,train,ACYCLIC:NC(CSCC(=O)O)C(=O)O
mol_080c6087191d496b,train,C1=Cc2ccccc2N(CCCN2CCNCC2)c2ccccc21
mol_08312ff41db90d36,train,c1ccccc1
mol_0834a9c3057b0d7b,train,c1ccccc1
mol_0839204b1b9a5102,train,ACYCLIC:C=CC(=O)OCCN(C)C
mol_083d623c2f1cc8a0,train,c1ccccc1
mol_083e2641325204bc,train,O=c1[nH]cnc2[nH]cnc12
mol_084c9b2ac494ed1a,train,c1ccc(COc2ccn(-c3ccccc3)n2)cc1
mol_084ddb592d0ed89a,train,C1=CC2CCC1C2
mol_08549a07d4ad50e5,train,O=C(Nc1ncncn1)NS(=O)(=O)c1ccccc1
mol_088eb16666581b84,train,S=C(Nc1ccccn1)Oc1ccc2c(c1)CCCC2
mol_0897cbfe48c5ef25,train,ACYCLIC:CC(S)C(=O)NCC(=O)O
mol_089e0ca298bc76e6,train,ACYCLIC:CCNC(=O)NC(=O)/C(C#N)=N/OC
mol_08a34c7c1a294387,train,O=C(Nc1ncccn1)NS(=O)(=O)c1ccccc1
mol_08c0d7124fdb4c74,train,c1ccccc1
mol_08c0f6a916c1fc5d,train,c1ccccc1
mol_08c6ce441be6a883,train,ACYCLIC:CCCN(CCC)N=O
mol_08cd460e83c89f88,train,c1ccccc1
mol_08d361fe36802b59,train,c1ccc2[nH+]cc[nH+]c2c1
mol_08d75ff3f1f8929f,train,ACYCLIC:CCOC(=O)CC(SP(=O)(OC)OC)C(=O)OCC
mol_08db6b423db02327,train,ACYCLIC:CCCCCCOC(=O)C(C)C
mol_0908f2a2486204f9,train,ACYCLIC:ClSC(Cl)(Cl)Cl
mol_0916572182d89c34,train,[N+]=C1C=CC(=C(c2ccccc2)c2ccccc2)C=C1
mol_091a408cee2743d2,train,O=C1C(=Cc2ccccc2)CCCC1=Cc1ccccc1
mol_0924787fa3d4dba5,train,c1ccc2[nH]ncc2c1
mol_0934dc7e9fe6746d,train,ACYCLIC:CCOC(=O)CCl
mol_0937098a5395472b,train,ACYCLIC:N#CCCl
mol_09463b00c9ab6605,train,ACYCLIC:CCCCCOC(=O)CCCCC
mol_094f8a1c7a643fb1,train,O=C1CNC(=O)C(Cc2ccccc2)NC(=O)C(Cc2ccccc2)NC(=O)CCSSCC(C(=O)N2CCCC2)NC(=O)CN1
mol_0968e3b228a25946,train,c1ccccc1
mol_09712479d45ec57b,train,O=C(OCC[NH+]1CCCCC1)C(c1ccccc1)c1ccccc1
mol_0973534a94a86347,train,O=C1Cc2ccccc2N1
mol_0975b6b8c1f11421,train,ACYCLIC:CCCCCCCCCCCCCCCCI
mol_097efa108235d8c0,train,c1ccc(CN(CCN2CCCC2)c2ccccc2)cc1
mol_0988a735b3a7fded,train,ACYCLIC:CC/C(C)=N/O[Si](C)(O/N=C(\C)CC)O/N=C(\C)CC
mol_098a8fb36f5ec4f0,train,C1CCC(OC2CCCOC2)OC1
mol_099f0ad2c0c6a444,train,ACYCLIC:CCC(C)=NO
mol_09af6dfc27abdd6e,train,c1ccc2c(c1)CCCN2
mol_09b2a57500ab8c8c,train,ACYCLIC:CC(CO)(CO)C(=O)O
mol_09b8e71853b3970b,train,c1ccccc1
mol_09ce5be2ffbd2558,train,O=S(=O)(Nc1ccncn1)c1ccccc1
mol_09f0e1e3b06521bf,train,c1ccccc1
mol_09f849bce30b79aa,train,O=C(CN1CCNCC1)NC1CCCCC1
mol_09fd4d0a2308df4b,train,O=C1C=CCO1
mol_0a2a35586382b4e1,train,ACYCLIC:CCOC(=O)CC(O)(CC(=O)OCC)C(=O)OCC
mol_0a2fa56bbbe5e352,train,ACYCLIC:CC(=O)C(Cl)Cl
mol_0a30ac57645c9bb0,train,C1CCC(CC2CCCCC2)CC1
mol_0a3683626fb0595a,train,O=C(Nc1ccccc1)Nc1ccccc1
mol_0a3b455a98020d50,train,ACYCLIC:O=C(O)/C=C\C(=O)O
mol_0a4d3fb899ffe0c7,train,c1ccccc1
mol_0a4fc0cff905e92f,train,c1ccccc1
mol_0a5a18b0a09fb54b,train,c1ccccc1
mol_0a876991831ee482,train,c1ccc(C2(Cn3cncn3)OCC(COc3ccc(N4CCNCC4)cc3)O2)cc1
mol_0a8e0b559db725a1,train,O=C1c2ccccc2C(=O)C1c1ccc2ccccc2n1
mol_0a957fc46d812763,train,c1ccccc1
mol_0a9feee63901d43e,train,C1=C2CCC3C4CCCC4CCC3C2CCC1
mol_0ab3df9e5714e707,train,c1ccc(Oc2cccc3c2CCC3)cc1
mol_0ac941acfc500737,train,C1=C2CCCCC2CCC1
mol_0ad15115f0119cfb,train,c1ccc2c(c1)CCO2
mol_0ae99364e1122f7a,train,c1ccc2c(CC3CC4CCN3CC4)ccnc2c1
mol_0aea2e816b65af99,train,ACYCLIC:[Cl][Nd]([Cl])[Cl]
mol_0af4deef56f97e07,train,c1ccccc1
mol_0af5a0be488e02a8,train,O=C(OCCOCCOCCOC(=O)c1ccccc1)c1ccccc1
mol_0afc574374284852,train,ACYCLIC:COC(=O)C(Br)CBr
mol_0afd1a68ae297984,train,C1C2CC3CC1CC(C2)C3
mol_0b178e7f7b1e84fd,train,c1ccc(C(c2ccccc2)N2CCNCC2)cc1
mol_0b21521400b99418,train,c1ccccc1
mol_0b3b7d71b714ec55,train,S=[PH](Oc1ccccc1)c1ccccc1
mol_0b45e4c87623aa74,train,c1ccccc1
mol_0b4ad9999a6ef330,train,O=C(OCCCCNCCc1ccccc1)c1ccccc1
mol_0b4e08858c713951,train,c1ccc(CN2CCCCC2)cc1
mol_0b63b355645415f8,train,c1ccccc1
mol_0b662b81d7868813,train,ACYCLIC:CCCCCCCCCCC=CC#N
mol_0ba4ff29fe6c8a25,train,c1ccccc1
mol_0ba987d507c0a043,train,c1ccc2c(c1)CCNC2CC1CCN2CCc3ccccc3C2C1
mol_0bd63d8d447ada77,train,ACYCLIC:O=C(O)/C=C(\CC(=O)O)C(=O)O
mol_0beb10966a42b476,train,ACYCLIC:CNC(=O)NC
mol_0bec675232995dba,train,O=C1OC(=O)c2ccccc21
mol_0bee734ae2612123,train,ACYCLIC:NC(=O)N[C@@H](CCC(=O)O)C(=O)O
mol_0bf4d11e1d97d671,train,c1ccc(OCCN2CCCCC2)cc1
mol_0bf5216dcf3aef89,train,c1ccccc1
mol_0c223fa2872f2962,train,ACYCLIC:CCCCCCCC[Si](OCC)(OCC)OCC
mol_0c22f62d43080106,train,c1ccccc1
mol_0c246dbd8e80166e,train,c1ccc(CNC2CCCCC2)cc1
mol_0c3369b9392d5975,train,c1ccccc1
mol_0c355c8ac9825169,train,O=C(NN=Cc1ccccc1)c1ccncc1
mol_0c3636279eb62943,train,c1ccccc1
mol_0c4d380365262a9f,train,ACYCLIC:C#CC(O)C(CC)CCCC
mol_0c6f9d6bc0b8a46f,train,ACYCLIC:CCCCNCC
mol_0c8bb5ffadce070d,train,ACYCLIC:CCCO[Si](OCCC)(OCCC)OCCC
mol_0c9cebeb365f457d,train,ACYCLIC:CCO[Si](CCCCl)(OCC)OCC
mol_0cb2be2a4ededfd3,train,O=C1N=CNC(=O)C1c1ccccc1
mol_0cb9b2f82f52384c,train,c1ccccc1
mol_0cc4853c9a484bee,train,O=C(CNCCCc1ccccc1)N1CCC2CCCCC21
mol_0cc8de4ef5a79360,train,c1ccc(CC2CCCCC2)cc1
mol_0ccf63c3129106f7,train,c1ccccc1
mol_0ce23c92eaec715b,train,c1ccccc1
mol_0ce5e36dc18913fa,train,c1ccccc1
mol_0d087b64146908b3,train,c1ccccc1
mol_0d0dbbd9de74206f,train,c1ccccc1
mol_0d11c47430e1cd14,train,ACYCLIC:CCCCC(CC)COC(=O)CCCCCCCC(=O)OCC(CC)CCCC
mol_0d1aefe050a9e790,train,c1ccc(Sc2ccc(COC(Cn3ccnc3)c3ccccc3)cc2)cc1
mol_0d2cc5d7f0c4694c,train,ACYCLIC:C=CC(=O)OCC(C)O
mol_0d3a4f55206c64a0,train,ACYCLIC:CCCCCOC(=O)CCC
mol_0d4df8a78b6032df,train,ACYCLIC:CCCCCCOC(=O)C(C)CC
mol_0d4e31b97e145d2b,train,c1ccccc1
mol_0d50061ed9c2f24e,train,c1ccc2cc(CC3=NCCN3)ccc2c1
mol_0d510244c1dd7086,train,ACYCLIC:FC(F)(F)C(F)(F)C(F)(F)C(F)(F)C(F)(F)C(F)(F)C(F)(F)C(F)(F)C(F)(F)C(F)(F)F
mol_0d65ca26ef2742a2,train,ACYCLIC:CCCC(C)C
mol_0d6ce1a2b32890af,train,c1ccccc1
mol_0d71fdf5b277ad84,train,c1ccccc1
mol_0d73e704c619b17b,train,C=C(c1ccccc1)c1ccccc1
mol_0d7cd9c3c2d909d2,train,c1ccccc1
mol_0d841aba6b4e2629,train,c1ccccc1
mol_0d89d26eb184a993,train,C1=CCC=C1
mol_0d89d94532ad49fc,train,O=S(=O)(NCCc1ccccc1)c1ccccc1
mol_0d8a4b80851549de,train,ACYCLIC:O=S(=O)(O)CC(S)CS
mol_0d902a166080b90a,train,c1ccccc1
mol_0d99afdbd9fe6caf,train,O=C1CCc2ccccc2O1
mol_0da531c527ddb46a,train,c1ccc(N(Cc2cccnc2)c2ccccc2)cc1
mol_0da79583143f068b,train,c1ccccc1
mol_0dc212550047eb8c,train,c1ccc2c(C3CCNCC3)c[nH]c2c1
mol_0dc7dbc9dce1166a,train,O=C1C=CC2OC2CCOC(=O)CCCC(OC2CCC(OC3CCCCO3)CO2)CCC1
mol_0dce28cb9eceafb3,train,C1=CC2CCC3Nc4ccc(C5CC6CCCN(CCc7c5[nH]c5ccccc75)C6)cc4C34CCN(C1)C24
mol_0dd6d8b12ffb9345,train,c1ccc(Cn2ncc3ccccc32)cc1
mol_0ddecbd0bfbd93de,train,c1ccccc1
mol_0de407e41eb32f1e,train,c1cnc2c(c1)ccc1cccnc12
mol_0e0c00073ee7c431,train,C=C1CCCCC1=O
mol_0e0f4a3647bc4b00,train,c1ccc2c(c1)CC(c1cnc[nH]1)C2
mol_0e14f1ff30521fe2,train,C1SCSCS1
mol_0e1a415bf2fb244c,train,ACYCLIC:ClCC(Cl)(Cl)Cl
mol_0e1eca7a9ca73eb7,train,O=C1OC2(C=C1c1ccccc1)CCCC2
mol_0e3392ced4b5c691,train,O=S(=O)(Nc1ccno1)c1ccccc1
mol_0e339d6f44300661,train,ACYCLIC:CCOP(=S)(OCC)SCCl
mol_0e4b5094daebc877,train,ACYCLIC:CCCCCC[C@@H](O)C/C=C\CCCCCCCC(=O)OC
mol_0e51f6835a74fcd2,train,O=C1NCc2cncn2-c2ccccc21
mol_0e5456216246a60c,train,c1ccccc1
mol_0e59c4c1106943a3,train,O=c1ccccn1-c1ccccc1
mol_0e5b85e03bd6c35a,train,ACYCLIC:CCCCCl
mol_0e66a5dc93304180,train,c1ccccc1
mol_0e66e07cc6929cbc,train,O=c1cc[nH]c(=O)[nH]1
mol_0e787201d139fafa,train,c1ccc2c(c1)CCNC2
mol_0e8a5ebce8cee5b9,train,c1ccccc1
mol_0eac4fe7cdd4bdc2,train,C1CCC(N[SiH](NC2CCCCC2)NC2CCCCC2)CC1
mol_0ebda099145d06b0,train,C=C1CC2CCC3C4C=CC(=O)C=C4CCC3C2C1
mol_0ec129ade1aa301e,train,ACYCLIC:[Fe+2]
mol_0ee7eed1c5dcf6a6,train,c1ccccc1
mol_0eed0fe475f2014b,train,ACYCLIC:C=CCCCCCCCCC(=O)O
mol_0eefd1f3b67c5955,train,O=C(NCCCCCCCCCCNC(=O)Oc1ccccc1)Oc1ccccc1
mol_0f049ae823eea173,train,C(=Cc1cccs1)C1=NCCCN1
mol_0f1111070b0fb3cc,train,ACYCLIC:C=COC(C)=O
mol_0f17ec491a5544c3,train,ACYCLIC:CC(O)CN(CCCN(C)C)CCCN(C)C
mol_0f23f54d08d17636,train,O=S1OCC2C3C=CC(C3)C2CO1
mol_0f46934dde72d6b5,train,O=C1CCCCO1
mol_0f4f7894ccc4cf50,train,c1ccccc1
mol_0f5342c7f10f8774,train,c1ccccc1
mol_0f581661fa079254,train,c1ccccc1
mol_0f581bcf9b78da20,train,O=C1OCC2c3c(ccc4c3OCO4)C(SCC13NCCc1ccccc13)C1C3NC(Cc4ccccc43)CN21
mol_0f62717144386598,train,ACYCLIC:C=C(C)C(=O)OCCOCCOCCOC(=O)C(=C)C
mol_0f869c5d78c29fcd,train,C1CCC2CCCCC2C1
mol_0f89be5e549ba9a6,train,ACYCLIC:CCOC(=S)S
mol_0f9b847a4dae1ff7,train,c1ccccc1
mol_0facafa2c8312180,train,c1nc2c(o1)CCNCC2
mol_0fb917294b926789,train,ACYCLIC:CCCCCCCCCCCCS
mol_0fbcc87ba67e0ae5,train,c1ccc(Cn2ncc3ccccc32)cc1
mol_0fe7958be29e487c,train,c1ccccc1
mol_0ff39fbabeb007e7,train,c1ccccc1
mol_0ffe90c2d5cd2ec0,train,c1ccccc1
mol_100b848b82ac183c,train,c1ccc(CCN2CCC(Nc3ccccc3)CC2)cc1
mol_100cc3b7c5c04b2e,train,O=c1c2ccccc2[nH]c2ccccc12
mol_10100ebeccc66cdc,train,O=C1CC2C3CCCCC3CCC2C2CC3OC4(CCCCO4)CC3C12
mol_1016f9f2daa5dab6,train,O=C1OCC2C(OC3CCC4OCOCC4O3)c3cc4c(cc3C(c3ccccc3)C12)OCO4
mol_101ea8b413374a15,train,c1ccc(-c2nccs2)cc1
mol_10256aa25d0d767c,train,c1ccccc1
mol_1028eac395c8b0c6,train,O=C(OC1CCCCC1)c1ccccc1
mol_1034edd41445ee6a,train,O=C(NC1N=C(c2ccccc2)c2cccc3c2N(CC3)C1=O)c1ccncc1
mol_1055486cf18e5722,train,c1ccccc1
mol_1065adf7e0da08be,train,c1ccccc1
mol_1077f659d2519bb1,train,O=C1C=C(C2CCC3C2CCC2C4CCC(OC5CCC(OC6CCC(OC7CCC(OC8CCCCO8)CO7)CO6)CO5)CC4CCC23)CO1
mol_10889c001808f998,train,c1ccccc1
mol_108964ed63a915aa,train,O=C1CCC2=C(CCC3C2CCC2CCCC23)C1
mol_108c7a60f6ddff73,train,O=C(OCc1ccccc1)C1CC1
mol_108e0df7ca89fe82,train,O=C1C(=O)c2ncccc2-c2cccnc21
mol_108f43e753510668,train,ACYCLIC:CCCCCCCCC
mol_1098273d831f1eae,train,[N+]=C1C=CC(=C(c2ccccc2)c2cccc3ccccc23)C=C1
mol_1099aa1c4d70ba35,train,ACYCLIC:C=CC(=O)OCCCCCC
mol_109c8fe7581a48e0,train,c1ccccc1
mol_109d93d40d76d4c5,train,c1ccc(C2CNCCc3ccccc32)cc1
mol_10a91420e161f71e,train,ACYCLIC:CN(C)CCOCCN(C)C
mol_10b091be48f37ff5,train,ACYCLIC:CCCCCCOC(C)=O
mol_10bb24efdf4ce649,train,c1ccccc1
mol_10be16bd398bc83e,train,c1ccccc1
mol_10bee29913ff9b02,train,O=C1C=CC2C(=C1)CCC1C2CCC2C(C(=O)COC(=O)c3ccncc3)CCC21
mol_10ce1c6816c15bb8,train,c1ccccc1
mol_10d2a5fe9f6977c7,train,ACYCLIC:C=CCOCC(CC)(CO)COCC=C
mol_10d6428f43d5f7b6,train,ACYCLIC:[CH3][Sn]([Cl])([Cl])[Cl]
mol_10de2d194957d16f,train,c1ccccc1
mol_10dec9ce32f1a2b3,train,ACYCLIC:CNC(=O)OCC[N+](C)(C)C
mol_10e03f294d7e4574,train,C1CCC(OC2OCCC2OC2CCCCO2)CC1
mol_10e21bac6900ecd2,train,c1ccccc1
mol_10ed63108da7fff9,train,O=C(OCc1ccccc1)c1ccccc1
mol_10f65e9c755987c2,train,c1ccccc1
mol_10f8b062dfee31b7,train,c1ccccc1
mol_10f959b19321a10e,train,S=c1cccc[nH]1
mol_10fa9f467d7eaad8,train,c1ccccc1
mol_11054c9dcc82241b,train,c1ccc(Nc2ncnc3cnc(NC4CCNCC4)nc23)cc1
mol_110e6ad4ac179331,train,C=C(c1ccccc1)n1ccnc1
mol_110f15223a8bcde3,train,C1CC2CCC1CO2
mol_111760d65dd88910,train,ACYCLIC:NCCCC(N)(C(=O)O)C(F)F
mol_1129829cbbc88b8c,train,c1ccccc1
mol_1148a0939d018589,train,C=C1CC2CCC1C2
mol_11516d2f63fc16aa,train,c1cc2c(c(N3CCNCC3)c1)OCCO2
mol_1159732b94001fa5,train,c1ccc(C(c2ccccc2)c2cncnc2)cc1
mol_1161ec04d8053910,train,c1ccccc1
mol_117b4060dc8e0bc8,train,O=C1c2ccccc2-c2ccccc21
mol_117ef05b09c04fa9,train,c1ccccc1
mol_118d7d01ddaa6cdb,train,ACYCLIC:CCCCCCCCCCCCCOC(=O)CCSCCC(=O)OCCCCCCCCCCCCC
mol_11935c1b0df1f26a,train,O=C1C[NH+]=C(c2ccccc2)c2ccccc2N1
mol_119959668599b1c7,train,c1ccccc1
mol_11a018309ce023b7,train,ACYCLIC:CCC(O)OCC(C)OC(O)CC
mol_11a81c0043c52189,train,ACYCLIC:C=CCOC(=O)/C=C\C(=O)OCC=C
mol_11b73c69ce386cd9,train,c1ccccc1
mol_11b792cdca835731,train,c1ccccc1
mol_11c300896ee150fb,train,ACYCLIC:CCCCCCCCCCCCCCCCCC#N
mol_11c38d4da8cbec5b,train,O=C(Oc1ccccc1)C1CCCCC1
mol_11c7a4d96467128b,train,c1ccc(COCc2ccccc2)cc1
mol_11e223c6908135a0,train,ACYCLIC:CCCCCCCCCCCC(=O)OCC(C)OC(=O)CCCCC(=O)O
mol_11e7f1bdb9901224,train,O=C(c1ccccc1)c1c[nH]c2ccccc12
mol_11f85933b68887bb,train,c1ccc2c(c1)c1cccc3ccc4cccc2c4c31
mol_12043132cebf25d8,train,C1=CC2OC23CCC2C4CCCC4CCC2C3C1
mol_1204ca686d3ba0ee,train,O=C1CCC(c2ccccc2)=NN1
mol_1214e47c791bd152,train,ACYCLIC:CCCCOP(=O)(O)OCCCC
mol_1226b1d39aa0c6f6,train,S=c1cc(-c2ccccc2)ss1
mol_1230b9c8b252f8e9,train,O=C(OC1C[NH+]2CCC1CC2)C(c1ccccc1)c1ccccc1
mol_123c68d87e885b61,train,ACYCLIC:CCCCCCOC(=O)CC(CC(=O)OCCCCCC)(OC(=O)CCC)C(=O)OCCCCCC
mol_124201f683bb5078,train,O=S(=O)(Nc1cnc2ccccc2n1)c1ccccc1
mol_124d1e0bea5f4043,train,c1ccc(C2CNCc3ccccc32)cc1
mol_12626764a895b3c1,train,c1ccc2[nH]nnc2c1
mol_12652db2e66d8605,train,S=C(NC1CCCCC1)NC1CCCCC1
mol_127e64593acc2080,train,c1ccccc1
mol_129259ef446bca39,train,c1ccccc1
mol_1293e1df5ac0730a,train,O=C1OC(=O)c2cccc3cccc1c23
mol_129dc49ef4ab93f0,train,c1cc[n+]2c(c1)-c1cccc[n+]1CC2
mol_12a1c31e054e03aa,train,ACYCLIC:CCOP(=S)(OCC)OC(Cl)C(Cl)(Cl)Cl
mol_12a220cc064a52ab,train,O=C1Cc2ccccc2C(=C2CCNCC2)c2ccsc21
mol_12b6a456d6e84078,train,ACYCLIC:O=C(Cl)OCCOCCOC(=O)Cl
mol_12bafbeb76e392c2,train,O=C(C[SH+]Cc1ccco1)NCC=CCOc1cc(CN2CCCCC2)ccn1
mol_12bc0626435b73cf,train,O=C(CCCN1CCC(c2ccccc2)CC1)c1ccccc1
mol_12c369d7151e84d6,train,O=C1N=C2SCCN2C(=O)C1Cc1ccccc1
mol_12d21e14fd18b472,train,c1ncc2nc[nH]c2n1
mol_12d9d39c077d2332,train,O=C(NC(CCNS(=O)(=O)c1ccccc1)Cc1ccccc1)OC1CCOC1
mol_12f339a528e2a7ce,train,ACYCLIC:O=S(=O)(O)CO
mol_12ff41f3abe227d4,train,c1ccccc1
mol_1303483f73a9d4a9,train,N=C1NC(=N)c2ccccc21
mol_131f27f98184b13f,train,c1ccccc1
mol_132ba1dc132595d3,train,O=C(Cc1ccccc1)NC1C(=O)N2C(C(=O)OCc3coc(=O)o3)CSC12
mol_132cda677c8e060c,train,O=C(CN1CCOCC1)c1ccccc1
mol_132d3833ff053994,train,ACYCLIC:CC(=O)CCC(C)=O
mol_132f2cb30d194c0e,train,c1ccc(C2=NCCNc3ccccc32)cc1
mol_13377f956046fc57,train,C(=CC=CC1=[NH+]c2ccc3ccccc3c2C1)C=CC=C1Cc2c(ccc3ccccc23)N1
mol_1357ec7195885417,train,O=C1c2cccc3c2C(CCC3)CN1C1CN2CCC1CC2
mol_135990c553560df5,train,C(=Nc1ccccc1)c1ccccc1
mol_1360351b17dcb29e,train,C1CCC(OC2CCCC(OC3CCCCO3)C2)OC1
mol_13749732008b1685,train,O=c1[nH]c2ccccc2s1
mol_137b29f82c79b722,train,c1ccc2c(c1)OCC(CN1CCCCC1)O2
mol_13a4a94daa08779e,train,O=C1C=C2CCC3C(CCC4C(OC(=O)CCc5ccccc5)CCC43)C2CC1
mol_13bebe9dd611430c,train,O=c1ccc2cc(OCCCNCc3ccccc3)ccc2[nH]1
mol_13cad05ca8f49c50,train,c1ccccc1
mol_13d64ec045944ecf,train,O=C(NCCNC(=O)N1CCOCC1)N1CCOCC1
mol_13da0535166e98da,train,c1ccccc1
mol_13da34fac7eb31f0,train,c1ccccc1
mol_13dc062b3edcfa69,train,c1ccc(N2CCCCC2)nc1
mol_14064c677abf7f0d,train,c1ccccc1
mol_140b688cef643edd,train,c1ccc(CCNCCOc2ccccc2)cc1
mol_140d208773371f28,train,O=C1C=CC=CC(COC2CCCCO2)COC(=O)CCCC(OC2CCCCO2)C(CCN2CCCCC2)CC1
mol_1413a29bbc128ece,train,ACYCLIC:CCOP(O)OCC
mol_141f9b79545c0897,train,ACYCLIC:C=CC(=O)OCC
mol_1420a759c4ac83e6,train,c1ccccc1
mol_14443b4c5c34e236,train,C=C1C2C=CCC1c1ccc(=O)[nH]c1C2
mol_14521e5f03da2a26,train,c1ccc(C2(c3ccccc3)CCCCC2)cc1
mol_145337c1b569bacc,train,ACYCLIC:NC(CCC(=O)O)C(=O)O
mol_145e3f718d0bf748,train,O=C(CCN1CCCCC1)c1ccccc1
mol_1475824b1915987c,train,O=C1NCC(=O)N2C1Cc1c([nH]c3ccccc13)C2c1ccc2c(c1)OCO2
mol_147b5117943d59a6,train,ACYCLIC:CC(=O)CCC(=O)O
mol_148e13976089851b,train,O=C1Cc2cc3n(c(=O)c2CO1)Cc1cc2ccccc2nc1-3
mol_148eb23509c65d4d,train,c1ccccc1
mol_14a8d3f67fdcf457,train,c1ccccc1
mol_14a8ea03413127e1,train,ACYCLIC:CCCCOCCOCCOC(=O)CCCCC(=O)OCCOCCOCCCC
mol_14a929215a6b819e,train,O=C1C=CCO1
mol_14b9bbd032adfcfc,train,c1ccc(-c2ncoc2-c2ccccc2)cc1
mol_14b9f3b296be36a4,train,ACYCLIC:C/C=C/C=C/C(=O)O
mol_14c6583519af1bed,train,O=C(NCc1ccccc1)c1ccn[nH]1
mol_14e5f440de0c0959,train,O=C1Nc2ccccc2C1=CC1=CCC=N1
mol_151d3510cab0a9f9,train,c1ccc(C2(C3CCCCC3)OCC(C[NH+]3CCCCC3)O2)cc1
mol_151f80e20fa1712b,train,ACYCLIC:O=C(CCS)OCC(COC(=O)CCS)(COC(=O)CCS)COC(=O)CCS
mol_156591c2960a7f82,train,ACYCLIC:CC/C=C\CCOC(C)=O
mol_156a021b8c758028,train,ACYCLIC:CC(Cl)C(=O)O
mol_156a0932313ff5f6,train,c1ccc2c(c1)Oc1ccccc1C1CNCC21
mol_156b3d55fb55f800,train,c1ccccc1
mol_15737ded6bb706ac,train,c1ccccc1
mol_157dcfda37525340,train,O=c1c2ccccc2cnn1Cc1ccccc1
mol_15905af1f2e48e66,train,ACYCLIC:CCCCCCCCCCCCCCCCCC(=O)OCCCCCCCCCCCCCC(C)C
mol_159488fd3a0edba3,train,ACYCLIC:OCCOCCOCCOCCO
mol_159e130898ae0592,train,ACYCLIC:C=C(C)C(=O)OCCOC(=O)CC(C)=O
mol_15a104827911fd63,train,O=C(C=Cc1ccccc1)OCC=Cc1ccccc1
mol_15b26a67a8f7da4a,train,c1ccccc1
mol_15b7271736a7ac1f,train,O=C(OCOC(=O)c1cccc2ncn(Cc3ccc(-c4ccccc4-c4nnn[nH]4)cc3)c12)OC1CCCCC1
mol_15c073a3fa73364c,train,c1ccc(C(CCN2CCCC2)C2CCCCC2)cc1
mol_15c31742fe3978ca,train,ACYCLIC:CC(C)C(Br)C(=O)NC(N)=O
mol_15c82fd7a36b1268,train,ACYCLIC:CC(C)=CC(C)(C)C
mol_15c841dff8407a19,train,ACYCLIC:NN
mol_15da48960ee45324,train,ACYCLIC:CCCCCCCCCCCCCC=O
mol_15e238171bfd30ff,train,ACYCLIC:C=CC(=O)OCCCCOC(=O)C=C
mol_15e34d6dc78ce564,train,c1ccccc1
mol_15ef0fb1d48f6f9e,train,O=C(NC1CCCOC1)c1ccccc1
mol_15ffdbfbcd1a9970,train,ACYCLIC:CCOC(C)OCC
mol_160e8cb11e31193a,train,c1ccccc1
mol_161b7fd751f0259f,train,ACYCLIC:COP(N)(=O)SC
mol_1630daf11282693e,train,O=C(c1ccco1)N1CCNCC1
mol_165109c47745ff49,train,c1ccc(OCCOCCOc2ccccc2)cc1
mol_165816e8a504a508,train,O=C(c1ccccc1)P(=O)(C(=O)c1ccccc1)c1ccccc1
mol_165ff3171701892a,train,O1[SiH2]O[SiH2]O[SiH2]O[SiH2]1
mol_1660a9e85fdbb415,train,c1ccccc1
mol_166903f7a5cf639e,train,O=C(OC1CCNCC1)C(c1ccccc1)c1ccccc1
mol_1673977a78b0132c,train,O=C1C=CC2C(=C1)CCC1C2CCC2C1CC1OC=NC12
mol_168122ab36303795,train,ACYCLIC:C[N+](C)(C)CCOC(=O)CCC(=O)OCC[N+](C)(C)C
mol_169075cfd2c61e05,train,c1ccccc1
mol_169648e465ef49e9,train,O=C1CNC(=O)C(Cc2ccccc2)NC(=O)C(Cc2ccccc2)NC(=O)CCSSCC(C(=O)N2CCCC2)NC(=O)CN1
mol_16a476df99497bd1,train,c1ccc(OCCN2CCCCC2)cc1
mol_16a91c9ba2da9e4d,train,O=c1c2ccccc2[se]n1-c1ccccc1
mol_16b10569d6f0625e,train,O=C(C=Cc1ccccc1)CC(=O)C=Cc1ccccc1
mol_16b99dc042446a75,train,ACYCLIC:CCCC[P+](C)(CCCC)CCCC
mol_16ceb582e94f86ea,train,C1=CC2=CCCCC2CC1
mol_16d75f66e86c4481,train,ACYCLIC:CN(C)CCCCl
mol_16fcd0a1e9ba9dc6,train,c1ccccc1
mol_16fe773e9847c438,train,O=C1NCC(COc2ccccc2)O1
mol_16ff041aa163b2d9,train,C(=CC=CC=CC=CC=CC1=CCCCC1)C=CC=CC=CC=CC1=CCCCC1
mol_17108b25bc9ad0cb,train,ACYCLIC:CCCCCCCCCCCCCCCCC(=O)O
mol_1717cdf2cb3cce6b,train,c1ccccc1
mol_171cc05affd407e2,train,O=C1c2cc[nH]c2CCC1CN1CCOCC1
mol_17219627d7481221,train,c1ccccc1
mol_17281b17101fe44a,train,O=C1NCCN1
mol_172d951e60ab1251,train,c1ccc(CC2CCCCN2)cc1
mol_17334d08abf1d7a4,train,ACYCLIC:C[SiH](C)O[Si](C)(C)O[Si](C)(C)O[SiH](C)C
mol_17400a0185e04c56,train,c1nncs1
mol_17434cef31bf2579,train,c1ccccc1
mol_1759465e31225a5d,train,ACYCLIC:ClCCCCBr
mol_17653827200fa5c2,train,c1ccccc1
mol_1778677627a5002d,train,O=C1c2ccccc2C(=O)c2cc3c(cc21)CCCC3OC1CCCCO1
mol_177a6fbf961102e7,train,ACYCLIC:CCCC(C)(COC(N)=O)COC(N)=O
mol_177f5bbc3fc096ea,train,O=C1CCC(C=CCCC2CCC2)C1
mol_177f7b542c126d7b,train,ACYCLIC:ClCBr
mol_17af955b9d245ee7,train,c1ccc(N2CCN(C3(c4ccccc4)CCCCC3)CC2)cc1
mol_17b51671343d928a,train,c1ccc2c(c1)N=C(N1CCNCC1)c1ccccc1N2
mol_17b80bc751e1f35c,train,ACYCLIC:CCCCC
mol_17bdb22d004e26f0,train,O=C(Nc1ccccc1CNCC(=O)N1CCOCC1)c1ccccc1
mol_17c01e381f9b1159,train,c1ncc(NC2=NCCN2)cn1
mol_17d4c767269cb8cf,train,c1ccccc1
mol_17e460141ca2dd64,train,O=C(Cc1ccccc1)NC1C(=O)N2C=CCSC12
mol_17f168b4b73a86b3,train,O=c1ccn(C2CC2)c2cc(N3CCNCC3)ccc12
mol_17f8044fff7f7c87,train,c1ccccc1
mol_180dc576c753dc3f,train,ACYCLIC:CC(Cl)COP(=O)(OCC(C)Cl)OCC(C)Cl
mol_181cd6b53ca4ca27,train,ACYCLIC:CCCOC(=O)CC
mol_182dcdc516a7ac20,train,c1ccc2c[nH+]ccc2c1
mol_1856d1684f935548,train,c1ccc2c(c1)CC1NC2c2ccccc21
mol_1859cb4d4a729e93,train,c1ccccc1
mol_186420fa20df8fa5,train,O=c1c(CCN2CCC(c3noc4ccccc34)CC2)cnc2n1CCCC2
mol_186e37dd92b8510f,train,O=C1CCC(c2ccccc2)=NN1
mol_18798de5f2edca8d,train,c1ccccc1
mol_187e3395a14e794a,train,ACYCLIC:CC(C)(CCC(=O)O)C(=O)O
mol_1884087bae62de2d,train,c1ccccc1
mol_188a599d74416a70,train,c1ccccc1
mol_189fd273beaea745,train,c1ccccc1
mol_18a2564a13f55fad,train,c1ccccc1
mol_18a8dbef4509ec7e,train,C1=CNCN1
mol_18b04a84f021ef00,train,c1ccc2c(c1)CCCC2
mol_18b1a4c2e55c3012,train,O=c1[nH]c2cccc(-n3cnnc3-c3ccc[nH+]c3)c2[nH]c1=O
mol_18bb8281230163bf,train,c1ccc(Nc2ncncn2)cc1
mol_18c8d4480777733c,train,ACYCLIC:CC(C)=CCCC(C)=CC=O
mol_18ce0131e6c08644,train,c1ccc(-c2c3ccccc3[o+]c3ccccc23)cc1
mol_18cebd82138a164f,train,c1ccccc1
mol_18dbe6002d782709,train,c1ccc(C2=NCc3cncn3-c3ccccc32)cc1
mol_18dfbeebe58608ac,train,c1ccccc1
mol_18e530cf5e70ed7d,train,S=C1NCCN1
mol_18ec3634d83863ae,train,c1ccc2cnncc2c1
mol_1913b8b1c8570bb6,train,c1ccc2c(c1)CCc1sccc1C2=C1CCNCC1
mol_1918d3f66c0eb378,train,c1ccccc1
mol_191bca717a4d59dd,train,O=C(NCC1CCCCO1)C1CCCN1
mol_1920f1290b6092d6,train,c1ccccc1
mol_19312022d66b2644,train,c1ccc(NC2=NCCN2)cc1
mol_1932ffdd872110f5,train,ACYCLIC:COC(C)(C)CCCC(C)C/C=C/C(C)=C/C(=O)OC(C)C
mol_193583dd9596d110,train,c1ccccc1
mol_19363afa6fbd35ce,train,c1ccccc1
mol_19460c3210cf8ad1,train,c1ncc2[nH]cnc2n1
mol_194c5eac8e6d2ccf,train,O=C1OC2(c3ccccc3Oc3ccccc32)c2ccccc21
mol_195b0696c71c41fa,train,ACYCLIC:ON=CC=NO
mol_195ed5d13e7811c3,train,O=C(NCC1CCCCO1)C1CCCN1
mol_1967df0ee1feffd8,train,c1ccccc1
mol_19726940ef1ae9ba,train,c1ccccc1
mol_197452a08dc9c43d,train,c1ccccc1
mol_197da78cb4c4e163,train,c1ccccc1
mol_198bc5cb20bf819e,train,c1ccc(CCn2cncn2)cc1
mol_198bc885ca3dac35,train,c1ccc(B(c2ccccc2)c2ccccc2)cc1
mol_198f9e8e79cd92d7,train,ACYCLIC:CCOC(C)(C)C
mol_199dbe57ef4cefbe,train,c1ccccc1
mol_19a08fb93a79c267,train,ACYCLIC:CCCCCCCCCCCC(=O)O
mol_19a710f78809a15a,train,c1ccccc1
mol_19ab030d9f70cf2c,train,c1ccc(-c2cncs2)cc1
mol_19abbfe29be80878,train,c1ccccc1
mol_19bbef3052b83814,train,c1cc(CN2CCCCC2)cc(OCCCNc2nc3ccccc3s2)c1
mol_19bde7944f48eb53,train,O=S(=O)(Nc1ccno1)c1ccccc1
mol_19bec52c5dae8d81,train,C(=CC1CCCC1)CCOc1ccccc1
mol_19c9cdbf9707fd3c,train,ACYCLIC:CCC(C)OC(C)CC
mol_19ca8ff8904c5619,train,c1ccccc1
mol_19cbaa5f5509cb22,train,O=C1NS(=O)(=O)Nc2ccccc21
mol_19d304bae5e5644a,train,O=c1ncncn1C1CCCO1
mol_19e0310dee2d7eb4,train,c1ccccc1
mol_19e73e4152d6e87e,train,O=C1CCCCCCCCCCCC(=O)OCCO1
mol_19f782e05c692c94,train,c1ccccc1
mol_1a026df0d0976b37,train,c1ccccc1
mol_1a0290581e597314,train,ACYCLIC:CCCCC(CC)COCCC#N
mol_1a0f38aa9bcb8cc0,train,ACYCLIC:NCCNCCNCCN
mol_1a13837dec7e3e20,train,c1ccc2c(c1)NCCO2
mol_1a149d4cfb3e1aa0,train,c1ccccc1
mol_1a1aa950e6b22cef,train,c1ccc(Nc2ccncn2)cc1
mol_1a3338eedd6bb9d8,train,c1ccccc1
mol_1a3cfb98cf17d743,train,c1ccccc1
mol_1a4410ff6e18960b,train,ACYCLIC:CCCCCCCCCCCSCC(=O)O
mol_1a4d54ddd833c0ba,train,c1ccccc1
mol_1a57e48d097305fc,train,O=c1cc[nH]c2cc(N3CCNCC3)ccc12
mol_1a59d58a780348ea,train,O=S1(=O)NC(C2CC3C=CC2C3)Nc2ccccc21
mol_1a8141c9216dd47b,train,c1ccccc1
mol_1a99dbbfcaad2e3c,train,O=c1ccn2c3c(c(N4CCNCC4)ccc13)OCN2
mol_1aa1ca021de45314,train,c1ccccc1
mol_1aa621b1d38a32c6,train,c1ccccc1
mol_1aa6d47a8b92e9b7,train,ACYCLIC:CNC(=O)ON=C(C)SC
mol_1aa73e1313b880ad,train,ACYCLIC:CC(C)CCCC(C)CCO
mol_1aba62587f294e69,train,c1ccc2nc3c(cc2c1)CCCC3
mol_1acff58aa4cc6018,train,c1ccccc1
mol_1adf9e1c586da2c3,train,C(=C1c2ccccc2-c2ccccc21)c1ccccc1
mol_1af753043374d08f,train,c1ccccc1
mol_1b0bcff9fe1ea207,train,c1ccc(C(c2ccccc2)N2CCN(c3ncncn3)CC2)cc1
mol_1b0cfed771e2607e,train,O=C1NC(=S)SC1=CC=Cc1ccccc1
mol_1b22bb96f0cebe2d,train,C1=NCC2c3ccccc3Cc3ccccc3N12
mol_1b23813d5ac60617,train,O=C(N=NC(=O)OCc1ccccc1)OCc1ccccc1
mol_1b2804c70d5fe64f,train,O=C1CCCS1
mol_1b2ab8c3b84ec1a4,train,O=C1CNC(c2ccccn2)=N1
mol_1b374cc7757f91c0,train,c1ccc([SiH2]c2ccccc2)cc1
mol_1b39b9d1f7c63592,train,O=C1NC(=O)C(Cc2ccc(OCCNc3ccccn3)cc2)S1
mol_1b3e042a502892cd,train,C(=Cc1cncn1Cc1ccccc1)Cc1cccs1
mol_1b6f83d9244dc12c,train,ACYCLIC:ClC(Cl)Br
mol_1b718a1b303f4f66,train,c1ccccc1
mol_1b87761baaabd39b,train,ACYCLIC:[Cl][In]([Cl])[Cl]
mol_1b9ba310c49e3fde,train,c1ccccc1
mol_1ba11d38c547c62a,train,O=C1N(Cc2ccc(-c3ccccc3-c3nnn[nH]3)cc2)C=NC12CCCC2
mol_1bc4ba95c8802c23,train,c1ccc(-c2nnn[nH]2)c(-c2ccc(Cn3cnc4cccnc43)cc2)c1
mol_1bcc1175c5987b60,train,O=C1NC2CCCCN2C12CCN(CCCN1c3ccccc3CCc3ccccc31)CC2
mol_1bedcab6ea8ae031,train,O=c1[nH]c(=O)n(-c2ccc(Oc3ccccc3)cc2)c(=O)[nH]1
mol_1bf4a7808a9d5fb3,train,c1ccc2c(c1)NCCO2
mol_1c2213a964c13ffc,train,c1ccc2cc(Nc3ccc(Nc4ccc5ccccc5c4)cc3)ccc2c1
mol_1c29a7ff45a0396e,train,O=c1ccc2ccccc2[nH]1
mol_1c306d2a10110ad1,train,c1ccccc1
mol_1c372aa2de5e139c,train,c1ccccc1
mol_1c387b0c5796c8a3,train,ACYCLIC:CC(=O)OC(C)C(=O)OCC[N+](C)(C)C
mol_1c38f13409497b08,train,ACYCLIC:C=CCOCC(O)CO
mol_1c4f336aed56186e,train,c1ccccc1
mol_1c552051be5a7065,train,c1ccc(Nc2ccccn2)cc1
mol_1c61a957d7b7eac3,train,ACYCLIC:CCC(C)(C#N)/N=N/C(C)(C#N)CC
mol_1c6d108967834a58,train,ACYCLIC:CCCCC/C=C\C/C=C\CCCCCCCC(=O)OC
mol_1c7053657a3d87ab,train,c1ccc(Oc2ccc(OCC3COCO3)cc2)cc1
mol_1c7426442fd1e365,train,O=S1(=O)CCCCN1c1ccccc1
mol_1c7ab5fdb5b13287,train,C1=Cn2c3c(c4ccccc42)CCN2CCCC1C32
mol_1c7e867465496ea2,train,c1ccc2c(c1)sc1ccccc12
mol_1c83d4e4f6f97f48,train,ACYCLIC:CC(C)(C)C(=O)C(Cl)Cl
mol_1c89018b60bfe74b,train,S=C(SSSSSSC(=S)N1CCCCC1)N1CCCCC1
mol_1ca20493c7afc142,train,ACYCLIC:CCCCCC/C=C/C=O
mol_1ca7bb3e70c27bbc,train,c1ccccc1
mol_1cc240ffc89f54bf,train,S=c1scc(-c2ccccc2)n1N=Cc1ccccc1
mol_1cc477c64854dbea,train,c1ccc(C[SH+]c2nc3ccccc3[nH]2)nc1
mol_1cc6f26317f537ea,train,c1ccccc1
mol_1cc935a7fc46e4e9,train,c1ccccc1
mol_1cca1ba262bec65a,train,c1ccccc1
mol_1ccbf8af9af00e15,train,c1ccccc1
mol_1ccdc3b85142a7f1,train,O=C1OCC2C(OC3CCC4OC(c5cccs5)OCC4O3)c3cc4c(cc3C(c3ccccc3)C12)OCO4
mol_1cd73b2096a5ce16,train,C1CCC(OC2CCCC(OC3CCCCO3)C2)OC1
mol_1cd93ce94648705a,train,ACYCLIC:CCOCCOC(C)=O
mol_1ce1fde53c7e0149,train,c1ccc(-c2ccc(Cn3cnc4ccc(-c5nc6ccccc6[nH]5)cc43)cc2)cc1
mol_1cfdd9a4ea6a0410,train,c1ccccc1
mol_1d03828e7a747587,train,ACYCLIC:C=C[Si](C)(C)O[Si](C)(C)C=C
mol_1d0ee9830cf2d755,train,c1ccc(OCc2ccno2)c(CNc2ncnc3c2ncn3C2CCCO2)c1
mol_1d104346aaf14726,train,c1ccccc1
mol_1d1204c876ba2642,train,ACYCLIC:NCCCNCCCN
mol_1d1637111995fd01,train,ACYCLIC:O=[N+]([O-])C(Br)(CO)CO
mol_1d2037339ce4dee6,train,c1ccc(OCn2ccnc2)cc1
mol_1d20f4a4bfa7cb44,train,c1ccc(COC(Cn2ccnc2)c2ccccc2)cc1
mol_1d29399d9ca2089c,train,O=C1C=C2CCC3C(=C2CC1)C(c1ccccc1)CC1CCCC13
mol_1d3c2815012ef98d,train,C=C1CCC2C3Cc4cccc5c4C2(CCN3CC2CC2)C1O5
mol_1d51a20a84d6e992,train,ACYCLIC:O=C(CCl)CCl
mol_1d76f2dcaa7d2ae4,train,c1ccccc1
mol_1d88c53c2ee587e2,train,O=C(CNC(=O)CNC(=O)C(Cc1ccccc1)NC(=O)CNC(=O)C(Cc1c[nH]c2ccccc12)NC(=O)C(Cc1c[nH]cn1)NC(=O)C1CCC(=O)N1)NCC(=O)N1CCCC1
mol_1da2d894ec2b0ca8,train,ACYCLIC:NC/C=C/C(=O)O
mol_1da854b3da1e89fa,train,c1ccccc1
mol_1da8a13d88c5628a,train,c1ccccc1
mol_1daa67b02fc25d0d,train,c1ccc(Cn2cnc3ccccc32)cc1
mol_1db244cf9fd89363,train,c1ccc(CCCCOCCCCCCNCCc2ccccc2)cc1
mol_1dc1356bb3f8ccb1,train,c1ccc(NCc2ccsc2)nc1
mol_1dce5e47545252d8,train,c1ccccc1
mol_1dcfd50a2524e857,train,c1ccc(-c2nc3ccccc3s2)cc1
mol_1dd4664c4c3a0f16,train,c1ccc2c(CCCC3CCCO3)cccc2c1
mol_1dfa3a2e49603780,train,c1ccc2c(c1)Sc1ccccc1N2CC1CCNC1
mol_1dfd8eecc21e9a09,train,C1CC2CCOC3OC4CCC(C1)C23OO4
mol_1e08ced9070c1b21,train,O=c1cc(-c2ccccc2)oc2c(C3CCNCC3)cccc12
mol_1e17b8778c4da356,train,ACYCLIC:CCCCCCCCC(=O)OCC(C)OC(=O)CCCCCCCC
mol_1e1caaf18ed55dbf,train,O=C1COC(=O)CO1
mol_1e1cf5fd863e6381,train,C1=CC2C3C=CC(C3)C2C1
mol_1e39550121d1d663,train,ACYCLIC:C/C(=N\O)[C@@H](C)NCC(C)(C)CN[C@H](C)/C(C)=N/O
mol_1e3de9f19ae16e20,train,O=c1oc(=O)c2cc3c(=O)oc(=O)c3cc12
mol_1e457c79c8dbfd77,train,ACYCLIC:OCC(CBr)(CBr)CBr
mol_1e5a364b6f2b5d01,train,ACYCLIC:CCCOC(=O)CCCCC(=O)OCCC
mol_1e65eda2f3dde396,train,C=C(C(=C)c1ccccc1)c1ccccc1
mol_1e6fc792ac7623df,train,c1ccccc1
mol_1e900045c537de8c,train,c1ccccc1
mol_1e95a46f8d14092e,train,ACYCLIC:O=S(=O)(O)CCCS(=O)(=O)O
mol_1e9b184cf90f8186,train,O=c1[nH][nH]c(=O)c2ccccc12
mol_1ea98b6395e7bfaa,train,c1ccccc1
mol_1eb57428867df0f6,train,ACYCLIC:COC(C)(C)CCC[C@H](C)C/C=C/C(C)=C/C(=O)OC(C)C
mol_1ebe5c38ac6de958,train,O=C(CCc1ccccc1)c1ccccc1
mol_1ec749504ddd464a,train,N=C(C=Cc1ccco1)C=Cc1ccco1
mol_1ee12d0cfe40bf37,train,O=C1CCCC(CCC2CC=CC3=CCCCC32)O1
mol_1f0496f812192cb9,train,c1ccc(-c2nnn[nH]2)cc1
mol_1f06a9e1dd2e143a,train,c1ccc2c(c1)Sc1ccccc1N2CCCN1CCCCC1
mol_1f0b22809ca4241b,train,c1ccccc1
mol_1f18bfe434543c1b,train,c1ccc2c(c1)[nH]c1ccccc12
mol_1f2b3f16a170853d,train,ACYCLIC:CCOP(=O)(CC)OCC
mol_1f310d04b3eab3c7,train,O=P(c1ccccc1)(c1ccccc1)c1ccccc1
mol_1f36fe6ae1f46586,train,c1ccccc1
mol_1f37e4b6fb72841e,train,O=C(OCCOC(=O)c1ccccc1)c1ccccc1
mol_1f3a1eb859a669ca,train,c1ccccc1
mol_1f3d297fdcb5237b,train,O=C(CCc1ccccc1)NCC(=O)NCC(=O)NC(Cc1c[nH]c2ccccc12)C(=O)NCC(=O)NCC(=O)NCCc1ccccc1
mol_1f42c3f3b0b482dc,train,c1ccccc1
mol_1f4bcd793879acae,train,ACYCLIC:OCC(CO)(CO)COCC(CO)(CO)CO
mol_1f4d0c841fbc8488,train,ACYCLIC:O=[N+]([O-])OCCN(CCO[N+](=O)[O-])CCO[N+](=O)[O-]
mol_1f5d30f36ada8d81,train,c1ccccc1
mol_1f6e17f209ee6aef,train,ACYCLIC:CCCCC(=O)O
mol_1f7179bff6567374,train,ACYCLIC:CCCCCCCCSCC
mol_1f71ab9c29869af0,train,O=c1cc[nH]cn1
mol_1f723f2d0fa30ad2,train,O=C(CCN1CCNCC1)N1c2ccccc2Sc2ccccc21
mol_1f91c99fad720b8d,train,c1ccc(OCCCN2CCN(c3ccccc3)CC2)cc1
mol_1f92e4b4fca63f69,train,ACYCLIC:O=C(O)CCSCCC(=O)O
mol_1f9a3be8a7ded888,train,O=C(CN1CCN(CCCOc2ccccc2)CC1)Nc1ccccc1
mol_1fb628fcfb06faae,train,ACYCLIC:N#CCN(CC#N)CCN(CC#N)CC#N
mol_1fbacc944d2f7e44,train,O=C(NCN1CCCC1)C1=CCC2CC3Cc4ccccc4C(=O)C3=CC2C1=O
mol_1fcc3c9e35fc40a8,train,c1ccccc1
mol_1fec8fa1ecf987bb,train,ACYCLIC:C=CC(=O)CCCCC
mol_1fefc03d55d2b1e4,train,c1ccccc1
mol_2003a0c27cc29f44,train,ACYCLIC:OC[C@@H](O)C(O)[C@H](O)CO
mol_20148d1ede780552,train,c1ncc2nc[nH]c2n1
mol_201878cc0285a053,train,c1ccc2c(c1)Cc1ccccc1O2
mol_201f77085fb60236,train,ACYCLIC:CCCC(CCC)(C(=O)OCC)C(=O)OCC
mol_2022752d6b4ee5b2,train,c1ccccc1
mol_2026769249981c2e,train,O=C1C=CC=CCCCCCCCCC=COC2Oc3ccc4c(c3C2=O)C2=NC3(CCNCC3)NC2=C(N1)C4=O
mol_2036a64d32e85e70,train,c1ccccc1
mol_20399353572e5905,train,O=C(c1ccccc1)N1CCOC(CCN2CCC(c3ccccc3)CC2)(c2ccccc2)C1
mol_203d22e8ce47da0b,train,c1ccccc1
mol_2046603cc3a17bac,train,c1ccc2c(c1)CCCC2C1=NCCN1
mol_204c83ac13c46316,train,ACYCLIC:O=C(O)CCl
mol_207743a6c42d7178,train,O=C1NC(=O)N(C(=O)c2ccccc2)C(=O)C1c1ccccc1
mol_208988e22b9a1096,train,c1ccc(C2CCc3ccccc32)cc1
mol_208c48ab7148e1f9,train,O=C1CCCCCCCCCCC1
mol_2091c1467a4d45ff,train,ACYCLIC:O=C(O)C(Br)CBr
mol_209775b5ce424948,train,N=C(NN=Cc1ccccc1)NN=Cc1ccccc1
mol_209cdaf0271bcb07,train,c1ccc2c(c1)CC1CC2CCN1CC1CC1
mol_20ad87241363369a,train,O=C1OCC2C(OC3CCC4OCOCC4O3)c3cc4c(cc3C(c3ccccc3)C12)OCO4
mol_20b0688b5100af7f,train,c1ccccc1
mol_20b1f3d018f38127,train,c1ccccc1
mol_20b5bb72ad4ef21e,train,c1ccccc1
mol_20b6f607ab288f31,train,O=C(CCCN1CCC(c2ccccc2)CC1)c1ccccc1
mol_20c4eab89f67054d,train,C=C1SC(C(=O)NC2C(=O)N3C=C(CSc4nnn[nH]4)CSC23)S1
mol_20d63c7b4057dabf,train,c1ccccc1
mol_20df4b14ca2cc249,train,ACYCLIC:N#CS
mol_20df4c4b1a9b808c,train,c1ccc2c(C3CCCCC3)cccc2c1
mol_20eb3726ab762681,train,c1ccc2c(c1)Cn1ccnc1N2
mol_20f82a89e906e3f6,train,C1=CCCC=C1
mol_20fcb3bf0b45b783,train,O=C1C=CC2C(=C1)CCC1C2CCC2C1CC1OCOC12
mol_210d401ddcbbb74b,train,c1ccccc1
mol_21175b8f51e84349,train,O=C(NC1=CCCN1)Nc1ccccc1
mol_211760fdab1e00e3,train,O=C1NC(=O)C(c2ccccc2)N1
mol_212639f0a410ca15,train,c1ccc(C(c2ccccc2)C2CN3CCC2CC3)cc1
mol_21280c79611fbe8f,train,O=c1cc(NCCCN2CCN(c3ccccc3)CC2)[nH]c(=O)[nH]1
mol_21368b64d2c0240d,train,ACYCLIC:CC(C)(Cl)Cl
mol_2137c7063a71568c,train,O=C1Nc2ccccc2C1=Cc1ccc[nH]1
mol_213daa3a4fa798c0,train,ACYCLIC:CCCCCCCCCCCCCCC(Br)C(=O)O
mol_2144b083309d4adb,train,O=C1C=CC2C(=C1)CCC1C2CCC2C1CC1OCOC12
mol_21454a3efb52eb34,train,O1[SiH2]O[SiH2]O[SiH2]1
mol_214763a02a4f2c76,train,C1CCC(OC2CCOC(OC3CCC(OC4CCOCC4)OC3)C2)OC1
mol_2156a0c6a661ff52,train,c1ccccc1
mol_21604080f2471347,train,S=C1CN=C(c2ccccc2)c2ccccc2N1
mol_21680b527e35f1d2,train,ACYCLIC:CCCCCCC(O)CCCCCCCCCCC(=O)OC
mol_216eeb1ce0bf339a,train,ACYCLIC:CC(C)=CCC/C(C)=C/CC/C(C)=C/CCC(=O)OC/C=C(\C)CCC=C(C)C
mol_2170c7dd22e7303f,train,O=C1CCCC(=O)C1=CC1CC1
mol_21751897a6448cc7,train,c1ccccc1
mol_218b3531f04a6211,train,O=C(CNC(=O)C(Cc1c[nH]c2ccccc12)NC(=O)C(Cc1ccccc1)NC(=O)CNC(=O)C(Cc1c[nH]c2ccccc12)NC(=O)C(Cc1c[nH]cn1)NC(=O)C1CCC(=O)N1)NCC(=O)N1CCCC1
mol_219688c0ab1fdd3c,train,O=C1C=CC(OC(=O)C2CC2)C1
mol_21970e31a373f137,train,c1ncc(C[n+]2ccsc2)cn1
mol_21a211c67431d4cc,train,c1ccc2c(c1)Sc1ccccc1C2=C1CCNCC1
mol_21c1a14b728ba03c,train,ACYCLIC:CCCCCCCCCCC(=O)O
mol_21c367eb2f0ee5cb,train,c1ccc(C2(Cn3ccnc3)OCC(COc3ccc(N4CCNCC4)cc3)O2)cc1
mol_21da95e31101cc5f,train,C1=CC2CC1C1CCCC21
mol_21e2c1f7adecc533,train,c1ccc2c(c1)Cc1cccnc1O2
mol_21e9e6150c40c857,train,c1ccccc1
mol_21ee21478166b0bd,train,ACYCLIC:C=CCCCCCCCC
mol_2209e4692dc6f41d,train,O=C(CCc1ccccc1)OCCOCCOCCOC(=O)CCc1ccccc1
mol_2230e92797b90875,train,O=c1cc[nH]c(=S)[nH]1
mol_2232c646b3e88a98,train,c1ccc(CCN2CCC(Nc3ccccc3)CC2)cc1
mol_2235dfdcf60a4a9c,train,ACYCLIC:CCCCCCCCCCCCCCO
mol_223d9fad21b2a382,train,ACYCLIC:NCCS(=O)(=O)O
mol_224759a6cd3460be,train,O=C1C(=C2Nc3ccccc3C2=O)Nc2ccccc21
mol_22584443d9512992,train,C1CC2OCC1OC1CCC(CO1)OC1CCC(CO1)OC1CCC(CO1)OC1CCC(CO1)OC1CCC(CO1)OC1CCC(CO1)O2
mol_226a68ed465d252d,train,c1ccccc1
mol_2279a5e9623533f1,train,ACYCLIC:C=CC(O)CCCCC
mol_2284ab2d6683f1f6,train,ACYCLIC:CC(Cl)(Cl)C(=O)O
mol_228808284280ba55,train,c1ccccc1
mol_228c2214af113303,train,ACYCLIC:CCOC(=O)C(F)(F)F
mol_22918dd077fc706a,train,O=C1OC2(CCN1CC1CCOCC1)CCN(C1CCN(C(=O)c3cncnc3)CC1)CC2
mol_2292444ca52ca678,train,C1=COCCC1
mol_229a949c387f5ea2,train,O=C1OC(CCc2ccccc2)CC=C1Cc1cccc(NS(=O)(=O)c2ccccn2)c1
mol_229d25d81a710faa,train,c1ccccc1
mol_22b442ccc88fba57,train,c1ccccc1
mol_22b5ff9859ebde25,train,O=C1OC(C2NCCc3cc4c(cc32)OCO4)c2ccccc21
mol_22be0f43960a34c6,train,O=c1[nH]c2ccccc2o1
mol_22bf303dafd68346,train,c1ccccc1
mol_22c0778865598f4c,train,ACYCLIC:COCC(=O)O
mol_22cfbe91fe552390,train,O=S(=O)(Nc1ccccc1)c1ccccc1
mol_22da96caf31ca192,train,c1ccccc1
mol_22e085c4bdf76997,train,ACYCLIC:BrC(Br)C(Br)Br
mol_22e381ef2a035202,train,ACYCLIC:CC(C)(C)NCCNC(C)(C)C
mol_22e3cc7a323b7ad5,train,c1ccccc1
mol_22f59abcde84fdd2,train,c1ccccc1
mol_22f5eb9940e99c4b,train,ACYCLIC:COP(=O)(OC)O/C(C)=C/C(=O)N(C)C
mol_22f85806193111c4,train,c1cc2c(c(NC3=NCCN3)c1)CCCC2
mol_22fd91207eb3b567,train,ACYCLIC:CCCCN(CCCC)CCCC
mol_230754e8b83c1fb5,train,ACYCLIC:COC(C)(C)CCCC(C)CC=O
mol_2310d8a00ebe5b64,train,c1cc2c3c(c1)OC1CCCC4C(C2)NCCC314
mol_23111eff20714c2d,train,O=C1CCCCOC(=O)CC(OC2CCCCO2)CC(OC2CCCCO2)CCC1
mol_231769177ee8b7f1,train,ACYCLIC:ClCCCCCCCl
mol_232654a016cb0973,train,O=c1nccnn1C1CCCO1
mol_232c83c93a0ac5b7,train,c1ccccc1
mol_232e12c2cd073d28,train,c1cc2c(c[nH+]c3c4cc5c(cc4ccc23)OCO5)c2c1OCO2
mol_233b5b2502d590d7,train,O=C1C=CCO1
mol_233cafe19c7f6b5c,train,c1ccccc1
mol_2342647c04ddcf9a,train,ACYCLIC:COC(C)OC
mol_234304811b564979,train,O=C1CC2CCCOC2C1
mol_2354e9e251475f7a,train,C1CN(C2CCC3CCC4C5CC(N6CC[NH2+]CC6)CC5CCC4C3C2)CC[NH2+]1
mol_236347ba4b33ba22,train,C1=CC2=CCC3CCCCC3C2CC1
mol_2364ff626964c0f2,train,c1ccccc1
mol_23679276be1a8a05,train,ACYCLIC:CCCCCCCCCCCCCCCC(=O)OC[C@H](COP(=O)([O-])OCC[N+](C)(C)C)OC(=O)CCCCCCCCCCCCCCC
mol_236d10020df5e5a5,train,c1ccc(CNc2ccccn2)cc1
mol_2370db913b18aa01,train,c1ccccc1
mol_23771bd8c416f241,train,O=C(NC(=O)c1ccccc1)Nc1ccc(Oc2ccccc2)cc1
mol_23794d91c53ae875,train,ACYCLIC:NO
mol_237b6e2d47076a37,train,ACYCLIC:[P]#[In]
mol_239564a6154d0f48,train,O=C(NC1N=C(c2ccccc2)c2cccc3c2N(CC3)C1=O)c1cccnc1
mol_2397f61dd9011d86,train,c1csc(C(=C2CCC[NH2+]C2)c2cccs2)c1
mol_23a5512704a12a81,train,c1ccccc1
mol_23ac17c10cc5b4ef,train,c1ccccc1
mol_23bee722df5cc321,train,ACYCLIC:CCCCOC(=O)CCCCCCCC(=O)OCCCC
mol_23c31106803daa53,train,ACYCLIC:CCCCCCCCCCC=O
mol_23d12a08e0dcbebe,train,c1ccc(CCNc2ccccc2)cc1
mol_23d53931ea94bd23,train,c1ccc(COC(Cn2ccnc2)c2ccccc2)cc1
mol_23e0a6abf4397668,train,ACYCLIC:O=C(CS)OCCOC(=O)CS
mol_23e4daa2f846ef9b,train,c1ccccc1
mol_23f1a08e9c65df84,train,c1ccc([SH+]c2ccc3[nH]cnc3c2)cc1
mol_23f8e57fc9689695,train,ACYCLIC:CCC[CH2][Sn]([Cl])([Cl])[Cl]
mol_23fbb5173652b959,train,O=C1C=CC(=O)c2ccccc21
mol_240777ecb215da24,train,c1ccccc1
mol_242591d8e2aaa9f6,train,O=S(=O)(NCCc1cccs1)c1ccccc1
mol_24272828365f4df8,train,ACYCLIC:CCO[Si](CCC#N)(OCC)OCC
mol_243181fdc8d7f0ba,train,ACYCLIC:COC(=O)C=C(C)CCC=C(C)C
mol_243734601eba6b6a,train,c1ccc2c(c1)CC1CC2CCN1
mol_243c711dbe491331,train,ACYCLIC:C=COC(=O)C(C)(CC)CCC(C)C
mol_2443d4c47500099f,train,N=C1CCCC1
mol_244bed82ff3bd21c,train,O=c1[nH]c(=O)c2ccccc2o1
mol_2455a10763d1e021,train,c1ccccc1
mol_24714333ccaf0181,train,c1cnc2ccnn2c1
mol_24906252cfc402ef,train,O=C(Nc1ncccn1)NS(=O)(=O)c1ccccn1
mol_249068779cd76552,train,C1=C2CCC3C4CCCC4CCC3C2CCC1
mol_24949b3e5cc90a38,train,O=c1ccc(=O)[nH][nH]1
mol_249832c6134e321a,train,O=C(NC1C(=O)N2CCSC12)C(NC(=O)N1CCNC1=O)c1ccccc1
mol_249e43f020375ce2,train,ACYCLIC:CC(=O)CC(C)(C)O
mol_24b3382e15596aaa,train,c1ccccc1
mol_24c35b98fe146aef,train,ACYCLIC:CN(C)C(=O)Cl
mol_24c5909c9d987a85,train,c1ccc(CCNCCc2ccccc2)cc1
mol_24cd4af1b868ed71,train,O=P(N1CC1)(N1CC1)N1CC1
mol_24d054586321f0e6,train,ACYCLIC:CC(C)CC(=O)O
mol_24e0e8deb961d899,train,c1ccccc1
mol_24fb03e15134d458,train,ACYCLIC:FC(F)(F)C(F)(F)C(F)(F)C(F)(F)CCI
mol_24fd1469e50c9b58,train,c1ccc2c(c1)CCc1ccccc1C2
mol_250d4b366fa987c2,train,c1ccccc1
mol_252b25a0ce6827ef,train,ACYCLIC:CCCCCC[C@@H](O)C/C=C\CCCCCCCC(=O)O
mol_252b3ca65ca7ccaa,train,ACYCLIC:CC(C)=CC(=O)O
mol_25341ad37a34e5a9,train,c1ccc(C2CCN(CCCC(c3ccccc3)c3ccccc3)CC2)cc1
mol_255d2a14dd831fe2,train,c1ccc(CC2CCCC2Cn2cncn2)cc1
mol_255e6b602fbdd940,train,c1ccc(C(OCCC2CCCN2)c2ccccc2)cc1
mol_2566612834e3392f,train,c1ccccc1
mol_259cfaddc711e271,train,c1ccccc1
mol_25afcdfb5b3e163e,train,c1ccccc1
mol_25ba24335e8ec366,train,c1ccccc1
mol_25ca0ec5209417fb,train,O=C(CNCCCc1ccccc1)N1CCCC1
mol_25ce77d8033b84a6,train,ACYCLIC:CC(=O)N[C@@H]([C@@H](O)[C@H](O)[C@H](O)CO)[C@@H](O)CC(=O)C(=O)O
mol_25d5189f8241df60,train,ACYCLIC:CCOCC(C)O
mol_25e1330adbe7e7d7,train,c1ccccc1
mol_25ef9bca067efdf8,train,O=C1CCCC1
mol_25f7a258a989c1fc,train,ACYCLIC:CC(C)(CO)[C@@H](O)C(=O)NCCCC(=O)O
mol_25f875e0bc8d5ff1,train,c1ccccc1
mol_2607ffab05a74a7a,train,ACYCLIC:O=C(O)C(Cl)(Cl)Br
mol_260a8b547734cfa9,train,c1ccccc1
mol_2612c73b38a705fb,train,O=C(OCCN(Cc1ccccc1)c1ccccc1)C1=CNC=C(P2(=O)OCCCO2)C1c1ccccc1
mol_2613846757bf5fec,train,O=C1CCCCCN1
mol_261cf9339778b10c,train,O=C(OCc1ccccc1)C(=O)OCc1ccccc1
mol_261fb8a0ae76f0b9,train,c1ccccc1
mol_26215cc267867128,train,c1ccc(C2CCNCC2COc2ccc3c(c2)OCO3)cc1
mol_26289932218a47bc,train,ACYCLIC:CCOC(=O)C(=O)CCCCCCl
mol_2629d322a21b87d0,train,ACYCLIC:NC(=O)C(Cl)Cl
mol_262b4942ce5fc791,train,c1ccc2[nH+]c3ccccc3cc2c1
mol_2643958d2c17d7af,train,ACYCLIC:NNC(N)=O
mol_2647fbe3ac033f1c,train,c1ccc([SiH](Cn2cncn2)c2ccccc2)cc1
mol_26531003333e66b4,train,O=C(CCCN1CCC(n2c(=O)[nH]c3ccccc32)CC1)c1ccccc1
mol_265cb2753a2d359e,train,O=C(OCCNC1CCCCC1)c1ccccc1
mol_266bf72b0715d848,train,C1CC(COCC2CO2)CCC1COCC1CO1
mol_266f79f0092b8a0b,train,c1ccccc1
mol_267181c30cf3bbf6,train,ACYCLIC:CCO[Si](CCCN)(OCC)OCC
mol_26808972115b69d0,train,c1ccccc1
mol_26a3478ae62fd76f,train,C1CCC(C2CCC(C3CCC(C4CCC5(CCCCO5)O4)O3)O2)OC1
mol_26ad4b739f8b7f81,train,C1=CC2CC1C1C3CC(C4OC34)C21
mol_26c1a28876cd21ea,train,N=C1C=CC(=N)C=C1
mol_26c52a96cfe834d9,train,c1ccccc1
mol_26c934b5063a6bfe,train,ACYCLIC:CN(C)N=O
mol_26c9e2dcf352ce24,train,c1ccccc1
mol_26cfcda97913e5dd,train,ACYCLIC:OCC(CO)(CBr)CBr
mol_26d13530d02d2de2,train,c1ccccc1
mol_26d5d10cb2f0cf42,train,c1ccccc1
mol_26d8f95529372a09,train,ACYCLIC:C=C(C#N)C(=O)OCC
mol_26df0410c0aee313,train,c1ccccc1
mol_26e60eaf2e06db6a,train,c1ccccc1
mol_27071c8ea5d16a52,train,c1ccc(-c2ccno2)cc1
mol_27088ee5952f8a12,train,c1ccccc1
mol_27202c8d3f1cb282,train,ACYCLIC:OCCCCCCO
mol_27312bb0fdb008bf,train,O=C(C=Cc1ccccc1)NC1CCC(CCN2CCc3ccc(-c4ncon4)cc3CC2)CC1
mol_273c919340ad2e11,train,O=C(Cc1ccccc1)NC1C(=O)N2C=C(CSc3c[nH]nn3)CSC12
mol_27423c3773b306d7,train,ACYCLIC:CCCCC(CC)COC(=O)OOC(C)(C)C
mol_27453426e064006b,train,O=C(CNCCCc1ccccc1)N1CCCC1
mol_274711b114d6c63d,train,O=c1cc[nH]c(=S)[nH]1
mol_274b26f42f877c8b,train,c1ccccc1
mol_2779d5efae3a9ec3,train,O=C(NCc1ccccc1)c1ccccc1
mol_279d281d7b5a5266,train,O=C(CNC(=O)CNC(=O)C(Cc1ccccc1)NC(=O)CNC(=O)C(Cc1c[nH]c2ccccc12)NC(=O)C(Cc1cnc[nH]1)NC(=O)C1CCC(=O)N1)NCC(=O)N1CCCC1
mol_27a70ff6c1c6f73c,train,O=C1OC(C2NCCc3cc4c(cc32)OCO4)c2ccccc21
mol_27a9a4f2ae6fd084,train,c1ccccc1
mol_27acc3602ba6c5ea,train,c1ccc(C(c2ccccc2)N2CCNCC2)cc1
mol_27b025f9356b662d,train,O=C(NC1C(=O)N2CCSC12)C(NC(=O)N1CCNC1=O)c1ccccc1
mol_27b4ab76df9e47a4,train,ACYCLIC:NCCCC(=O)O
mol_27c42b6640fc1675,train,ACYCLIC:CC(C)N(CCO)C(C)C
mol_27ca99ab30f0a27f,train,C1=CCC2CC2C1
mol_27d24f4843918c11,train,ACYCLIC:CC(C)CCCC(C)CC=O
mol_27e044d577cc367f,train,O=c1cccnn1-c1ccccc1
mol_27e968e3ea94a7ab,train,ACYCLIC:CNC(=O)ON=CC(C)(C)SC
mol_27fcde4ca36f896f,train,C1=CC2CC1C1C3C=CC(C3)C21
mol_2801fbb3db3845cc,train,O=c1cc2oc3ccccc3nc-2c2cccnc12
mol_282d236909f4a0dd,train,c1ccc2c(c1)CCO2
mol_28304968a08f1901,train,c1ccccc1
mol_28377e38ecbd6438,train,O=C1CC(=O)c2ccccc21
mol_2838cd31129061a2,train,O=C(Nc1ccccc1)c1ccc2ccccc2c1
mol_284e945303022593,train,O=C1CC2N1CC(Cn1ccnn1)S2(=O)=O
mol_285e7edb40d9e29c,train,O=C(Nc1ccc2ncccc2c1)Nc1ccc2ncccc2c1
mol_285f1e2492368939,train,c1ccccc1
mol_2868380e6ef7c4b4,train,O=C(Nc1ncncn1)NS(=O)(=O)c1ccccc1
mol_2868e135a319187a,train,O=C(CCCOc1ccc2[nH]c(=O)ccc2c1)NC1CCCCC1
mol_286e7f5a3b95a2ac,train,ACYCLIC:CCCCCCCC[N+](CCCCCCCC)(CCCCCCCC)CCCCCCCC
mol_286ee54b6d55db9e,train,c1ccccc1
mol_287f0871d4d640d9,train,c1ccccc1
mol_288052159bd6e105,train,c1ccccc1
mol_288aaa2bcaf97446,train,c1ccccc1
mol_2895079cd349fefe,train,O=C(Nc1ncncn1)NS(=O)(=O)c1ccsc1
mol_28991964f4ab175d,train,c1ccc2c(c1)CCC(CCNCCCc1nc3ccccc3[nH]1)C2
mol_28c3efa414f89223,train,c1ccc(C[NH2+]CCOCCOc2ccccc2)cc1
mol_28d0bb34159ee696,train,C=C1c2ccccc2CCc2ccccc21
mol_28dbdb4674859c13,train,c1ccccc1
mol_28dc463dc3311833,train,c1ccc(OCC2CO2)cc1
mol_28ecef7a946ddfe9,train,ACYCLIC:CC(O)COCC(C)O
mol_28fc66992c93b32d,train,c1ccccc1
mol_28fe5b1ee316a92d,train,c1ccc(P(c2ccccc2)c2ccccc2)cc1
mol_2908012d4d1af71b,train,c1ccccc1
mol_290863a247242cd9,train,ACYCLIC:CCCCCCCCCCCCCCCC[N+](C)(C)C
mol_2912bd8ef0e5fccd,train,c1ccc(C2CCCCNC2)cc1
mol_291a9abc42c5ce5f,train,ACYCLIC:C=C(C)C(=O)OCCC(F)(F)C(F)(F)C(F)(F)C(F)(F)C(F)(F)C(F)(F)F
mol_291b3eeacfce5f2c,train,ACYCLIC:CC(C)(O)CCC(C)(C)O
mol_291d7e39454d0b5b,train,c1ccccc1
mol_2939624a26fbec49,train,O=C1Nc2ccccc2C1(c1ccccc1)c1ccccc1
mol_2946d62ff091ec30,train,c1ccc2[nH]nnc2c1
mol_294c481ac180e7a7,train,c1ccccc1
mol_29650d1aa72f5896,train,c1coc(-c2nnco2)c1
mol_296c33b6117bcb87,train,ACYCLIC:NC(=O)N=NC(N)=O
mol_2974ea48a6fe07ff,train,c1ccccc1
mol_2981af91af95f135,train,c1cc2cc(c1)Oc1ccc(cc1)CC1NCCc3cc4c(c(c31)Oc1ccc3c(c1)C(C2)NCC3)OCO4
mol_2987a52aa268457e,train,ACYCLIC:CCO[Si](CCCNC(N)=O)(OCC)OCC
mol_2989d8871c6e11ba,train,O=C1CC2SCC(CSc3nnn[nH]3)=CN12
mol_29913ada006a4ec6,train,O=C(NCCCN1CCOCC1)c1ccccc1
mol_29a7aa3664fd7254,train,c1cncc(CCn2c3c(c4ccccc42)CNCC3)c1
mol_29a94774d8839979,train,c1ccc(CC2COc3ccc(OCc4nc5ccccc5s4)cc3C2)cc1
mol_29ae1d24e6963225,train,ACYCLIC:CCC(C)C(C)(COC(N)=O)COC(N)=O
mol_29b67393927b0d1c,train,c1ccc(-c2cn3ccccc3n2)cc1
mol_29c0da1a940ac0e3,train,ACYCLIC:NC(=S)NC(N)=S
mol_29c5321e1c9b0138,train,ACYCLIC:C=C(C)C(=O)OCCOP(=O)(O)O
mol_29d48ef1d635799d,train,O=C(OCCCOC(=O)c1ccccc1)c1ccccc1
mol_29d79d9a79fc1c35,train,O=c1ccn(C2CC2)c2cc(N3CCNCC3)ccc12
mol_29e4983b26f1a164,train,ACYCLIC:C[CH2][Sn]([Br])([CH2]C)[CH2]C
mol_29e8119e899987ce,train,c1ccccc1
mol_29f1ad29bc72bbdc,train,ACYCLIC:CCC(C)NC(N)=O
mol_29f8e93367d5a20c,train,C1CCN(C2CCC3CCC4C5CC([NH+]6CCCCC6)CC5CCC4C3C2)CC1
mol_29fde42d9fb06971,train,O=C1CCCCCCCCCCCN1
mol_29ffe7971b1c26e3,train,c1ccccc1
mol_2a139f677bbbaada,train,c1ccccc1
mol_2a148668ddfa7f9a,train,ACYCLIC:O=S(=O)(O)CCO
mol_2a264c290b6c238d,train,ACYCLIC:CCCCCCCCC(=O)OCC
mol_2a3dfb910a00f7f8,train,c1ccccc1
mol_2a46af83e6380fe7,train,ACYCLIC:CN(CCO)CCO
mol_2a4b9a453bb58cc5,train,O=C1Cc2ccc3cccc4c3c2-c2c1cccc2C4=O
mol_2a58a9e63444e373,train,ACYCLIC:O=C(O)[C@H](O)[C@@H](O)[C@H](O)[C@H](O)CO
mol_2a5ef43ae4f6d2d8,train,ACYCLIC:CCCCC=O
mol_2a7890d297520dce,train,c1ccc(NC2CCN(CCc3cccs3)CC2)cc1
mol_2a7a540945215c47,train,ACYCLIC:CCCCCCC#N
mol_2a7c6b33f1132b2b,train,ACYCLIC:C=CCCCCCCCCCC
mol_2a7ceb047f2fede5,train,ACYCLIC:N#CCBr
mol_2a7fc97aa1cc3e5d,train,ACYCLIC:CCCCCCCCCCCCOCCOS(=O)(=O)O
mol_2a99f3cd97f7b8ec,train,c1ccccc1
mol_2a9a000bccff91bb,train,c1ccc(Cc2cccc(Cc3ccccc3)c2)cc1
mol_2aa9cd73de060797,train,c1ccccc1
mol_2accb86851c18226,train,c1ccccc1
mol_2aceca64e07d3b79,train,ACYCLIC:CCCCCCCCCCCC(=O)OC
mol_2ae819f129e08531,train,c1ccccc1
mol_2ae8eba94271eeac,train,O=C(OCCc1ccccc1)c1ccccc1
mol_2aee826eab424ac2,train,ACYCLIC:O=C[C@@H](O)[C@H](O)[C@H](O)CO
mol_2afcedefb4dc1f3e,train,ACYCLIC:CCCCCCCC[P+](CCCCCCCC)(CCCCCCCC)CCCCCCCC
mol_2b07a40f6d4b1f5b,train,c1ccc2c(c1)CC1NCCC23CCCCC13
mol_2b1ddf2281051e75,train,O=C(OCC=Cc1ccccc1)C1=CNC=CC1c1ccccc1
mol_2b21ec9d6ad731ec,train,c1ccccc1
mol_2b2a3b58580b134b,train,c1ccccc1
mol_2b37b44d96af6662,train,O=C(c1ccc2[nH]cnc2c1)C1CC1
mol_2b49019fde7df272,train,ACYCLIC:CCCCCCCCCCCCCC(=O)OCC(O)CO
mol_2b68d954af62704c,train,ACYCLIC:C=C(C)C(=O)OCC(O)CO
mol_2b759bd1665c1ef4,train,O=C(C(=O)c1ccco1)c1ccco1
mol_2b76661623108397,train,C=C1c2ccccc2Sc2ccccc21
mol_2b76fc1c8e11fbe7,train,c1ccccc1
mol_2b774b7e26971244,train,O=C(CC(=O)c1ccccc1)c1ccccc1
mol_2b7ef44cefcdd6da,train,O=C1Nc2ccccc2C1=O
mol_2b8db697401dbd56,train,ACYCLIC:CNC(=O)NC(O)C(Cl)(Cl)Cl
mol_2ba4e8700757c34a,train,ACYCLIC:[TlH3]
mol_2bb47efa1c00d23d,train,ACYCLIC:CC(CCl)OP(=O)(OC(C)CCl)OC(C)CCl
mol_2bc1237c7e1af8b2,train,c1ccc2c(c1)OCC(Cc1ncc[nH]1)O2
mol_2bc3683f55bd9480,train,ACYCLIC:C=CC(=O)OCCCCCCCCCC
mol_2bca7a89012260a9,train,ACYCLIC:CC(C)CC(=O)CC(C)CC(C)C
mol_2bcea5ba9e806d2f,train,O=C(CCCNC(=O)C(NC(=O)c1ccncn1)C(OC1OCCCC1OC1CCCCO1)c1c[nH]cn1)NCC(=O)NCCc1nc(-c2nc(C(=O)NCCCNCc3ccccc3)cs2)cs1
mol_2bd76cb4ad977788,train,c1ccccc1
mol_2bf2c26a1a2565e7,train,O=C(CCC1CCN(Cc2ccccc2)CC1)c1ccc2c(c1)NCCCC2
mol_2c050b69cb35f7ea,train,c1csc(C2(N3CCCCC3)CCCCC2)c1
mol_2c0c08c87880ba6f,train,ACYCLIC:CCCCCCCCCCO
mol_2c0e6a50ef99d83a,train,c1ccccc1
mol_2c0f357c17ada7fe,train,ACYCLIC:CC(C)CCCCCCCOC(=O)CCCCC(=O)OCCCCCCCC(C)C
mol_2c2572a1e58a0d7f,train,ACYCLIC:C[Si](C)(C)O[Si](O)(O)O
mol_2c37bea39d1d0a3d,train,O=C(Nc1ccccc1)Nc1ccccc1
mol_2c43ecd8e6346304,train,c1ccccc1
mol_2c48972f436e0c6f,train,c1ccccc1
mol_2c4eb2c00cfe6a57,train,O=C1c2cc3ccc(OC4CC(OC5CCCCO5)CCO4)cc3cc2CCC1OC1CC(OC2CC(OC3CCCCO3)CCO2)CCO1
mol_2c52c344fd60bee3,train,ACYCLIC:CCCCCC(C)O
mol_2c5636a3bb285643,train,ACYCLIC:CCCCN(N=O)C(=N)N[N+](=O)[O-]
mol_2c566d2ca3e98c6b,train,ACYCLIC:CCCCNP(N)(N)=S
mol_2c674b117984ed78,train,O=S1OCCO1
mol_2c72987234f2ba6e,train,c1ccccc1
mol_2c72a03ad2083b8b,train,c1ccc(-c2nc3ccccc3[nH]2)cc1
mol_2c72ff7c0cd6f670,train,c1ccc(SSc2ccccc2)cc1
mol_2c7b1e859df35573,train,O=C(c1ccccc1)c1ccc2[nH]cnc2c1
mol_2c88c16feb63b320,train,ACYCLIC:C=C(C)CCC[C@H](C)CCO
mol_2c96c19e6419d3b0,train,C1=Cc2cc3ccc(cc4nc(cc5ccc(cc1n2)[nH]5)CC4)[nH]3
mol_2c973beee7710234,train,c1ccc2c(c1)Sc1ccccc1N2CC1CN2CCC1CC2
mol_2cb874a5df4868e3,train,O=C(c1cn(-c2ccccc2)c(-c2ccccc2)n1)N1CCN(c2ccc3ccccc3c2)CC1
mol_2cb881e4140608cc,train,ACYCLIC:CCCCCCCCCCCCOCCOCCOCCOCCOCCOCCOCCOCCOCCO
mol_2cb8b0540d8b573e,train,c1ccccc1
mol_2cc00a666d40a304,train,C1=Cc2ccccc2Nc2ccccc21
mol_2cc0fbc708716e5a,train,O=C(NC1CCCNC1)c1ccccc1
mol_2cd06d33fd5614a9,train,O=C1Nc2ccccc2OC1(c1ccccc1)c1ccccc1
mol_2cde61c599272827,train,c1ccccc1
mol_2cf3f5551a907565,train,O=c1n(Cc2ccccc2)c(=O)n(Cc2ccccc2)c(=O)n1Cc1ccccc1
mol_2cf4536187e5ada0,train,ACYCLIC:CC(C)(CCl)C(=O)Cl
mol_2d00214c4be1d58f,train,ACYCLIC:CCCCCCCCCCCCCCCC(=O)OC(C)C
mol_2d028c8124acf2ff,train,c1ccc(-c2cscn2)cc1
mol_2d06478d2ac6bc93,train,O=C1CCCCCCC2OC2CC(C=Cc2cscn2)OC(=O)CCC1
mol_2d110dfb367aaae9,train,ACYCLIC:CC(C)C=O
mol_2d1badcd4d0b9b5b,train,ACYCLIC:CCCCOC(=O)CC
mol_2d2182dfe13f2152,train,c1ccc(N=Nc2ccc(N=Nc3ccccc3)cc2)cc1
mol_2d23646d4e2e218d,train,O=c1ccn2c3c(c(N4CCCCC4)ccc13)CCC2
mol_2d2955164b2abb24,train,c1ccccc1
mol_2d30b4ed10f7318a,train,c1ccccc1
mol_2d374a44b70a7b10,train,ACYCLIC:COP(=O)(OC)OC(Br)C(Cl)(Cl)Br
mol_2d4115dea9f2bc86,train,ACYCLIC:CCCCOCCOC(C)=O
mol_2d4133366ac92aa1,train,ACYCLIC:CCCCCCCCCCCCCO
mol_2d442f1e82371ba8,train,O=C1Cc2ccccc2Sc2ccccc21
mol_2d4a859930233792,train,O=c1cnn(-c2ccc(Cc3ccccc3)cc2)c(=O)[nH]1
mol_2d52a47c65c25725,train,c1ccccc1
mol_2d55105fab0c3686,train,O=C1C=C2CCC3C(CCC4C3CC3OCOC34)C2CC1
mol_2d65d4335a3e5449,train,ACYCLIC:O=[Se](O)O
mol_2d663420ace123df,train,O=S1(=O)OCCO1
mol_2d7c1ecc95bb2be5,train,O=C(COc1ccccc1)NC(CCC(Cc1ccccc1)NC(=O)CN1CCCNC1=O)Cc1ccccc1
mol_2d7f3ae70802fc0f,train,O=C1CC=CCCCCC2CCCC(O2)C(=O)C(=O)N2CCCCC2C(=O)OC(C=CC2CCCCC2)CCC1
mol_2d878fefd89829b0,train,ACYCLIC:CCCCNC(=O)OCC#CI
mol_2db4f1ddfd4c0dc8,train,c1ccccc1
mol_2db8df98067d2cff,train,ACYCLIC:C=CC(C)(O)CCC=C(C)C
mol_2dbf422055b1a4f3,train,O=C(C1CCNCC1)N1CCC(NC2CCc3ccccc3C2)CC1
mol_2dc3d4601528613d,train,O=P(Oc1ccccc1)(Oc1ccccc1)Oc1ccccc1
mol_2dc7d223f33107b3,train,c1ccc2c(c1)-c1ccccc1C2[NH2+]CCCCCC[NH2+]C1c2ccccc2-c2ccccc21
mol_2dc90e3ef4543d21,train,O=C(Cc1cccs1)NC1C(=O)N2C=CCSC12
mol_2dcb2f967875f933,train,O=S(=O)(Cc1ccccc1)c1ccccc1N1CCC(c2ccccc2)CC1
mol_2de4636c38150aca,train,c1ccc(-c2cc(CCCCCCc3ccc(OC4CCCCO4)c(-c4ccccc4)c3)ccc2OC2CCCCO2)cc1
mol_2de6bb6044658014,train,O=C(NC1OC2C3CCCN3C(=O)C(Cc3ccccc3)N2C1=O)C1CNC2Cc3c[nH]c4cccc(c34)C2C1
mol_2deb43adabdf36e2,train,c1ccccc1
mol_2dedf2f04bcbff16,train,O=C(CCc1ccc(OCCCNCCNC(=O)N2CCOCC2)cc1)OCC1COCO1
mol_2defa62b0afefe37,train,c1cc(OCC2CO2)cc(OCC2CO2)c1
mol_2df6c58e4dedfdcd,train,C=C(c1ccccc1)c1ccccc1
mol_2dfc8f9018e54406,train,ACYCLIC:C=C(C)C(=O)OCC(C)C
mol_2e0d4c9cd2077e66,train,C(COCC1CO1)OCC1CO1
mol_2e1055d9f301c41b,train,c1ccc(-c2ccc(C(c3ccccc3)n3ccnc3)cc2)cc1
mol_2e145858995cbf47,train,c1ccccc1
mol_2e4e1bc06a1ea83b,train,c1ccc(C(c2ccccc2)c2ccccc2)cc1
mol_2e561ff2355c0648,train,ACYCLIC:II
mol_2e683ad43b0acced,train,ACYCLIC:C#N
mol_2e71146591bf5d5b,train,c1ccc(Nc2ccccn2)cc1
mol_2e777941f0ee0b59,train,c1ccccc1
mol_2e78e4da99bd69d9,train,c1ccc(CN2CCN(C(c3ccccc3)c3ccccc3)CC2)cc1
mol_2e8793702d8292a5,train,c1ccc2c(c1)CCC2
mol_2e9e6fdfd535870b,train,O=S(=O)(Nc1ccccc1)c1nc2ccncn2n1
mol_2ea0156e484b75cd,train,O=c1[nH]c2ccccc2n1CCCN1CCC(n2c(=O)[nH]c3ccccc32)CC1
mol_2eb8f970c92a8ee2,train,O=C1C=CC(=O)c2ccccc21
mol_2ecf25c672e510a0,train,C=C1SC=CS1
mol_2ed960f209ed8c18,train,ACYCLIC:C[As](C)(=O)O
mol_2eec3ab47c7ff5f2,train,ACYCLIC:CC(C)(N)CO
mol_2eed19a1c9451b23,train,C1=COCCC1
mol_2ef4c4e022fb4dfe,train,c1cc2c3c(cccc3c1)CC2
mol_2ef9fea57fa29c5e,train,C1CCC1
mol_2effe39ff5295105,train,O=C(Cc1ccccc1)c1ccccc1
mol_2f1982670081a78c,train,O=S(=O)(Nc1nncs1)c1ccccc1
mol_2f39aebbdaac795d,train,ACYCLIC:O=C(O)CC(O)(CC(=O)O)C(=O)O
mol_2f41402a1b5b4c1b,train,C1CN(P2(N3CC3)=NP(N3CC3)(N3CC3)=NP(N3CC3)(N3CC3)=N2)CCO1
mol_2f4886cb34ea4708,train,O=C(c1ccccc1)n1ccc2ccccc21
mol_2f4e358bee0e8826,train,c1ccc(CCN2CCC(Cc3ccccc3)CC2)cc1
mol_2f6902f524848ead,train,c1ccccc1
mol_2f6b23b9ea82886f,train,c1ccccc1
mol_2f765c3305216845,train,O=C(NN1CCc2ccccc21)c1ccccc1
mol_2f78b33bbd3558bc,train,ACYCLIC:CCCCCCCCS(=O)(=O)Cl
mol_2f7fd9e15ea29fdd,train,S=c1[nH]cnc2nc[nH]c12
mol_2f9baa4440191dfd,train,C1CCN(CN2CCCCC2)CC1
mol_2fa14bece1fb81a6,train,c1ccccc1
mol_2fa4027f2fb49fa9,train,ACYCLIC:CCCCCCCCCCCCN(CCO)CCO
mol_2fb01f5721f84243,train,O=C1c2ccccc2-n2cncc2C2CCCN12
mol_2fb9d9d06051c8f7,train,O=S(=O)(Nc1ccon1)c1ccccc1
mol_2fc1dc3c3e422736,train,c1ccccc1
mol_2fd8be915f569548,train,C1CCC2(CO2)C(C2CO2)C1
mol_2fea7c816bda4af3,train,ACYCLIC:C/C=C/C=C/CCCCCCCO
mol_2ffa0d63e872c692,train,ACYCLIC:C[N+](C)(C)CCCCCC[N+](C)(C)C
mol_3022eb619b597dc4,train,c1ccccc1
mol_302dd9defb9d6ec9,train,O=c1ccc(-c2ccc3nccn3c2)c[nH]1
mol_30329acf5d1e81e8,train,c1ccccc1
mol_303f22af0618f0a5,train,O=c1ccc(-c2ccccc2)n[nH]1
mol_3055edd9b0022186,train,ACYCLIC:CC(C)N(C(=O)SCC(Cl)=C(Cl)Cl)C(C)C
mol_30587323d5cd7a16,train,ACYCLIC:FC(Cl)(Cl)Cl
mol_305e3cb2ca6343f8,train,c1ccc(CCN2CCC(Cc3ccccc3)CC2)cc1
mol_30758453d9b991b5,train,O=C(Nc1ccccc1)c1cccs1
mol_307fc18c5c927628,train,ACYCLIC:CCC[CH2][Sn]([Cl])([CH2]CCC)[CH2]CCC
mol_308a7d328ddae688,train,c1ccccc1
mol_3091504ad5a3241f,train,ACYCLIC:COCCCN
mol_30919039b6aaeaff,train,c1ccc(Nc2ccc3ccccc3c2)cc1
mol_30a0a73c3d57097e,train,O=C1CC2CC1C1CCCC21
mol_30a1ece6ade3a1b9,train,c1ccccc1
mol_30a5effe60ccb7cf,train,c1ccccc1
mol_30aeb0d583a4b9b8,train,O=C1c2ccccc2Cc2ccccc21
mol_30cb0f7d09ffa636,train,c1ccccc1
mol_30e49523571ec31e,train,O=c1c(-c2ccccc2)c[nH]cc1-c1ccccc1
mol_30f06103298539cd,train,ACYCLIC:CCCC[N+](CCCC)(CCCC)CCCC
mol_30fe3809efbe5f6b,train,ACYCLIC:NCC(=O)O
mol_31001c97d05a0b55,train,c1ccc(CCC(Cn2cncn2)c2ccccc2)cc1
mol_310fe53378a71ff2,train,O=C(NCc1ccccc1)c1cccnc1Oc1ccc2c(c1)OCO2
mol_312515f80564a95c,train,O=c1ccoc2cc3occc3cc12
mol_31265dd1c445bab4,train,c1ccccc1
mol_3129c6d39e2933e8,train,O=C(Oc1ccccc1)N1CCN2CCC1CC2
mol_31336a33b0862f13,train,ACYCLIC:CCOP(=O)(OCC)OP(=O)(OCC)OCC
mol_313e367c2d7eca5b,train,c1ccccc1
mol_3146620f12132a73,train,O=C(CCc1ccccc1)NC1COC(n2cnc3cncnc32)C1
mol_31546fbfcda996af,train,c1ccc(OC2CCCCO2)cc1
mol_3174200286d3d95d,train,ACYCLIC:C=C(C)C(=O)OCCCCCCCCCC
mol_3177fe4befd318d5,train,c1ccc(CNC2CCNc3ccccc32)cc1
mol_31783ebcde22e4eb,train,c1ccccc1
mol_317f5c2f835f7754,train,ACYCLIC:CCC(C)(O)CCC=C(C)C
mol_31910a440ff7f50f,train,O=C(Cc1ccccc1)OC1CC2CCC(C1)[NH2+]2
mol_3191b0bdd4155a44,train,O=S(=O)(Nc1nncs1)c1ccccc1
mol_3191fe467708de24,train,O=C(OCc1ccccc1)c1ccccc1
mol_31977c7e7a6b46b3,train,ACYCLIC:NCCC(O)(P(=O)(O)O)P(=O)(O)O
mol_3198af504b654df0,train,c1ccc(-c2csc(-c3ccccc3)n2)cc1
mol_319b0f80d9e81092,train,ACYCLIC:CCCCCCCCCCCC#N
mol_31a7e8df444b1448,train,ACYCLIC:CCCCNC(C)(C)[PH](=O)O
mol_31b7dc55f7ff7918,train,O=c1[nH]cnc2cccc(Sc3ccncc3)c12
mol_31d002540da748dc,train,ACYCLIC:CCCCCCCC(=O)OCC(COC(=O)CCCCCCC)OC(=O)CCCCCCC
mol_31d24eb19f45cbfd,train,ACYCLIC:CC(CC(C)C)=NO
mol_31d3a0c91bd26c8c,train,ACYCLIC:CC(C)CC(C)(N)C#N
mol_31d84da8493b4d4a,train,c1ccccc1
mol_31da88b744cfdd75,train,ACYCLIC:OCCSCSCCO
mol_31edba2c4eb9e38f,train,O=C1CC2OC(=O)CC2O1
mol_3207f775be6236ec,train,c1ccc(CC2CCCC2Cn2cncn2)cc1
mol_320dda16be794dc2,train,c1ccccc1
mol_32120c6b0e2d7c89,train,c1ccc(CC2CCCCC2)cc1
mol_3215e47b139e7f6b,train,c1ccccc1
mol_32174a6b13a396f8,train,c1ccccc1
mol_321a22d78e90f19e,train,ACYCLIC:CCOP(=O)(Cl)Cl
mol_321d9734a01b4a93,train,O=C1OCCN1c1ccc(N2CCOCC2)cc1
mol_3221e44d4c83844a,train,c1ccc2cccc-2cc1
mol_3222141dc45ad41f,train,O=C1CC2CCCC2C2CCC3CCCCC3C12
mol_323fcc15af3f2ddb,train,c1ccccc1
mol_3244c396dd9d6ef8,train,[N+]=C1C=CC(=C(c2ccccc2)c2cccc3ccccc23)C=C1
mol_324521da88929688,train,ACYCLIC:CC(C)N(C(=O)SCC(Cl)=CCl)C(C)C
mol_3251b8aabe55928f,train,c1ccccc1
mol_325bd91ed5a54cbb,train,ACYCLIC:FC(F)(F)C(F)(F)C(F)(F)C(F)(F)C(F)(F)C(F)(F)CCI
mol_327a2e570542357d,train,O=C1CC(=O)N(c2ccccc2)N1c1ccccc1
mol_3280f63828df986a,train,O=C(OC1COCC(OC2CC(OC(=O)c3ccccc3)CCO2)C1)c1ccccc1
mol_3289fd515c5549ad,train,O=C(C1CCC(NC2CCOCC2)C1)N1CCc2ncccc2C1
mol_329ee202f9433922,train,O=C(Nc1ccccc1)N1COC2Cc3ccccc3C2=N1
mol_329f99b59ac18448,train,C1=CC2CC1C1CCCC21
mol_32a077ef50b3c0c2,train,c1cc2c(cc1OC1CCCC1)CCC1C2CCC2CCCC21
mol_32b0a2bae45bd1ae,train,O=C(OCCCOC(=O)N(Cc1cccc[nH+]1)C(=O)c1ccccc1)N1CCCCC1
mol_32b21ddf78eaabb1,train,ACYCLIC:CCCCCC(=O)CC
mol_32b4f7afcd8b587a,train,c1ccccc1
mol_32b615175ceb7d06,train,ACYCLIC:C=CCOC(=O)CC(C)C
mol_32ba3bd7835496b0,train,C1CC[NH2+]C1
mol_32c2262b80f97369,train,O=C(Nc1ccccn1)C1=Cc2ccccc2S(=O)(=O)N1
mol_32c48ffc5c788a2a,train,O=C(C1CCCCC1)N1CCNCC1
mol_32ca2262b0d7bc62,train,c1nc[nH]n1
mol_32d1123edfc7198a,train,c1ccccc1
mol_32d382eaea86fb4a,train,ACYCLIC:CCOC(=O)CC(C)C
mol_32db284cf9ee9fc2,train,c1ccc(Cc2c[nH]cn2)cc1
mol_32dcd9406d46ddfe,train,O=C1NC(c2ccccc2)c2ccccc21
mol_32e7475f44456825,train,c1ccc(C(c2ccccc2)N2CCNCC2)cc1
mol_32f8af72c0503180,train,c1ccc2cccc-2cc1
mol_32faf6e988603ffa,train,c1ccc(CNc2ccccc2)cc1
mol_33083127c1f38268,train,c1ccc2c(c1)CCNC2
mol_331058ec8f529438,train,c1ccc(C(c2ccccc2)C2CCNCC2)cc1
mol_33132ddce59eff6d,train,ACYCLIC:N#CNC(=N)N
mol_331863eff025e999,train,C1COCCO1
mol_331c34ee8d1490b8,train,ACYCLIC:N#CN
mol_333cd06a7f8e6d63,train,c1ccccc1
mol_333fafb1f76092b2,train,ACYCLIC:CCCCC(CC)CNC(=O)CC(C)OC(=O)CCC(=O)O
mol_3357f63d7045857d,train,O=C1CC2CCC1C2
mol_335a1e07d755f470,train,c1ccccc1
mol_335aadd732e14bee,train,c1ccccc1
mol_336a5f996f2cbd1b,train,c1ccc(CCCCc2ccccc2)cc1
mol_33863d85d878901d,train,ACYCLIC:CCCCOCC(C)O
mol_3390a70ffda493fb,train,c1ccc(SCc2cnc(-c3ccccc3)s2)cc1
mol_339a18953c16b85d,train,O=C(SC=CNCc1cncnc1)c1ccccc1
mol_33a65c55faf2c216,train,c1ccc2c(c1)CC1COc3ccccc3C21
mol_33a857c11a83d158,train,ACYCLIC:OCC#CCO
mol_33c3c1b5983dad66,train,c1ccc(C2=NCc3nncn3-c3ccccc32)cc1
mol_33cab427e48b7e09,train,C1=CC2CC3CCCC3(C1)C2
mol_33e53905f6081008,train,O=C1C2CCCCC2C(=O)N1CCCCN1CCN(c2nsc3ccccc23)CC1
mol_33ec8dbe54791f6f,train,O=c1c2ccccc2ncn1-c1ccccc1
mol_33f6e9ba7897196f,train,c1ccc2c(c1)oc1ccccc12
mol_33fe8a3dd4180c84,train,C1=NC=NCN1c1ccccc1
mol_34188e0e77440001,train,O=C1CN(CCN2CC(=O)NC(=O)C2)CC(=O)N1
mol_3432a36211fe29df,train,ACYCLIC:C=CC(=O)OCC(CC)CCCC
mol_34389540b5087cfc,train,O=C1OC2CC(CC=CC(OC3CCC(OC4CCCCO4)CO3)CC=CC=C3COC4CC=CC1C34)OC1(C=CCCO1)C2
mol_343a0123432f4d23,train,ACYCLIC:[Hg+2]
mol_343efb455c2b9903,train,C1CCC(OC2CCCO2)OC1
mol_3444130ef5ed314f,train,c1ccccc1
mol_344daf2877fb2af7,train,C1CSSC1
mol_344de3e2c0e391cb,train,ACYCLIC:CCCCCCCCCC=O
mol_344fe52aad108b1d,train,c1ccccc1
mol_345783683ec7978b,train,c1csc(-c2ccc(-c3cccs3)s2)c1
mol_345bd3485155e7ab,train,c1ccccc1
mol_34616cba85b4c328,train,ACYCLIC:COS(=O)(=O)O
mol_34996578c60a7fec,train,c1ccccc1
mol_34c506cb199813c0,train,ACYCLIC:CC(C)CC(C)(O)C#CC(C)(O)CC(C)C
mol_34cab2c18efe63ab,train,c1ccccc1
mol_34cefc25b1c91839,train,c1ccc2c(c1)Sc1ccccc1N2CCC1CCCCN1
mol_34d97b7ea78a2e36,train,C(=NOc1ccccc1)c1ccccc1
mol_34e2948ac997e010,train,O=C(CCCN1CC=C(n2c(=O)[nH]c3ccccc32)CC1)c1ccccc1
mol_34e2bd83f9aea871,train,ACYCLIC:O=P(OCC(Br)CBr)(OCC(Br)CBr)OCC(Br)CBr
mol_34e65b098edf98c7,train,ACYCLIC:CCCCCCCC/C=C\CCCCCCCC(N)=O
mol_34ef1d6cd55956fd,train,C(=Nc1ccccc1)NC=Nc1ccccc1
mol_34f44d0674b70c3b,train,c1ccc2[nH]c(-c3cscn3)nc2c1
mol_34f83716011a2510,train,ACYCLIC:O=[Si]=O
mol_3503fff65b536aa1,train,O=C1c2ccccc2C(=O)c2c(Nc3ccccc3)cccc21
mol_3527c0ac3378f3ec,train,c1ccc(CCNCCOc2ccccc2)cc1
mol_35292f5a785527d3,train,O=C(NCCc1ccccc1)c1ccccc1
mol_353a02952f4aaa8a,train,N=C(C(=O)NC1C(=O)N2C=C(C[n+]3ccn4ncccc43)CSC12)c1ncsn1
mol_353bc0fbdcc37af0,train,O=C(NN=Cc1ccccc1)c1ccncc1
mol_3543f55b50b399d9,train,O=c1[nH]c2ccc([SH+]CCN3CCC(Cc4ccccc4)CC3)cc2o1
mol_355eb732b99eff4b,train,O=C(CCCCCCCCC(=O)OC1CCNCC1)OC1CCNCC1
mol_35698f3e641196eb,train,O=C1CCC2C(C1)CC(=O)C1C3CCCC3C(=O)CC21
mol_356aff16676a881c,train,c1ccccc1
mol_35907e0f7d371289,train,O=C1c2ccccc2C(=O)c2cc(C3CCCCO3)ccc21
mol_359db12950fbcf4b,train,ACYCLIC:O=C(O)CCC(=O)C(=O)O
mol_35a320a3157c7ca7,train,c1ccccc1
mol_35b620bee8d97664,train,C=C1CCC2C1CCC1C3CCCCC3CCC21
mol_35d0f3ac70ee196c,train,ACYCLIC:CCCCCBr
mol_35dc40998d8ed5fc,train,c1ccccc1
mol_35dd06842567796c,train,ACYCLIC:CCCCCCCCCCCCC
mol_35de65697c5438f6,train,O=C1CCC(c2ccccc2)C(=O)N1
mol_35f387bd02c16064,train,C1CCC(OC2CCCC(OC3CCCCO3)C2)OC1
mol_36220d937a706418,train,N=C(C(=O)NC1C(=O)N2C=C(Cn3ncnn3)CSC12)c1cscn1
mol_3624b57ce4b1211f,train,ACYCLIC:CCCCC(CC)COCCCN
mol_3629899e49926052,train,c1ccccc1
mol_3634243250e1e93d,train,c1ccccc1
mol_363803e169c8d621,train,c1ccc(CNc2ccccc2)cc1
mol_3649a7cfa591ec5f,train,c1ccccc1
mol_3654789eb8edeb48,train,ACYCLIC:OCCN(CCO)CCN(CCO)CCO
mol_365d760aab8e2099,train,c1ccccc1
mol_36721cafa52d8c07,train,O=C1OC(=O)C2C3CCC(O3)C12
mol_36804d9ced02e2ac,train,C1CC2C3CCC(C3)C2C1
mol_3687f4fb15ba3d75,train,O=C(NCCCCN1CCN(c2ccccc2)CC1)c1ccc(-c2ccccc2)cc1
mol_368e5bda7c2b18ed,train,C1CCC(OC2CCCC(OC3CCCCO3)C2)OC1
mol_3691f9dd3899cd77,train,c1ccc2c(c1)Sc1ccccc1N2CC1CCCNC1
mol_36a8a9319a9ec176,train,c1ccccc1
mol_36d1faa083ecb76b,train,c1ccccc1
mol_36e9f102affc019c,train,O=C(CNCC(=O)NCCc1ccccc1)NCCc1ccccc1
mol_36eac9f8320abc0e,train,ACYCLIC:C=CC(=O)OCC(C)OCC(C)OCC(C)OC(=O)C=C
mol_36f3c083342a5fbe,train,c1ccccc1
mol_370f32550b57b0e4,train,ACYCLIC:C[N+](C)(C)CC(O)CC(=O)[O-]
mol_37161215e6ecadef,train,O=C1C=C2C=CC3C4CCCC4CCC3C2C2CC12
mol_371ad6532024cd0d,train,ACYCLIC:O=C(O)CF
mol_371d16679a33543f,train,c1ccc(CCNCCc2ccccc2)cc1
mol_37204dc78c4bc803,train,c1ccc(CSc2nc3ccccc3[nH]2)nc1
mol_372ab61123cb3c80,train,c1ccc2c(c1)CCCC2
mol_373fa2afecd0d979,train,c1ccccc1
mol_3759f26a519c6cc2,train,O=C1c2ccccc2C(=O)c2cc3c(cc21)CCCC3OC1CCCCO1
mol_3773dbdbc8c94a23,train,c1ccccc1
mol_377b57578cc3050b,train,ACYCLIC:CC/C=C\CC/C=C/C(OCC)OCC
mol_37b7cda61aba16ab,train,c1ccccc1
mol_37b8fb565db2ade1,train,O=C1C=CC2C(=C1)CCC1C3CCCC3CC(=O)C21
mol_37bf3ef8f849474a,train,O=C(CCCCCCCCCCCCC1CCCC1)Nc1ccc(S(=O)(=O)c2ccc(NC(=O)CCCCCCCCCCCCC3CCCC3)cc2)cc1
mol_37c679c57f8a632b,train,ACYCLIC:CCCOCCOCCOCCO
mol_37db23d4e10fd74d,train,c1ccccc1
mol_37df165a45538b58,train,ACYCLIC:N#CCCOCCOCCC#N
mol_37e33538e00df853,train,ACYCLIC:OCC(O)CO
mol_37e593b796c30890,train,c1ccccc1
mol_37e6db50b7846aab,train,ACYCLIC:CC(C)OS(C)(=O)=O
mol_37f163045c668330,train,c1ccccc1
mol_381c676572b4becd,train,c1ccccc1
mol_3824251b44654f19,train,O=C1Cc2ccccc2N1c1ccccc1
mol_38393e56ed623630,train,c1ccccc1
mol_3841e0959e22bb77,train,O=C1CC2OCC3CC(=O)C4C(CCC5C(c6ccoc6)OC(=O)C6OC654)C32CO1
mol_38487ce20f2b006f,train,O=C1CC2OCC=C3CN4CCC56c7ccccc7N1C5C2C3CC46
mol_38704908c0253f9d,train,O=c1ocnn1-c1ccccc1
mol_38799988c48b515c,train,O=C1NC(=O)C(c2ccccc2)S1
mol_387ee961e89fe7ee,train,c1ccc(-c2cccc(-c3nc[nH]n3)c2)cc1
mol_388618c9a135ffb7,train,c1ccc2c(c1)CCCO2
mol_388624d42a5a29bc,train,ACYCLIC:NNCCO
mol_3892e551b8fdfdef,train,N=C1CCOC2(C1)CC1CC(CC=CCCC=CC=C3COC4CC=CC(C(=O)O1)C34)O2
mol_38942f2b41ff29e6,train,O=S(=O)(NC1CCCCC1)c1ccccc1
mol_38a033fb2b7e6ab2,train,ACYCLIC:CNC(=S)NC
mol_38a05c58c6e14772,train,O=C(OC1CCC2CC3c4[nH]c5ccccc5c4CCN3CC2C1)c1ccccc1
mol_38a3bef446e9488e,train,ACYCLIC:CC(C)(CO)CO
mol_38a5e3ffce9701e8,train,c1ccccc1
mol_38b0123622389c4d,train,ACYCLIC:[Fe+3]
mol_38ca3ac3eb12e3b7,train,c1ccccc1
mol_38d3ee408875e160,train,c1ccc(NCCCNc2ccccc2)cc1
mol_38e62f91f7de5fa8,train,O=c1cc[nH]c(=O)[nH]1
mol_38f3ba14471f59bb,train,c1ccccc1
mol_390b292ea15e59dd,train,c1ccc(-c2nccc3ccccc23)cc1
mol_392ec089ea262bcf,train,c1ccc(CNCc2ccccc2)cc1
mol_394a340ef95f0397,train,O=C1CCCNC(=O)CNC(=O)CNC(=O)CNC(=O)CNC(=O)CNC(=O)CN1
mol_394c7997eb141699,train,ACYCLIC:CC(C)CC(C)N
mol_39540f42f16b164a,train,ACYCLIC:N=C(N)NN
mol_396c0216cfac263d,train,c1ccccc1
mol_39713d5493442d79,train,O=C1Cc2cc3n(c(=O)c2CO1)Cc1cc2ccccc2nc1-3
mol_3973948775798be2,train,c1ccccc1
mol_3982491446ba7927,train,c1ccccc1
mol_39a2d9f0b845c954,train,c1ccc(Nc2ccc3[nH]cnc3c2)cc1
mol_39a605f9be7951c9,train,c1ccccc1
mol_39ab914cc0a28556,train,O=c1cc[nH]c(=O)n1-c1ccccc1
mol_39af049fbf39b454,train,c1ccccc1
mol_39b543b5b2339ec8,train,O=C1CNC(=O)N1c1ccccc1
mol_39bf6dcf79fb083d,train,c1ccc(Cc2cncnc2)cc1
mol_39c3efd1329207cc,train,c1ccccc1
mol_39c48ebeb435f70e,train,O=C1CCCC1
mol_39d09e64e0ce65af,train,ACYCLIC:N#CSCSC#N
mol_39da06a448962f28,train,O=C(CCN1CCN(CCc2ccccc2)CC1)c1ccccc1
mol_39ea946880599dc2,train,ACYCLIC:CCCCP(CCCC)CCCC
mol_39f5a9f6d46165b8,train,c1ccccc1
mol_3a00d389ad4e9234,train,c1ccccc1
mol_3a1969ae5bb70019,train,c1ccc(C2(c3ccccc3)CC2C2=NCCN2)cc1
mol_3a1b8bb9fd1a6052,train,c1ccc2c(c1)CCCN2
mol_3a1eb52ef9ec85d8,train,c1ccccc1
mol_3a4eed15131cce2b,train,C1CC2CCOC3OC4CCC(C1)C23OO4
mol_3a55d9c890088cf3,train,O=c1c2ccccc2sc2ccccc12
mol_3a5dfbc3a4eab0e2,train,c1ccc(C2CCC2)cc1
mol_3a6db25d503b2114,train,O=C(CCN1CC1)OCC(COC(=O)CCN1CC1)COC(=O)CCN1CC1
mol_3a800cc19c077657,train,c1ccccc1
mol_3a8207c0c0b4eb20,train,O=C(Nc1ccccc1)OCC(CN1CCCCC1)OC(=O)Nc1ccccc1
mol_3a9ba55e420e7f30,train,ACYCLIC:CC(C)N(C)C
mol_3aa7b391169acd43,train,c1ccc(CNCCC(c2ccccc2)c2ccccc2)cc1
mol_3abe1a990aa4b599,train,ACYCLIC:CC(=O)C(C)(C)C
mol_3ad1d3ccb5913358,train,O=C(OC1CCC2CC3c4[nH]c5ccccc5c4CCN3CC2C1)c1ccccc1
mol_3ad42b860ead9efb,train,c1cc2c3c(c[nH]c3c1)CC1NCCCC21
mol_3ada493953f0f5a3,train,ACYCLIC:CCCCCC=O
mol_3ae4c44a0a8b7077,train,c1ccccc1
mol_3aee7c8e065e0424,train,ACYCLIC:NCCNCCO
mol_3b007b7f8c07eda6,train,ACYCLIC:CCN(CCO)CCO
mol_3b04f03fc3120118,train,O=c1cc(-c2ccccc2)[nH]cn1
mol_3b059c858bea8d4e,train,ACYCLIC:CCCCCCCCCCCCCCCCBr
mol_3b07f2b4f5ed1ed3,train,C1=CNCN1
mol_3b0a81d4b6223917,train,C(=CC=CC=CC=CC=CC1=CCCCC1)C=CC=CC=CC=CC1=CCCCC1
mol_3b229494d40048df,train,C1=CC2CCC1C2
mol_3b25289543eeed2d,train,c1ccccc1
mol_3b3c651be82187f3,train,O=C(Nc1ccno1)c1ccccc1
mol_3b3e0318a520901e,train,c1ccc(-c2conc2-c2ccccc2)cc1
mol_3b52e39e0b92a70a,train,O=C1c2ccccc2CN1C1CCCCC1
mol_3b535a9ddb3ee133,train,ACYCLIC:CCCCCCCCCCCCCCCCCBr
mol_3b701962f33aed07,train,c1ccc2c(c1)ccc1ccc3c(c12)OCO3
mol_3b7d82e198f74be7,train,O=C1CSC2(CCN(CCCN3c4ccccc4Sc4ccccc43)CC2)N1
mol_3b89a2efdd7eaa82,train,c1ccc2c3c([nH]c2c1)C1CC2CCCCC2CN1CC3
mol_3b918e9855bb86f3,train,c1ccccc1
mol_3b91f74be897f880,train,ACYCLIC:CCOP(=S)(S)OCC
mol_3bb60fce1e0571ac,train,c1ccc2c(CC3CC4CCN3CC4)ccnc2c1
mol_3bbc92e1cebb6839,train,c1ccc2c(c1)CC(N1CCNCC1)c1ccccc1S2
mol_3bc75feb1a563f2f,train,c1ccccc1
mol_3bd760c2e448ffc9,train,ACYCLIC:CCCCN(CCCC)CCCCCCN(CCCC)CCCC
mol_3bfb13cad284e644,train,O=C(NN=Cc1ccccc1)c1ccncc1
mol_3bfec76f7eb463ef,train,ACYCLIC:CCCCNC(N)=O
mol_3c041adf9385c93d,train,c1ccc(-c2cccnc2-c2cccnc2)cc1
mol_3c07282d64d1633b,train,O=S(=O)(Nc1ncccn1)c1ccccc1
mol_3c0a7bac5fd2bf35,train,ACYCLIC:CCCCOC(=O)CCS
mol_3c1e36f132f46ae3,train,c1ncc2c(n1)CC1CCCNC1C2
mol_3c258b2a05adc236,train,c1ccccc1
mol_3c25f75e3b786250,train,c1ccccc1
mol_3c55cf5b66001c82,train,ACYCLIC:CC(=O)OCC(C)C
mol_3c56e86638be8ba2,train,C1=CCCC=C1
mol_3c5c14a308bd3865,train,O=C1C2=C(CCCC2)C(=O)N1c1ccccc1
mol_3c6049bd7c6d770d,train,c1ccc(C(OC2CC3CCC(C2)N3)c2ccccc2)cc1
mol_3c60ece5a905b884,train,c1ccc(C2CCNCC2)cc1
mol_3c853410444f983d,train,O=C(OC1CCC[NH2+]C1)C(c1ccccc1)c1ccccc1
mol_3c893b2794b6ab16,train,c1ccccc1
mol_3c9367f14f0faf5e,train,O=C1CCC(c2ccccc2)(C2CCN(Cc3ccccc3)CC2)C(=O)N1
mol_3c994ab713087ac0,train,c1ccccc1
mol_3c9cf06f9d4dafb1,train,c1cn[nH]c1
mol_3ca5ae58e1d62b3b,train,ACYCLIC:[Zn+2]
mol_3ca76d4f99a10bdf,train,ACYCLIC:CC(C)(C)S
mol_3ca9a1a9e2703f80,train,c1ccccc1
mol_3cbabee25f31af05,train,ACYCLIC:ClCCCl
mol_3cbf85009f9b66d4,train,O=c1ccc1=O
mol_3cd60f2c4734bcf7,train,c1ccccc1
mol_3ce097037ef6421f,train,O=C1C=CC(=O)C2=C1CC1C3NC3CN21
mol_3ce6173f5159aa3d,train,ACYCLIC:CCCBr
mol_3d0843fd04143e4a,train,c1ccccc1
mol_3d0cc0a66bd070ea,train,c1ccc(-c2cc(C3CC3)nc3ccccc23)cc1
mol_3d220991db772cb9,train,c1ccc(CCc2cc3c(s2)-n2cnnc2CN=C3c2ccccc2)cc1
mol_3d25c908430685e0,train,c1ccccc1
mol_3d332ddbbb030561,train,c1ccccc1
mol_3d349885dbb20571,train,c1ccc(C2(Cn3cncn3)OCCO2)cc1
mol_3d5232120da40e5b,train,c1ccc(C2CO2)cc1
mol_3d5b3416c24909c5,train,C1C2CC3CC1CC(C2)C3
mol_3d6e36b1fe7705fc,train,O=c1ncncn1C1CCCO1
mol_3d7c1a48d194c64c,train,ACYCLIC:COC(=O)/C=C/C=C(C)/C=C/C=C(C)/C=C/C=C(C)/C=C/C=C(C)\C=C/C(=O)O
mol_3d8ffda18fb0cf34,train,c1ccccc1
mol_3d944c7dcf87721c,train,O=c1ccc2c(-c3ccccc3)c3ccccc3oc-2c1
mol_3da60ba780d7b1a3,train,C1COCC[NH2+]1
mol_3da63e2206deec9c,train,O=C1C=CC2C(=C1)Oc1ccccc1C21OC(=O)c2ccccc21
mol_3db27bd007905bcf,train,ACYCLIC:O=P(Cl)(Cl)Cl
mol_3db83ae284671a6b,train,O=c1nc[nH]c2[nH]cnc12
mol_3dcd49529d41fa1f,train,ACYCLIC:CCCC[P+](CC)(CCCC)CCCC
mol_3dd75bf37c67ff35,train,S=C(Nc1ccccc1)Oc1ccc2ccccc2c1
mol_3ddbe434e3fcc4aa,train,C=C(C(=C)c1ccccc1)c1ccccc1
mol_3de1d2193c174e42,train,c1ccccc1
mol_3df2e4273e3e853a,train,C1CC2CCC(C1)[NH2+]2
mol_3df65271956093a3,train,c1ccccc1
mol_3e0be4881f4f8be1,train,ACYCLIC:CN(C)CCN(C)CCN(C)C
mol_3e131fb7df468b0e,train,O=C(CC(NS(=O)(=O)c1ccc2ccccc2c1)c1ccc2c(c1)OCO2)NCCc1ccc(CN2CCCCC2)cc1
mol_3e14698e8a59e9d0,train,c1ccc(C(c2ccccc2)N2CCNCC2)cc1
mol_3e15c5a5e3354bb8,train,ACYCLIC:CN(C)C(C)(C)CO
mol_3e21640d0a7ac41d,train,ACYCLIC:C=CC(=O)NC(C)(C)CC(C)=O
mol_3e266757efa6d4cd,train,c1ccccc1
mol_3e3f9cda640d2df9,train,ACYCLIC:CCCCNCCCC
mol_3e42492d459f3869,train,ACYCLIC:CCOC(=O)N(C)N=O
mol_3e517bfb2e95234e,train,O=C(Cn1cnnn1)NC1C(=O)N2C=C(CSc3nncs3)CSC12
mol_3e5f196b29e06354,train,ACYCLIC:CC(C)=CCC/C(C)=C/COC=O
mol_3e62754d25d20903,train,c1ccccc1
mol_3e6630465f321925,train,c1ccccc1
mol_3e698b40aa405720,train,N=C(C(=O)NC1C(=O)N2C=C(C[n+]3ccc[nH]3)CSC12)c1cscn1
mol_3e82315abfa11772,train,O=c1cccc2c(c1)CCCc1ccccc1-2
mol_3e8b10b6605ebacb,train,ACYCLIC:CN(N=O)C(=N)N[N+](=O)[O-]
mol_3e8d1bfe56d8cfd4,train,c1ccccc1
mol_3e8e6b63666150a6,train,O=C1OCCN1Nc1ccccc1
mol_3e90c6cf3f49db55,train,O=C1C=CC2C(=C1)CCC1C2CCC2C1CC1OCOC12
mol_3e9df9f222b80c06,train,c1ccc(-n2cncn2)cc1
mol_3ea51eb4a4c435e8,train,O=C1CCCC=Cc2ccccc2C(=O)OCCCC1
mol_3eb13d0fd342fc5a,train,ACYCLIC:CC(=O)CCC=C(C)CCC=C(C)C
mol_3ebdf394993db7ea,train,c1ccc(C(CN2CC[NH2+]CC2)C2CCCCC2)cc1
mol_3ec46d9ec2fff7f7,train,ACYCLIC:CCOC(=O)CC(=O)OCC
mol_3ece6fc496ae04e5,train,c1ccc(OCCCN2CCC(c3noc4ccccc34)CC2)cc1
mol_3ed62dcc304cd038,train,O=C1CCCCC1c1ccccc1
mol_3ed8c64f28bc36d6,train,c1ccccc1
mol_3ed936c1cf55e912,train,c1ccccc1
mol_3ef0f72fbe0d7805,train,C1CN2CCN1CC2
mol_3ef2e0b2a3f17ba8,train,ACYCLIC:CCCCCCCC/C=C\CCCCCCCC(=O)OCCCC
mol_3efe32db3074b516,train,O=C(Oc1ccccc1)c1ccccc1C(=O)Oc1ccccc1
mol_3f0232c0fdecc875,train,ACYCLIC:CCCCCCCC/C=C\CCCCCCCC(=O)OCC
mol_3f028e281aa5367e,train,O=P(Oc1ccccc1)(Oc1ccccc1)Oc1ccccc1
mol_3f071c205f5b7d73,train,c1ccccc1
mol_3f0740493ae314ea,train,ACYCLIC:CCC(O)C(C)(C)C
mol_3f08f4cfd72c5f3a,train,c1ccc(C2CCNCC2)cc1
mol_3f0a8a7cf8cfa167,train,C1CCC2(CC1)NCCO2
mol_3f0f186b4af0f985,train,c1ccccc1
mol_3f10a70237cc7c0d,train,c1ccc(-c2cn3ccccc3n2)cc1
mol_3f118025c4e422c1,train,O=C(NCCc1ccccc1)c1cnccn1
mol_3f1825067f59b5dd,train,c1cnc(Oc2cccc(Oc3ncccn3)c2)nc1
mol_3f1e715b3ea39c57,train,c1ccccc1
mol_3f1eaa81eb81663b,train,c1ccc(-c2ocnc2C2CCCCC2)cc1
mol_3f375bc337b6d4c6,train,ACYCLIC:OC[C@@H](O)[C@@H](O)[C@H](O)[C@H](O)CO
mol_3f3cb71e9f4b1412,train,ACYCLIC:CC=C(CC)C(=O)NC(N)=O
mol_3f4bb4a855768140,train,c1ccc(C(=C2CC[NH2+]CC2)c2ccccc2)cc1
mol_3f4fc8dee8c68f98,train,c1ccccc1
mol_3f53fcefd251a412,train,O=C1C=CC(=O)O1
mol_3f56ba76ed0c83ec,train,ACYCLIC:O=C(O)CC[N+](=O)[O-]
mol_3f5878e29f0818b5,train,c1ccccc1
mol_3f5d5a797945beb3,train,c1ccccc1
mol_3f6173671f07ec33,train,ACYCLIC:CC(C)OC(=S)S
mol_3f61cbc8999796df,train,ACYCLIC:CNCCS(=O)(=O)O
mol_3f6259f229fbe6a8,train,ACYCLIC:CCCCCCCCCCCCCCCO
mol_3f65c19c6dfa4369,train,O=C1c2ccccc2-c2ccccc21
mol_3f7a2d962f699f64,train,C1CCC(OC2CCCCC2OC2CCCO2)OC1
mol_3f7b2f2fe8531be2,train,c1ccc2c3c([nH]c2c1)C1CC2CCC1N(CC3)C2
mol_3f89d5eaf2942cff,train,ACYCLIC:CCCCN(CCC(=O)OCC)C(C)=O
mol_3f8eeef7bb5e3a80,train,c1ccc2c(c1)NC1NCCC21
mol_3f94504990041c8e,train,ACYCLIC:CC/C=C\CCCCCCCCCCOC(C)=O
mol_3f96669c59b8c678,train,c1ccc(Nc2ccnc3ccccc23)cc1
mol_3f996376dd73f8ba,train,ACYCLIC:CC(C)CCCC(=O)O
mol_3f9ad254558b62bd,train,ACYCLIC:CCCCCCBr
mol_3f9ee64f95943dfb,train,O=C1NCc2cncn2-c2ccccc21
mol_3fa61a4191c91326,train,c1ccccc1
mol_3fa7d43dbcac2967,train,ACYCLIC:CCCCC(CC)COC(=O)CC#N
mol_3fb732184eefaf8b,train,ACYCLIC:CCCCC(CC)COC(=O)Cl
mol_3fbd0865936e7c5d,train,O=C(NC(=O)c1ccccc1)Nc1ccccc1
mol_3fc41b95fa0221a4,train,c1ccccc1
mol_3fc5ebc93b235df8,train,O=C(CC(=O)c1ccccc1)c1ccccc1
mol_3fd46bd1d5c0bbe2,train,C1=CC2C3Cc4cccc5c4C2(CCN3)C(C1)O5
mol_3fe4f7d6709bf3a3,train,c1ccccc1
mol_3ffb8286b6890982,train,O=C(Nc1ccc(Oc2ccccc2)cc1)c1ccccc1
mol_3ffcbf8578dabf83,train,c1ccc(CCNCc2ccco2)cc1
mol_4003d0700d93919c,train,c1ccc2c(c1)Sc1ccccc1N2CCCN1CCCCC1
mol_400b7fb90567c853,train,O=c1[nH]c(=O)[nH]c(=O)[nH]1
mol_401695dc61192ba9,train,c1ccc(C2CCCC2)cc1
mol_401b7b690baef1e0,train,c1ccc(-c2nccs2)cc1
mol_401dc941fb6654c5,train,c1ccc(CCOCc2cccc(Oc3ccccc3)c2)cc1
mol_40269e0d8e939fe0,train,N=C1NCOCN1Cc1cncs1
mol_402712619cef883f,train,O=C1SCCC1=CC1CC1C(=O)OCc1coc(Cc2ccccc2)c1
mol_402bf36223bbbef9,train,O=C1C=CC2C(=C1)CCC1C2CCC2C1CC1OCOC12
mol_40489b35716b902f,train,c1ccccc1
mol_40506ba0b047e8ac,train,c1ccccc1
mol_405b9a587def8d39,train,c1ccccc1
mol_405f1ef3d2e82095,train,O=C1CNC(=O)CNC(=O)C(Cc2c[nH]c3ccccc23)NC(=O)C(Cc2ccccc2)NC(=O)C(NC(=O)CCc2ccccc2)CSSCCN1
mol_405f2fdec5c7d028,train,ACYCLIC:CC(C)(O)C(Cl)(Cl)Cl
mol_406851c3d31ee406,train,c1ccccc1
mol_40a5042641a16e85,train,ACYCLIC:CC(C)=CCC/C(C)=C/CC/C(C)=C/CO
mol_40ae9869a90cc8d4,train,O=C1C=CC2C(=C1)CCC1C2CCC2C1CC1OCOC12
mol_40b0547d25172787,train,c1ccc(OCCCCc2nnn[nH]2)cc1
mol_40c0011531401dc2,train,O=C1CCC(c2ccc(-n3ccnc3)cc2)=NN1
mol_40ce1c714fe3c344,train,O=C1OCCCCCCCCCCc2ccccc21
mol_40ddc0ceadd1718e,train,O=C(CCc1cccc2ccccc12)Nc1ccccc1C(=O)N1CCC2(CCCC2)CC1
mol_40e1809d32f05300,train,c1ccccc1
mol_40e22faac5b548be,train,S=C(SSC(=S)N1CCCCC1)N1CCCCC1
mol_40f39f1e0f0ae305,train,c1ccccc1
mol_40f7dd8990bbbf79,train,O=C1OC(=O)c2ccccc21
mol_40f8d3ff8f5753a3,train,c1ccccc1
mol_40fd215c8abe511d,train,c1ccccc1
mol_410463f70f85de7d,train,ACYCLIC:CC(Cl)Cl
mol_4105b145dd5dfc3d,train,c1ccc2oncc2c1
mol_4107fed2c7135a9d,train,ACYCLIC:CC(N)CCCC(C)(C)O
mol_410ccfc76f20b2dc,train,c1ccccc1
mol_411727fab1a1f4fc,train,c1ccccc1
mol_412fd09111f0c054,train,c1ccccc1
mol_4130d28545d1c245,train,ACYCLIC:CCCCCCCCCl
mol_413195e62e2e740f,train,c1ccccc1
mol_4137f5df94178cff,train,ACYCLIC:CC(C)(C)C(=O)NCCCC(=O)O
mol_4142271fa4fcb3e6,train,ACYCLIC:CCC(=O)OC(=O)CC
mol_41465140cae0c288,train,O=C1Nc2ccccc2CO1
mol_41767346ce3791ab,train,c1ccccc1
mol_417f9acd7fee178f,train,c1ccccc1
mol_4189ecbdc2c73e34,train,O=C1C=CC(=C(c2ccccc2)c2ccccc2)C=C1
mol_418f52dc10663d37,train,c1ccccc1
mol_4198c0dc67379382,train,ACYCLIC:CCCCCCCCC(=O)Cl
mol_419faead7a7aaa5f,train,ACYCLIC:CC(C)CC(C)CC(O)CC(C)C
mol_41bcecb147bf2c2f,train,ACYCLIC:CC(O)C(C)O
mol_41c70ae4399dcadc,train,c1ccccc1
mol_41d107c2f73d4ad3,train,ACYCLIC:ClC(Cl)=C(Cl)Cl
mol_41fd6fc7952b4453,train,c1ccccc1
mol_420613ba922197b9,train,O=C1CC2CC=CN12
mol_420c5c38f9082c56,train,ACYCLIC:OC[C@@H](O)[C@H](O)[C@H](O)[C@@H](O)CO
mol_4210468a2d7e0e00,train,ACYCLIC:CCCCCCCCCCCCSCCOCCO
mol_4211467004a5e803,train,ACYCLIC:CCCCCCCCCCCC(=O)NCCCN(C)C
mol_4219c0f58b07eb38,train,c1ccccc1
mol_421b7b1fd88b1a0a,train,c1ccccc1
mol_42262fdb0fea78cc,train,c1cc2ccc3cccc4ccc(c1)c2c34
mol_422a17ccf9b6e79f,train,O=C1CN=C(c2ccccn2)N1
mol_422b371b3d197765,train,c1ccccc1
mol_4233c398f2c8f55d,train,ACYCLIC:ClCC(Br)CBr
mol_4237f0a3d5d661d2,train,N=C1CCN(c2ccc3c(=O)ccn(C4CC4)c3n2)C1
mol_423d02ebf8f7b681,train,ACYCLIC:CC(=O)NCCO
mol_423f55ce0383d3c8,train,c1ccccc1
mol_42437d405714c8c2,train,c1ccccc1
mol_42450ec1564bcf6b,train,c1ccccc1
mol_4248465908d8d008,train,c1ccc2c(c1)CCO2
mol_4251bd5063846d55,train,c1ccc(OCC2CNCCO2)cc1
mol_4262a2e02f37d7e9,train,c1ccccc1
mol_426cc39cd89204c8,train,c1ccccc1
mol_426f9e64b13d245a,train,c1ccc2sc(SN(C3CCCCC3)C3CCCCC3)nc2c1
mol_42745fb2fa4ceab3,train,C1CSCCS1
mol_427b33d2b5cc7c78,train,C=C1CCCC1n1cnc2c(=O)[nH]cnc21
mol_428b5983d0f6750d,train,ACYCLIC:CC(O)CN
mol_4296b3ea87752d6e,train,c1ccccc1
mol_42a32ad62c1e6665,train,c1ccc(CN2CCC(Nc3ccccc3)CC2)cc1
mol_42aa8fc4f6089a27,train,ACYCLIC:CCCCCCCCCC[N+](C)(CCCCCCCCCC)CCC[Si](OC)(OC)OC
mol_42add7b56324a9fa,train,C1=C2CCCCC2C2CCC3CCCC3C2C1
mol_42afa455bb292a3f,train,ACYCLIC:C=CC(=C)C
mol_42b1ddbc07b8a117,train,c1cc2c3c(c[nH]c3c1)CC1NCCCC21
mol_42bca3eb87ae1af5,train,c1ccccc1
mol_42be06b2cf5e9406,train,ACYCLIC:CC(C)OC(=O)CCCCC(=O)OC(C)C
mol_42c161e28ab2e8d8,train,O=C(Cc1ccccc1)OC1CC2CCC(C1)N2
mol_42d1e8eaf090c8ac,train,c1ccccc1
mol_42d7a147cd34f5ab,train,c1cnc2ncnn2c1
mol_42dfa6592395b026,train,c1ccc(CN2CCCCC2)cc1
mol_42e3a54f919a93a6,train,c1ccccc1
mol_42e75f71b7a1fab5,train,ACYCLIC:CCCCCCCCCC#N
mol_42fd2039cfadcd3d,train,ACYCLIC:C=C[C@@H](C)CCC=C(C)C
mol_4300bc91f6339e23,train,O=S(=O)(Nc1nncs1)c1ccccc1
mol_431f3700f7aa9416,train,ACYCLIC:COC(=O)/C=C\C(=O)O
mol_432a5967f3230d40,train,O=C(NCC(CC[N+]12CCC(C3CCCCC3)(CC1)CC2)c1ccccc1)c1ccccc1
mol_43306e4e858f15f8,train,O=C(NC1N=C(c2ccccc2)c2ccccc2NC1=O)c1cc2ccccc2[nH]1
mol_4332f3bd637634fe,train,ACYCLIC:O=P(O)(O)O
mol_43450ec05b1c6cb0,train,ACYCLIC:CCCCCC[C@@H](O)C/C=C\CCCCCCCC(=O)OCC(O)CO
mol_434c4b6c226f1a03,train,c1ccccc1
mol_435826563a7d9a73,train,O=S1(=O)NC(CC2CCCC2)Nc2ccccc21
mol_4362002b5ed2e0c7,train,ACYCLIC:CC/C=C\CCOC(=O)CCCCC
mol_4364ec585e7a5174,train,ACYCLIC:CC=CC(=O)CC
mol_436a6b8cf102290f,train,ACYCLIC:F[B-](F)(F)F
mol_437c6f2edb084aa7,train,c1ccc(CCCNCCCc2ccccc2)cc1
mol_4381ee0c6073ecac,train,c1ccccc1
mol_4386a35d0c4c0259,train,c1ccccc1
mol_43971696d3acde2c,train,C1=C(c2ccccc2)CCN(CCc2ccc3ccccc3c2)C1
mol_439878697bfd3c49,train,c1ccccc1
mol_43a172eb86e1bedd,train,C1=CCC=CC1
mol_43a652b0c3d383fe,train,ACYCLIC:COCC(C)O
mol_43a6ee00389c83d1,train,c1ccccc1
mol_43b5eb6d32c2d785,train,ACYCLIC:CCCCCCCN
mol_43b794c4b915ff89,train,ACYCLIC:C=CCCC(=O)O
mol_43c979182d5193b8,train,O=C1CCCCCN1SSN1CCCCCC1=O
mol_43d3a9abd9631c9a,train,ACYCLIC:C=CCN=C=S
mol_43d47f355799144a,train,c1ccccc1
mol_43e941c1a960afc4,train,c1ccc(Nc2nccc(C3CC3)n2)cc1
mol_43e974b8d0c43e6d,train,c1ccccc1
mol_43fe0e80bb5f1172,train,ACYCLIC:CCCCCCCCC(=O)O
mol_4404defa6d68c2fa,train,O=C(OCC1(COC(=O)c2cccnc2)CCCC(COC(=O)c2cccnc2)(COC(=O)c2cccnc2)C1)c1cccnc1
mol_441d1507fd26524f,train,O=S(=O)(Nc1ccccc1)c1ccccc1
mol_442acb9ad9d9b584,train,c1ccccc1
mol_442d38d3a80ecd61,train,O=C1CCCN1c1ccccc1
mol_443d2271b8cb07a1,train,ACYCLIC:CCN(CC)C(=S)S
mol_443e214c8ec3fdf5,train,O=C1CCCCO1
mol_443f2c577d032a34,train,O=C(C1COc2ccccc2O1)N1CCN(c2ncc3ccccc3n2)CC1
mol_44419415d8564b2e,train,O=C1C(=NNc2cccc(-c3ccccc3)c2)C=NN1c1ccccc1
mol_444a55e13555599c,train,O=C(C=CC=CC=CC=CC1=CCCCC1)Nc1ccccc1
mol_444f805c8871e2a2,train,c1ccccc1
mol_445237eb8fe3fda9,train,ACYCLIC:BrCCCCCCBr
mol_44538686d351bc3d,train,ACYCLIC:CC[C@@H](CO)NCCN[C@@H](CC)CO
mol_4457aabf9a1f3ef4,train,ACYCLIC:CC(C)=CCCC(C)C=O
mol_445e4da686ebd772,train,ACYCLIC:CCCCCCCCCC(C)C=O
mol_445e9d26c19daae8,train,ACYCLIC:NCC(=O)CCC(=O)O
mol_447bfbaa4e60d6e2,train,c1ccc(-c2nc3ccccc3s2)cc1
mol_448786c6d3993222,train,c1ccccc1
mol_448a7831d7c3570a,train,C1CS1
mol_44a28d359c25560b,train,c1ccccc1
mol_44b6e0aa4693c3ab,train,c1ccccc1
mol_44d67c2926552054,train,ACYCLIC:CCC(C)(C)C
mol_44e518d8ebe94b75,train,O=C(c1ccccc1)C1CCN(CCc2cnc3ccccn3c2=O)CC1
mol_44fb490f182eac6d,train,O=C(c1ccccc1)c1cnoc1C1CC1
mol_44ffe49135e1a6fe,train,O=C(NS(=O)(=O)c1ccccc1)n1nc[nH]c1=O
mol_4502710bb9722f14,train,c1ccccc1
mol_4522579d8485e815,train,c1ccc2sc(SSc3nc4ccccc4s3)nc2c1
mol_4533f9fef73d2e6b,train,N=C(NCCCCCCNC(=N)NC(=N)Nc1ccccc1)NC(=N)Nc1ccccc1
mol_4546c50cd1c997cb,train,O=C1C=CC2C3=CC(=O)C4C5CCCCC5CCC4C3CCC2C1
mol_456bd8770ec284e9,train,c1ccc2occc2c1
mol_4584b0e8a2aba058,train,c1ccccc1
mol_45942dc02313c903,train,c1ccccc1
mol_45aebed1017d81f7,train,c1ccccc1
mol_45b4bf14191c6d24,train,c1ccccc1
mol_45b4e3fb71aa28b3,train,c1ccc(-c2ccc(NCCN3CCOCC3)nn2)cc1
mol_45bb8867143bb876,train,O=C1C=C2CCC3C(=CCC4CCCC43)C2CC1
mol_45c597abad2c019e,train,ACYCLIC:CCCCCCCCCCCCCC[P+](CCCC)(CCCC)CCCC
mol_45c621eca1688346,train,c1ccccc1
mol_45d0be4a0ec9014e,train,c1ccccc1
mol_45e1d5b39c01e359,train,C(=Cc1ccc2ccccc2[nH+]1)c1ccn(-c2ccccc2)c1
mol_45e589cda30a7f34,train,ACYCLIC:COC(=O)CCC(=O)OC
mol_45f0592230296cb8,train,c1ccccc1
mol_45f0bc384785e735,train,c1ccc(-n2cccc2)cc1
mol_46030d117dde3987,train,c1ccc2c(c1)CC1NCCC23CCCCC13
mol_460c761609714fa6,train,c1ccc2c(c1)Cc1ccccc1C(N1CCNCC1)=N2
mol_462b618a7419d00d,train,ACYCLIC:CCCO
mol_46354f440785150f,train,C=C1CC2C(CCC3C4CCCC4CCC23)CC1=O
mol_46419d65cddad90c,train,O=C(CCN1CCNCC1)N1c2ccccc2Sc2ccccc21
mol_4641bbc6ec505900,train,O=C(C=Cc1ccccc1)N1CCN(CC(=O)N2CCCC2)CC1
mol_4648fd57de7dc65a,train,c1ccccc1
mol_465fa3749614a9cf,train,c1ccccc1
mol_4660b274d8a9a541,train,O=C1C=C2CCC3C(CCC4C(OC(=O)CCc5ccccc5)CCC43)C2CC1
mol_4673b43e383dffca,train,O=C(CNCCCc1ccccc1)N1CCc2ccccc2C1
mol_467688a5fc7a81e6,train,c1ccccc1
mol_46798667152ab98a,train,O=c1cc[nH]c(=O)[nH]1
mol_468013095aa37bec,train,c1ccccc1
mol_4683152e3e559c0a,train,ACYCLIC:CCCCCCCC=O
mol_46889874b3dde26b,train,O=C1CCCCCCCCCCCC2CCCC(CC(OC3CCCCO3)C=CC=CC=CC=CCCC=CC=CCCCCO1)O2
mol_46ac7e74b087efba,train,O=S1OCC2C3C=CC(C3)C2CO1
mol_46b927c60c452ef9,train,O=C1CCc2ccccc2C2CCCCN12
mol_46c349c9252dd1aa,train,O=C(NC1C(=O)N2CCSC12)c1conc1-c1ccccc1
mol_46c92ce25b50e932,train,c1ccccc1
mol_46cbad95a3455647,train,O=c1cc[nH]c2ccccc12
mol_46cc11ce529a442a,train,c1ccc2c(c1)Sc1ccccc1C2CC1CCCNC1
mol_46db04bfd13b0369,train,O=C(NN=Cc1ccccn1)Nc1ccccc1
mol_46dd9cd64c12d9b5,train,c1ccccc1
mol_46e1910e38dc32d6,train,O=c1[nH]cnc2[nH]cnc12
mol_46e291cf828c3115,train,C1CCC(CC2CCCC2)C1
mol_46edc81280b6513e,train,O=C1C=C2CCC3C(CCC4C3CCC43CCC(=O)O3)C2CC1
mol_46ef93c8bb5cf785,train,c1ccccc1
mol_46fa2f04666bc41e,train,O=c1n(CCCN2CCN(c3ccccc3)CC2)nc2ccccn12
mol_470de627cbdabeb1,train,c1ccccc1
mol_4719f8d44cd3f1af,train,O=C(Oc1ccccc1)c1ccc2ccccc2c1
mol_471d8bc4fabd3738,train,ACYCLIC:CCC(C)S
mol_47222452dbb01d5d,train,O=c1cc2n(c3cc(N4CCNCC4)ccc13)CS2
mol_472be9b5a206f38a,train,c1cc(CCCOc2ccc(-c3ncon3)cc2)on1
mol_473e4793e57d91c8,train,O=C1OC(c2ccccc2)(c2ccccc2)c2ccccc21
mol_474405248012a0ce,train,c1ccc(Cc2cncnc2)cc1
mol_4751f4ad5e979621,train,ACYCLIC:C=CC(C)CCC=C(C)C
mol_47680059142782c3,train,C1=CC23CCCN2CCc2cc4c(cc2C3C1)OCO4
mol_4769824637a4ef72,train,c1ccc2c(c1)CCC2
mol_4773bd292980f6ce,train,ACYCLIC:CCCCCCCCCCC(CO)CCCCCCCC
mol_4774a3075c7fbfd3,train,C=C(c1ccccc1)c1cccnc1
mol_47781889d6a8742c,train,ACYCLIC:C=CC(=O)OCC(C)C
mol_477a991370ddfc4b,train,ACYCLIC:OCCOCCO
mol_477be6fd2b850712,train,ACYCLIC:CCCCOC(=O)CCCCC(=O)OCCCC
mol_478242b03559694f,train,c1ccc(C(OC2CCCN(CCc3ccc4c(c3)OCO4)C2)c2ccccc2)cc1
mol_4786528059416392,train,O=C(Nc1ncccn1)NS(=O)(=O)c1ccccn1
mol_478b369bf7b12877,train,c1nncs1
mol_478ff1ac18229974,train,ACYCLIC:O=C(O)C(O)C(O)C(=O)O
mol_4792d37276c0562c,train,ACYCLIC:CCCCC[Si](OCC)(OCC)OCC
mol_47a369e35f684267,train,c1ccccc1
mol_47b8baf2d0770196,train,c1ccccc1
mol_47d8aada96ab658f,train,c1ccccc1
mol_47ebaaf284e97ed9,train,C1=C2CCCCC2C2CCC3C(c4cccnc4)=CCC3C2C1
mol_47ef629dd0738f8f,train,ACYCLIC:CC(C)(CO)[C@@H](O)C(=O)NCCC(=O)O
mol_47f471619cd3968b,train,c1ccc(C2CNCCO2)cc1
mol_47fbdab1876ab7b5,train,c1ccccc1
mol_48017807e0fb4f0d,train,ACYCLIC:C=CC=O
mol_48022b29c1cd04f7,train,ACYCLIC:CCCC(C)=O
mol_481b889eedc6d7ec,train,O=S(=O)(Nc1ccccn1)c1ccccc1
mol_481de006022ac85a,train,ACYCLIC:COCC(O)CO
mol_48220ac360214204,train,c1ccccc1
mol_48255bf677eaec53,train,c1ccc2c(c1)Nc1ncccc1S2
mol_48366ed5927d72c0,train,O=c1c2ccccc2sc2ccccc12
mol_483e1517a6a16979,train,c1ccccc1
mol_48408767d466508d,train,c1ccccc1
mol_485b2e12cf32724f,train,ACYCLIC:NS(=O)(=O)O
mol_4866f47fe52defd4,train,ACYCLIC:O=[N+]([O-])C(CO)(CO)CO
mol_48782521fdc72432,train,c1ccccc1
mol_48795d0088dff400,train,ACYCLIC:COC(=O)CC#N
mol_487f1cd5c264b5c0,train,c1ccccc1
mol_4882004acacb6703,train,c1ccccc1
mol_488bd6e0c6d99dcd,train,ACYCLIC:CC(C)(C)C(=O)C(=O)O
mol_4893ff1b95fe39ed,train,ACYCLIC:CCC(O)OC(O)CC
mol_489ab330caf57887,train,O=c1[nH]c(=O)c2ccccc2[nH]1
mol_48a953988d0b6883,train,O=C1CCCC(CCC2CC=CC3=CCCCC32)O1
mol_48aa73f46affbaf8,train,c1ccccc1
mol_48ab42af003bae4b,train,O=C(OCCCOC(=O)c1ccccc1)c1ccccc1
mol_48ac588a194cafbe,train,O=S(=O)(NC1CCCCC1)c1ccccc1
mol_48cd04837d9e15fd,train,c1ccccc1
mol_48d869a96ab97734,train,c1ccc(C(c2ccccc2)c2ccccc2)cc1
mol_48d95511c8e78ab7,train,O=c1[nH]c2ccccc2n1C1CCNCC1
mol_48e13f3108c41398,train,C1CCC2(CC3C(CC4C3CCC3C5CCCCC5CCC34)O2)NC1
mol_48e175e1e3f35207,train,c1ccccc1
mol_48e3c6eb4473ec3d,train,O=C(OCc1ccccc1)c1ccccc1
mol_48e4727077788d8c,train,c1ccccc1
mol_4901fabe2cec8276,train,O=C(NCCNCCCOc1ccccc1)N1CCOCC1
mol_49087d02b9278a49,train,ACYCLIC:C[Si](C)(C)Cl
mol_490e5f4efec0fd7c,train,C=C(c1ccccc1)c1ccccc1
mol_4919b6cd5b692137,train,N=C(c1ccccc1)c1ccccc1
mol_49326b1836851cc5,train,c1ccccc1
mol_493bd7181ce3703c,train,O=C1C(N=Nc2ccccc2)C=NN1c1ccccc1
mol_495161f27f4ff601,train,O=C(CCc1c[nH]c2ccccc12)NCC(=O)NCC(=O)NCCc1ccccc1
mol_49531dbf3e6f277e,train,c1ccccc1
mol_4958bd941dcc40f0,train,c1ccccc1
mol_495e5faab1970a3f,train,O=C(CCC1CCCC1)OC1CCC2C1CCC1c3ccccc3CCC12
mol_495fad66f5d4eea2,train,ACYCLIC:ClCC(Cl)CCl
mol_4970c04b171cc541,train,O=c1nc2[nH]c3ccccc3nc-2c(=O)[nH]1
mol_4970f10a9156ae33,train,O=c1c(N=Nc2ccccc2)c[nH]n1-c1ccccc1
mol_4978aaeeb99f321f,train,c1ccccc1
mol_49815a0f992a277c,train,c1ccccc1
mol_4981afa421210b05,train,ACYCLIC:CO[PH](=O)OC
mol_499ef2fb7a3597bd,train,c1ccc(Oc2ccnc3ccccc23)cc1
mol_49aad897fd23a2db,train,ACYCLIC:CCCCCCCCCCCCCCCl
mol_49adbad608b41dce,train,ACYCLIC:C=CC(=O)OCCOCCOCCOCCOC(=O)C=C
mol_49b98aa4a92c9f99,train,ACYCLIC:CC[N+](=O)[O-]
mol_49c74eb0efaecadf,train,O=C1CCCCCCCCCCCCCCCO1
mol_49d880c999e36456,train,c1ccc(CC2CCCCC2)cc1
mol_49f4991950e5b069,train,c1ccccc1
mol_49fd924b6c4d2c81,train,ACYCLIC:CCCCCCCCCCCCCCCCCC(=O)O
mol_4a00c6b3f0e780bf,train,ACYCLIC:COCCOCCO
mol_4a0843a73860f9b9,train,c1ccc(-c2c3ccccc3[o+]c3ccccc23)cc1
mol_4a0bc8c6171c4f6c,train,c1ccccc1
mol_4a103b7262d61e53,train,c1ccccc1
mol_4a1b4824ef248756,train,c1ccccc1
mol_4a290c861aa7f7ef,train,c1ccccc1
mol_4a3c3a973750279a,train,c1ccccc1
mol_4a416ca0abeaaa15,train,O=C1C(=Cc2cccs2)CCCC1=Cc1cccs1
mol_4a47cdb379969ae9,train,O=c1ccs[nH]1
mol_4a48812cb51d63c3,train,O=C(CNCCCc1ccccc1)N1CCNC1=O
mol_4a5dce1a0b99472f,train,c1cc2c3c(c[nH]c3c1)CC1NCCCC21
mol_4a66629c2c56de40,train,ACYCLIC:[Be+2]
mol_4a6ba8245e4d2235,train,ACYCLIC:CCCCCCCCCCCBr
mol_4a7093cd0738964f,train,ACYCLIC:CCSC(=O)Cl
mol_4a7ae9aacbc82a04,train,O=C1c2ccccc2C2=Nc3ccccc3CN12
mol_4a8889c706c35cc5,train,c1ccccc1
mol_4a98e8e386d1680f,train,c1ccccc1
mol_4a9ac8938aba0594,train,N=C(C(=O)NC1C(=O)N2C=CCSC12)c1cscn1
mol_4aba5e18899bcbd7,train,ACYCLIC:CCCCCCCCCCCCCC(=O)OCC
mol_4abc4a6bfc56582c,train,ACYCLIC:O=C(CO)[C@@H](O)[C@H](O)[C@@H](O)CO
mol_4adf3d19f8ec0050,train,c1ccccc1
mol_4b04f44aafaf18c3,train,O=C1CC(c2ccccc2)Sc2ccccc2N1
mol_4b09feb4f5529e57,train,O=C1C=C2C3CCCCC3CCC2C2CCC3CCCCC3C12
mol_4b1fa6d212ba6ffa,train,O=c1ccc(-c2ccncc2)c[nH]1
mol_4b20e5f920ac2ce3,train,O=C1Nc2cc(CNC3CCCNC3c3ccccc3)ccc2C2CC12
mol_4b23c78b3c7a1b95,train,c1cnc2[nH]ncc2c1
mol_4b2462cf5b596e00,train,C1=CC(Oc2cccc(Oc3ccccc3)c2)CC1
mol_4b2ffeaa43dc1d8e,train,c1ccc(-c2cnc3ncncc3n2)cc1
mol_4b3b7293be6611de,train,O=C(CCc1ccccc1)c1ccccc1
mol_4b3cf1ab930bfa38,train,c1ccc2cc(SSc3ccc4ccccc4c3)ccc2c1
mol_4b3e27132bf461b2,train,ACYCLIC:C=C(C)CC(C)(C)C
mol_4b4777be8a4950f4,train,c1ccc(C(=C2CCCCC2)c2ccccc2)cc1
mol_4b511b626f635b95,train,ACYCLIC:CCCCCC/C=C/C(=O)OC
mol_4b6b1236f1c31d28,train,c1ccccc1
mol_4b7a039b276c315b,train,c1ccc2nc3ccccc3cc2c1
mol_4b99793e26b884f3,train,ACYCLIC:CC(C)(C)OOC(C)(C)CCC(C)(C)OOC(C)(C)C
mol_4b9c33f1698071f0,train,O=C(CCCN1CCC(c2ccccc2)CC1)c1ccccc1
mol_4bbe1c5ee148ab41,train,O=C(OCCc1ccc(N2CCN(C(c3ccccc3)c3ccccc3)CC2)cc1)C1=CNC=CC1c1ccccc1
mol_4bd512fa999bc6ee,train,c1ccccc1
mol_4be7cb5df73e397f,train,c1ccc(Oc2ccc(C3(Cn4cncn4)OCCO3)cc2)cc1
mol_4bf124ee34eb98e2,train,ACYCLIC:OC[P+](CO)(CO)CO
mol_4bfd5a473316dd4d,train,O=C1C=CC(=O)c2ccccc21
mol_4c3f042a9b4c49f2,train,O=C(OC1CC[NH2+]C1)C(c1ccccc1)c1ccccc1
mol_4c4525e033b1efdc,train,ACYCLIC:COC(=O)NN
mol_4c4eb6ac001e7906,train,c1ccccc1
mol_4c5fdc6c3711c8f6,train,ACYCLIC:CCCCCCCCCCCCCC(=O)OC
mol_4c66f4df27a69911,train,O=S(=O)(Nc1ccccc1)c1nc2ncccn2n1
mol_4c7cc84256b8348e,train,C1CC2OCCC2O1
mol_4c7f6cfc7beff06e,train,c1ccccc1
mol_4c852b8b66b7bd3e,train,ACYCLIC:CCCCCCCC[N+](C)(CCCCCCCC)CCCCCCCC
mol_4c873588fad59471,train,c1ccccc1
mol_4c91c4a81264dbc9,train,ACYCLIC:FC(F)(F)C(Cl)Br
mol_4c9c9c8c56999749,train,O=S(=O)(Nc1nccs1)c1ccccc1
mol_4ca30cdc35eb80df,train,c1ccccc1
mol_4cb233fd7a63f3f1,train,c1ccccc1
mol_4cb3ac55efa17033,train,c1ccc(CCOc2ccccc2)cc1
mol_4cc216f36d557590,train,ACYCLIC:N#CC(C#N)=C(C#N)C#N
mol_4cd64f5003961a1d,train,c1ccc2sc(SSN3CCOCC3)nc2c1
mol_4cdc9c41d1ac231b,train,c1ccc(-n2nc3ccccc3n2)cc1
mol_4cdf46f75a8ccc39,train,ACYCLIC:CCCCCCCCCCCCCCCC(=O)OCC
mol_4ce048c0e85bdcbd,train,O=C(NC(=O)c1ccccc1)Nc1ccccc1
mol_4d13500a4a27edbb,train,O=c1cc(-c2ccccc2)oc2ccc3ccccc3c12
mol_4d1c06eaa4d6deae,train,O=C(NCc1ccccc1)c1ccccc1NS(=O)(=O)c1cccc2cccnc12
mol_4d3f5eb26882d6c8,train,c1ccccc1
mol_4d4c024c685a21a9,train,N=C1CCCCOC(=O)CC(OC2CCCCO2)CC(OC2CCCCO2)CCC1
mol_4d6a1774cd7c940c,train,O=C(Cc1cccnc1)c1cccnc1
mol_4d6bf8a313cc9027,train,C=C1CC2CCCC2C2CCC3=CC(=O)CCC3C12
mol_4d7579b1924ddda9,train,c1ccccc1
mol_4d818106f2564183,train,ACYCLIC:CC(C)C(=O)OCC(C)(C)C(O)C(C)C
mol_4d91638199b32172,train,c1ccccc1
mol_4d99131eea8a995b,train,c1cc(N2CCN(c3ncncn3)CC2)ncn1
mol_4da4578ea77ca926,train,c1ccccc1
mol_4dabeeaade6429a8,train,c1ccccc1
mol_4db02cee248d53ef,train,c1csc(COc2cccc3ccccc23)c1
mol_4db03b5082f7dcec,train,c1ccc2c(c1)CCN1CCCCC21
mol_4dc4e61a6e2e282e,train,O=C(CC1CCCCN1)Cn1cnc2ccccc2c1=O
mol_4df6f62ee5830c9e,train,c1cc2c3c(c1)ccc1cccc(c13)C2
mol_4e1479020882ce00,train,ACYCLIC:CC(C)OC(C)C
mol_4e16dc68ec880772,train,c1ccccc1
mol_4e1fea7f799cabc5,train,O=C1NCC(c2cccs2)SCC1NCCCc1ccccc1
mol_4e20168654ff4b80,train,c1ccc(C(Cn2ccnc2)OCc2csc3ccccc23)cc1
mol_4e206ed2fcb6be64,train,ACYCLIC:CCC(C)C(C)=O
mol_4e2a5ac8cf394099,train,ACYCLIC:CC(C)(C)OOC(C)(C)C
mol_4e2e21785c56241a,train,ACYCLIC:O=[N+]([O-])OCC(CO[N+](=O)[O-])(CO[N+](=O)[O-])CO[N+](=O)[O-]
mol_4e388629c518cdad,train,ACYCLIC:C[Se]CC[C@H](N)C(=O)O
mol_4e389151510fe0b1,train,O=c1[nH]c2ncccc2o1
mol_4e3d9b8c860e9665,train,c1ccccc1
mol_4e4639f0100a87bd,train,ACYCLIC:N#CC(Cl)(Cl)Cl
mol_4e4982fcaa8a96ce,train,C1CC2OCC1OC1CCC(CO1)OC1CCC(CO1)OC1CCC(CO1)OC1CCC(CO1)OC1CCC(CO1)OC1CCC(CO1)OC1CCC(CO1)O2
mol_4e5e5deb203014d7,train,C1CC2CCOC3OC4CCC(C1)C23OO4
mol_4e5ec03723be1fe5,train,ACYCLIC:CCCCOC(=O)C(C)OC(=O)CCC
mol_4e5edd80786e9fe6,train,O=C(NN1CCCCC1)c1cc(-c2ccccc2)n(-c2ccccc2)n1
mol_4e6286adbd89c7cf,train,ACYCLIC:O=C(O)CC(Cl)C(=O)O
mol_4e668a15dbfb99ce,train,ACYCLIC:C[N+](C)(C)C
mol_4e67e73c3b9407ab,train,c1ccccc1
mol_4e6982d7a7b4094c,train,ACYCLIC:CCCCC(CC)C(=O)OCCOCCOCCOCCOC(=O)C(CC)CCCC
mol_4e6f9a7470d4de1e,train,ACYCLIC:CCCCO[PH](=O)OCCCC
mol_4e72d7ea11d67846,train,O=C1OC2CC(CC=CC(OC3CCC(OC4CCCCO4)CO3)CC=CC=C3COC4CC=CC1C34)OC1(C=CCCO1)C2
mol_4e7ee1e0ee2127ca,train,c1ccccc1
mol_4e9fae67e50341c1,train,c1ccc(C2(c3ccccc3)c3ccccc3-c3ccccc32)cc1
mol_4ea8a84eba349dce,train,c1ccccc1
mol_4eab30503e43c603,train,C=C1c2ccccc2CSc2ccccc21
mol_4eae2fc0b4b79149,train,ACYCLIC:CCCCCCCCCOC(C)=O
mol_4eb55b058bfef937,train,ACYCLIC:CC(=O)C(Cl)(Cl)Cl
mol_4eb82d696b9d8d61,train,O=C(Nc1cc2ccc(OC3CCCCO3)cc2oc1=O)c1ccccc1
mol_4eb9284f72249c50,train,O=C1c2ccccc2C(=O)N1c1ccccc1
mol_4ebdde181c9e7e30,train,c1ccccc1
mol_4ec71bc239549a6e,train,O=C(c1ccccc1)N1CC2CC(CN(Cc3ccccc3)C2)C1
mol_4ed187b0a25cc57d,train,c1ccc(-c2ccnn2-c2ccccc2)cc1
mol_4ed4dc7682af678f,train,ACYCLIC:C=CCCCCCCC=C
mol_4edcfe107345c26e,train,O=C(Nc1ccc(C(=O)N2CCCCc3ccccc32)cc1)c1ccccc1
mol_4ee1fe374b710c8d,train,O=C1COc2c(cccc2C(=O)NC2CN3CCC2CC3)N1
mol_4ee9c190698c0c3e,train,C(=C(c1ccccc1)c1ccccc1)c1ccccc1
mol_4ef218cf3137b13e,train,ACYCLIC:CCC(CC)C(C)CCOC(C)=O
mol_4ef52b607fba79b2,train,O=C1CN2CCOC2(c2ccccc2)c2ccccc2N1
mol_4f06b68dc34ab60c,train,ACYCLIC:CCOP(=S)(OCC)SCSP(=S)(OCC)OCC
mol_4f28076c5f86a8cf,train,C=C1c2ccccc2Cc2ccccc21
mol_4f2b3f503733b8e9,train,c1ccccc1
mol_4f2f4092bcaf058d,train,ACYCLIC:CCCC[N+](C)(CCCC)CCCC
mol_4f32b8c743b1a796,train,c1ccc2occc2c1
mol_4f373e06b2930e62,train,O=C(COc1ccccc1)N1CCCCC1
mol_4f4121b2433eb996,train,c1ccc(C2CCN(C3COc4ccccc4C3)CC2)cc1
mol_4f49517be120f6e6,train,C=C1N=C(c2ccccc2)OC1=O
mol_4f4cf1fc7a6c77af,train,O=C(CCCC1CCCCO1)CC1CCCC2(C=CCC3(CCC(C4CCCCO4)O3)O2)O1
mol_4f501be8fcbeaa77,train,ACYCLIC:O=CN(CCO)CCO
mol_4f569b10668599a0,train,ACYCLIC:CC(C)C(=O)OC(=O)C(C)C
mol_4f58b1c319628ddf,train,c1ccccc1
mol_4f62b292aae6f80f,train,O=C1Nc2ccccc2CCC1NCCCc1ccccc1
mol_4f681c6512b82ece,train,O=C1CCC(=O)c2ccccc21
mol_4f73a22249a924b4,train,c1cc2c3c(c1)OC1CCCC4C(C2)N(CC2CCC2)CCC314
mol_4f763947b136feb8,train,c1ccccc1
mol_4f864555db64992d,train,c1ccc2sccc2c1
mol_4f8825d3fe972b98,train,c1ccccc1
mol_4f99c4760b6b61b7,train,O=C1c2ccccc2C(=O)N1SC1CCCCC1
mol_4fa275fa28063f38,train,c1ccccc1
mol_4fa2869c9026c3c0,train,c1ccccc1
mol_4fb2f20be1665de6,train,c1ccccc1
mol_4fb4de7213496d32,train,c1ccccc1
mol_4fbf82ed4e6ea8ff,train,O=S(=O)(NC1CCOCC1)c1ccc(Oc2ccccc2)cc1
mol_4fc57077fcdbee2e,train,c1ccccc1
mol_4fcb71b890dec3da,train,c1ccccc1
mol_4fcfdc4c72cca15d,train,ACYCLIC:CCCCS(=O)(=O)Cl
mol_4fd704eff77b19cc,train,c1ccccc1
mol_4fe0beb218e76d24,train,c1ccccc1
mol_4fe12453e66c8b0c,train,c1ccccc1
mol_4fe30cb4c7b7a02a,train,c1ccccc1
mol_4fe58d8c4af6af7c,train,O=C(Oc1ccccc1)c1ccco1
mol_4fed4e2b5ccd5c41,train,O=C(Nc1ncncn1)NS(=O)(=O)c1ccccc1
mol_4ffae2ebed8eb810,train,ACYCLIC:CC(C)Br
mol_4ffef1424e5d54ab,train,ACYCLIC:O=C(O)CCCCC(=O)O
mol_500744427b5f3d32,train,c1ccc2c(c1)-c1cccc3cccc-2c13
mol_500eae1098dd4b6a,train,O=[PH]1Oc2ccccc2-c2ccccc21
mol_501c028c5b1d5d87,train,C(#Cc1ccccn1)c1ccc2c(c1)CCCS2
mol_5020280760299d4a,train,c1ccc(-c2cc[nH]n2)cc1
mol_50311932283a5d06,train,c1ccccc1
mol_503372df2622b0e7,train,c1ccccc1
mol_50415594967024e6,train,c1ccc(Cc2nccc3ccccc23)cc1
mol_5048deba44dc2c3b,train,O=C1C=C(C=CC=CC=CC=CC=CC=CC=CC=CC=CC2=CC(=O)CCC2)CCC1
mol_504d77dd415dc793,train,c1ccccc1
mol_5057b9eff11d89cd,train,O=C(NC1C(=O)N2CCSC12)c1cccc2ccccc12
mol_5066d3f93e7e1928,train,c1cncc(C2CCCN2)c1
mol_50779bcee079d216,train,O=C1NC(=O)C(Cc2ccc(OCC3CCc4ccccc4O3)cc2)S1
mol_508641f26506c323,train,c1ccccc1
mol_50b3a16a1a82b33f,train,c1ccc2c(c1)Oc1ccccc1S2
mol_50c46df7dd427a73,train,c1ncnc(NC2CC2)n1
mol_50d2c89aa143ded1,train,c1ccc2c(c1)Sc1ccccc1N2CCC1CCCCN1
mol_50d7902353ceefd2,train,ACYCLIC:C[Si](C)=O
mol_50ea4fa508fd27b1,train,ACYCLIC:CCCCC(=O)Cl
mol_50eb2a1561f94534,train,O=c1cc[nH]c2ncccc12
mol_50f03e9c95721309,train,ACYCLIC:O=C(O)CC(C(=O)O)C(CC(=O)O)C(=O)O
mol_51026cf193212049,train,c1ccccc1
mol_5110e7190bdbd997,train,ACYCLIC:C[C@@H](N)C(=O)O
mol_5123a3d900b1ac1a,train,O=C(Nc1ccccc1)C1=COCCS1(=O)=O
mol_5124169a0133adf4,train,c1ccccc1
mol_5124a782deede55f,train,c1ccc(NC2=NCCCS2)cc1
mol_5135714d79b29c11,train,C1=CCCC=C1
mol_5159290d1ee63ec6,train,O=C1NC(=O)C(Cc2ccc(OCC3CCCCC3)cc2)S1
mol_5163069dcaa5096c,train,ACYCLIC:C/C(Cl)=C/CCl
mol_5177d130c758ea47,train,c1ccc(C2OCc3ccccc32)cc1
mol_517f996248978d4c,train,C1CC[NH2+]CC1
mol_51925b72addd2a11,train,c1ccccc1
mol_5198b8add8d628d5,train,c1ccc(-c2cn3ccccc3n2)cc1
mol_519d5f0788235b3b,train,N=C1C=CC(=C(c2ccccc2)c2ccccc2)C=C1
mol_51a13d1b35ce8429,train,O=c1cc[nH]c2cc(N3CCNCC3)ccc12
mol_51a4f137b72f7728,train,ACYCLIC:CCCCCCCCCCN
mol_51b70d8553c63fa7,train,c1ccc(CNc2ccccn2)cc1
mol_51bdd8e44e20a95b,train,c1ccccc1
mol_51c69eb6e3cd12cd,train,ACYCLIC:CC(=O)OC(C)(C)C
mol_51cad4f58d0f1314,train,ACYCLIC:O=C(C(Cl)(Cl)Cl)C(Cl)(Cl)Cl
mol_51d1e90983047c7c,train,ACYCLIC:C=CCCC=C
mol_51d3375201d238fb,train,ACYCLIC:CCOC(=O)/C=C\C(=O)OCC
mol_51d53b5ed57692b3,train,O=C(CCN1CCC(c2ccccc2)C1)c1ccc2c(c1)OCCO2
mol_51dd48ad3fe2271f,train,ACYCLIC:CCCCCCCC(=O)N(C)C
mol_51e3153bb8705ac2,train,ACYCLIC:C[Si](C)(C)O[Si](C)(C)C
mol_51e47f0e8a62eb22,train,ACYCLIC:CCCCCCCCC(CO)CCCCCC
mol_51f0f97fd95828a8,train,c1ccccc1
mol_51f6249f44c20ae8,train,c1ccccc1
mol_51fee10e4908647f,train,ACYCLIC:CC(C)OC(=O)CCC(=O)OC(C)C
mol_52052cc78187a61c,train,O=S1(=O)CC=CC1
mol_5219c568bbfa8821,train,c1ccccc1
mol_52246e95799b4430,train,ACYCLIC:C=C(C#N)CCC#N
mol_52297c751b6d1264,train,c1ccccc1
mol_522b223039d733fc,train,c1ccccc1
mol_52375269fdee09b6,train,O=C1NC(Nc2ccc(OCCN3CCCCC3)cc2)c2ccccc21
mol_524d12ecf06875ac,train,ACYCLIC:CC(O)C(=O)O
mol_5254313bab090329,train,ACYCLIC:CCCCCCOC(=O)CCCCCCCC(=O)OCCCCCC
mol_525c180dfc7035f7,train,C=C1CCCCC1=CC=C1CCCC2C(CC=CCC3CC3)CCC12
mol_525c3e6cf97ebfc6,train,c1ccccc1
mol_526293f13d0ecce8,train,ACYCLIC:CCCCCCCCCC[N+](C)(C)CCCCCCCCCC
mol_52738f4366b3808e,train,c1ccc(N=Nc2cccnc2)cc1
mol_5281f6ef38cf6add,train,c1ccccc1
mol_529c11e6c9714511,train,c1ccc(NC2CCNCC2)cc1
mol_529de9bc98dc2c08,train,ACYCLIC:CC(C)=CCCC(C)CCOC=O
mol_529f515cd000ae9f,train,c1ccc(Cc2cc(Cc3ccccc3)cc(-n3nc4ccccc4n3)c2)cc1
mol_52a5ecee39d93b5b,train,ACYCLIC:CCCCOC(=O)C(C)O
mol_52ac820b0f4990d0,train,O=C(NC(CCNS(=O)(=O)c1ccccc1)Cc1ccccc1)OC1COC2OCCC12
mol_52b26b973d2a9983,train,C1=CNCN1
mol_52bee82b9877dcf7,train,c1ccccc1
mol_52d4251c2c44cae1,train,ACYCLIC:CC(O)CCl
mol_52d9deebd6ee45d6,train,ACYCLIC:COC(C)COC(C)COC(C)CO
mol_52dd032e464e5af7,train,c1ccc(-c2nc(CCOc3cccc4[nH]ccc34)co2)cc1
mol_52e87f605957674b,train,O=c1nc[nH]c2[nH]cnc12
mol_52ea39c4c7cdf50a,train,O=c1nc(-c2cccc(S(=O)(=O)N3CCNCC3)c2)[nH]n2cncc12
mol_52ef0ccba8a0f244,train,c1ccccc1
mol_52fb4af5820b6416,train,c1ccccc1
mol_5308fc20c1de73d7,train,ACYCLIC:O=C(CCl)NCO
mol_530a9b6567722cb3,train,c1ccccc1
mol_5317752253c01a05,train,c1ccc2c(c1)-c1cccc3cccc-2c13
mol_532404de378d000e,train,O=C1CCc2cc(CCN3CCN(c4nsc5ccccc45)CC3)ccc2N1
mol_5327941d124868d7,train,c1ccccc1
mol_5337ee39e60ca3a3,train,ACYCLIC:CCCCOC(=O)CCC(=O)OCCCC
mol_5338689979c00f97,train,ACYCLIC:C#CC(C)(C)O
mol_534079c6632a87fa,train,c1ccccc1
mol_5342ceeb9562a22e,train,c1ccccc1
mol_534caac3da9b85e8,train,ACYCLIC:CSC(C)(C)/C=N\O
mol_537909939d972fe3,train,c1ccc2c(c1)Cc1ccccc1O2
mol_537d4efa150a93c8,train,ACYCLIC:NCCCOCCOCCOCCCN
mol_537da46e3f97094d,train,c1ccccc1
mol_538393168c540f42,train,O=C1CCC(CC(C(=O)Nc2cnccn2)c2ccccc2)C1
mol_53908ace683f9783,train,c1ccccc1
mol_5390974b481a2c7a,train,O=C1C(c2ccccc2)N=CN1Nc1ccccc1
mol_5394ef3e49363fb7,train,O=C(COc1ccccc1)OCCn1cnc2[nH]c(=O)[nH]c(=O)c21
mol_5398650171c255d0,train,c1ccc(N(Cc2cccs2)C2CCNCC2)cc1
mol_539c331e4a9e919e,train,O=C1CNC(=O)C(Cc2ccccc2)NC(=O)C(Cc2ccccc2)NC(=O)CCSSCC(C(=O)N2CCCC2)NC(=O)CN1
mol_539ca5c01b482497,train,c1ccc(C2CC(c3ccc4c(c3)OCO4)c3cccnc32)cc1
mol_539cbdc1843c13c2,train,ACYCLIC:CCCCN(CCO)CCO
mol_539fcfc4df04b5a7,train,c1ncnc(NC2CC2)n1
mol_53a4ef0199b4ff37,train,c1ccc2c(c1)[nH]c1ccccc12
mol_53a8199aaee4e126,train,O=C1CCN(c2ccccc2)N1
mol_53b2af5aa04d893f,train,c1ccccc1
mol_53b33481e3f75206,train,ACYCLIC:CC(C)COC(=O)C(C)C
mol_53b4a7a395eddc6d,train,O=C(CCCN1CCC(c2ccccc2)CC1)c1ccccc1
mol_53b5b2411b4bfe41,train,C1COCCO1
mol_53cbfa4568aea3b8,train,ACYCLIC:OC[C@@H](O)[C@H](O)[C@@H](O)CO
mol_53cd52efcbdfbe64,train,C(=CC=Nc1ccccc1)C=CNc1ccccc1
mol_53ce46e399eb4faf,train,O=C1C=C(C2CCC3C2CCC2C4CCC(OC5CCC(OC6CCC(OC7CCCCO7)CO6)CO5)CC4CCC23)CO1
mol_53e301318d81f09f,train,O=C1C(=O)c2cccc3cccc1c23
mol_53e5443d36cec7ed,train,c1ccccc1
mol_53f8dfd6f3a9b71c,train,O=C(OC1CCN(Cc2ccccc2)C1)C1=CNC=CC1c1ccccc1
mol_540cc0181e112b38,train,ACYCLIC:CC=O
mol_540da1e5f73bfb5b,train,c1ccccc1
mol_541337e77d0a67c3,train,O=C(CCC1CC2NC1=CC1=NC(=CC3=NC(=CC4=NC2CC4)CC3)CC1)NCCO[PH](=O)OC1COC(n2cnc3ccccc32)C1
mol_541b4faa6612429e,train,c1ccccc1
mol_5427d41ce55da3d3,train,O=C1NCC(CCN2CCOCC2)C1(c1ccccc1)c1ccccc1
mol_5436efd2c32d3c39,train,c1ccccc1
mol_543888595f9b277a,train,c1ccccc1
mol_5438d1436d06aa08,train,c1ccccc1
mol_5446fe4235f40122,train,c1ccc2c(c1)CCC(CCNCCC1CCc3ccccc3O1)O2
mol_545166968be95073,train,c1ccc(Cn2cncn2)cc1
mol_5458a4da1eaa3e76,train,O=C1CCCC(=O)OC2CCN3CC=C(CO1)C23
mol_545ad6b3694705a3,train,c1cc2cc(c1)Oc1ccc3c(c1)C(Cc1ccc(cc1)Oc1cccc4c1C(C2)[NH2+]CC4)NCC3
mol_5460dc47d765f619,train,c1ccccc1
mol_5464dd1c03231261,train,O=c1c2ccccc2oc2ccccc12
mol_54678fa8d9638981,train,c1ccccc1
mol_5493ed3d38d03e8f,train,C=C1c2ccccc2C(=O)C2=CC3C(=O)C=CCC3CC12
mol_54af572f4ab14f31,train,ACYCLIC:CC(=O)CC(C)C
mol_54b0ffdfef540d7f,train,O=C(NC1CCCCC1)NS(=O)(=O)c1ccccc1
mol_54b254f06cc960c4,train,c1ccccc1
mol_54b775d611ebb6e1,train,c1ccccc1
mol_54daaaf72fdf038f,train,ACYCLIC:C=C(C)C(=O)OCCN(CC)CC
mol_54e211ed83c65ceb,train,c1ccccc1
mol_54f71f7764b792e0,train,ACYCLIC:C=CC(C)(O)CCC=C(C)CCC=C(C)C
mol_55034b9dfd025da9,train,O=C1C=C(C2CCC3C2CCC2C4CCC(OC5CCC(OC6CCC(OC7CCCCO7)CO6)CO5)CC4CCC23)CO1
mol_5518611e3076e1a5,train,O=C1Nc2ccccc2C1=O
mol_551994cbde46e2fd,train,ACYCLIC:CCCCCCCCCCCCCCCCCC(=O)OCCO
mol_55206e7af6fba9d3,train,O=c1cccco1
mol_55248b1019805ed7,train,O=c1[nH]c(-c2cccc(S(=O)(=O)N3CCNCC3)c2)nc2cn(Cc3ccccn3)nc12
mol_55256abf4531cdcc,train,c1ccc(OCCCCC2CCNCC2)cc1
mol_5538baf513203e2d,train,ACYCLIC:COP(OC)OC
mol_553dd34360f64ab8,train,O=c1ncccn1C1CCCO1
mol_5544059adfc2c074,train,O=c1ccocc1
mol_5547d0872d28a0a1,train,O=C(OC1CCC[NH2+]C1)C(c1ccccc1)c1ccccc1
mol_55521108f34bde84,train,C(=CSSC=CNCc1cncnc1)NCc1cncnc1
mol_5556f2c81e9d2a41,train,ACYCLIC:CCN(CC)N=O
mol_55606b6052c0a94c,train,c1ccc2ncncc2c1
mol_5567eb4e8db4dbdd,train,O=C1CCCCCCCCCC2CCCC(CC(OC3CCCCO3)C=CC=CC=CC=CC=CC=CC=CCC(CCCCCC(=O)c3ccccc3)OC(=O)CCC1)O2
mol_556bb6f16f621d91,train,ACYCLIC:NCCCCCC(=O)O
mol_5573ab9c5b3ad18a,train,O=C(CCCN1CCN2CCCC2C1)c1ccccc1
mol_558da0ec1cced918,train,ACYCLIC:CCOC(=O)CC#N
mol_55a2d6ea5f21bc47,train,c1ccccc1
mol_55a550b608c5667a,train,O1[SiH2]O[SiH2]O[SiH2]O[SiH2]1
mol_55b23cfb29735605,train,O=C1c2ccccc2S(=O)(=O)N1COc1cc(=O)n2cccc(OCCN3CCCCC3)c2n1
mol_55c65be637f995ac,train,c1ccccc1
mol_55e47fff1a8532b3,train,c1ccccc1
mol_55e5b8a492256dcf,train,O=C1CCC(N2Cc3ccccc3C2=O)C(=O)N1
mol_55fea472d5725b5f,train,O=S1(=O)C=CS(=O)(=O)CC1
mol_56055e1edf0f958b,train,O=c1nccc[nH]1
mol_56079f7d8c304aa1,train,ACYCLIC:C[N+]([O-])(CCCl)CCCl
mol_560966af336bb06e,train,O=c1ccn(C2CC2)c2cc(N3CC4CCCNC4C3)ccc12
mol_561732356b8592f7,train,ACYCLIC:[Ca+2]
mol_56176ff3048ab327,train,ACYCLIC:ClCC=CCCl
mol_56258877cbaf420f,train,ACYCLIC:CSCCCN=C=S
mol_562c7e203c14d38f,train,O=C(Nc1cccc(C2=NCCN2)c1)Nc1cccc(C2=NCCN2)c1
mol_563c186d3a90f2a8,train,c1ccccc1
mol_565f1716af4cf89e,train,c1cc[n+](Cc2cncnc2)cc1
mol_5664fb7e009d9d52,train,O=C1CCC=CCC(=O)CC(CCC2CCCCC2)OC(=O)C2CCCCN2C(=O)C(=O)C2CCCC(CCC=CC=CC=CCCC1)O2
mol_56677d3718b623b2,train,ACYCLIC:CCC(Cl)CCl
mol_566d97f680a64b0d,train,O=C1CC2SCC=CN12
mol_567710a0c4df24c9,train,c1ccccc1
mol_56857f68d72dd6d9,train,O=c1[nH]sc2ccccc12
mol_568d8466aaefbe99,train,O=C(Nc1nccs1)c1ccccc1
mol_568f8cbac7607fcb,train,c1ccccc1
mol_569455e2a3530c28,train,c1ccc([SH+]c2ccccc2)cc1
mol_569f88a53a37fd42,train,ACYCLIC:OCC(Br)CBr
mol_56b4de996c3fc499,train,O=C(Cc1ccccc1)OCc1cccc(Oc2ccccc2)c1
mol_56be585ee27e591e,train,O=C(NCc1ccccc1)C1CCN1C(=O)CC1CCCCC1
mol_56c88699168f2fd9,train,c1ccc(OCCCNCCc2c[nH]c3ccccc23)cc1
mol_56d168285e6417ae,train,O=C1C=CCC(C=Cc2ccccc2)O1
mol_56d672de3bb2a314,train,ACYCLIC:CC(C)(C)C(=O)O
mol_56db7ee1ad267dc7,train,c1ccccc1
mol_56ddc0a3c0c46c2f,train,c1ccccc1
mol_56de9fefcf1645df,train,c1ccccc1
mol_56ee3138a5b153e7,train,ACYCLIC:CCN(CC)CCN
mol_56ef1e6b5283fb41,train,ACYCLIC:OCC(Cl)CCl
mol_56ef8b9b32f102c6,train,ACYCLIC:CCC(Br)(CC)C(=O)NC(N)=O
mol_56f9164c4a535d3a,train,c1ccccc1
mol_56fb15888b297e28,train,ACYCLIC:C=CC[N+](C)(C)CC=C
mol_5704945d44184a81,train,ACYCLIC:CC(C)COP(=O)(OCC(C)C)OCC(C)C
mol_57059bb82696c87c,train,c1ccc(OCn2cncn2)cc1
mol_5705dcc31f19f0fe,train,ACYCLIC:CC(C)CC(=O)N[C@H](C(=O)N[C@H](C(=O)N[C@@H](CC(C)C)[C@@H](O)CC(=O)N[C@@H](C)C(=O)N[C@@H](CC(C)C)[C@@H](O)CC(=O)O)C(C)C)C(C)C
mol_5706c03aa78f5110,train,O=C1CC(C(=O)NC(Cc2c[nH]cn2)C(=O)N2CCCC2)NC(=O)N1
mol_570e8560cd841137,train,ACYCLIC:COC(=O)CCS
mol_571fdc0d7006de83,train,c1ccccc1
mol_5721a2f7d4fdb106,train,ACYCLIC:CCCCCC(C)N
mol_572a3bb55eb31557,train,c1ccccc1
mol_5734fd9654071895,train,c1ccccc1
mol_573673b9dfcfe7fe,train,ACYCLIC:NC(=O)NNC(N)=O
mol_574548e4efdd7bc6,train,ACYCLIC:NC(N)=O
mol_5745d329876f24d0,train,c1ccccc1
mol_574bbdd84084c45b,train,ACYCLIC:CC(C)(C)OC=O
mol_57665893893901ed,train,c1nc(Sc2cnc[nH]2)c2[nH]cnc2n1
mol_5773e9054de7ddc3,train,c1ccccc1
mol_57769d69a174463f,train,c1ccccc1
mol_579163e276d4bd7e,train,O=S(=O)(Nc1ccncn1)c1ccccc1
mol_57a48918a3e1ce14,train,ACYCLIC:CCCOC(OCCC)OCCC
mol_57ad943ede098f36,train,c1ccccc1
mol_57b446d66f15c6e8,train,O=C1OC2(c3ccccc3Oc3ccccc32)c2ccccc21
mol_57c26d0cd245bc49,train,c1ccccc1
mol_57c7553b3cf38bc8,train,ACYCLIC:CCCOCCOCCO
mol_57c7cdda52b98a4c,train,c1ccc2c(c1)CCCO2
mol_57d4eca68335e7fe,train,c1ccccc1
mol_57d7a388b77dab37,train,O=C(CCCN1CCN(c2ccccc2)CC1)NC1c2ccccc2CSc2ccccc21
mol_57e0a122091de9b8,train,ACYCLIC:CCCCCCCC/C=C/C(=O)O
mol_57fb1a5214784620,train,O=C1CC(=O)N(c2ccccc2)c2ccccc2N1
mol_581b7efd3dcd0e08,train,ACYCLIC:CCCCO
mol_5825351811f8e52e,train,c1ccc2[nH]nnc2c1
mol_5828f4862ba54cc2,train,ACYCLIC:COC(=O)CC(C(C)=O)C(=O)OC
mol_584753469470fe79,train,c1ccccc1
mol_585182af8c234fec,train,ACYCLIC:CC/C=C\CCOC(=O)C(C)C
mol_585f3c9ce0479c92,train,O=C1CC(=O)OCC2OC(=O)N(CCCCn3cnc(-c4cccnc4)c3)C2CC(=O)CCCC(OC2CCCCO2)C1
mol_5862bfbe4584e587,train,ACYCLIC:COP(=O)(OC)C(O)C(Cl)(Cl)Cl
mol_5863336457cda2bb,train,ACYCLIC:CC(C[N+](C)(C)C)OC(N)=O
mol_5871a002d98593b9,train,O=S1(=O)c2cccc3cccc(c23)N1CCCN1CCN(c2ccccc2)CC1
mol_58777ed46545ae2b,train,C(=CSSC=CNCc1cncnc1)NCc1cncnc1
mol_587a5273cab5e33b,train,C1CN(SSN2CCOCC2)CCO1
mol_5885c0b3220a3bba,train,O=S(=O)(Oc1ccccc1)c1ccccc1
mol_5887d473a498b672,train,O=C(Cc1ccccc1)OCc1ccccn1
mol_58a62bd3cd0b84d9,train,c1ccccc1
mol_58ac46f7518f2b35,train,O=C(NCCCCCCNC(=O)OCCN1CCOC1)OCCN1CCOC1
mol_58c5bb60af5aa901,train,O=c1ncccn1C1CCCO1
mol_58c5f1d2118921bc,train,c1ccc2nc3ccccc3cc2c1
mol_58c968231a680970,train,c1ccccc1
mol_58ca066932667bf6,train,c1ccc(CCNCCC(c2ccccc2)c2ccccc2)cc1
mol_58d068a231d06008,train,ACYCLIC:ClC(Cl)(Cl)C(Cl)(Cl)Cl
mol_58db0c299e1b154d,train,O=S(=O)(Nc1ncccn1)c1ccccc1
mol_58ddee955bd6b163,train,c1ccc(C(CC[NH+]2CCCCC2)c2ccccc2)cc1
mol_58e6a1813561aa1f,train,ACYCLIC:CCCCN
mol_58f2c657ec4c58f4,train,c1ccc2c(c1)CCc1cccnc1C2=C1CCNCC1
mol_58f8f7085a25b00a,train,c1ccccc1
mol_5909dec8e68d59b7,train,c1ccc(C2(Cn3cncn3)OCCO2)cc1
mol_591539e115a9311d,train,c1ccccc1
mol_592ec5df7dee6483,train,c1ccc(CN2CCN(C(c3ccccc3)c3ccccc3)CC2)cc1
mol_592f353f9c9c7ed4,train,C=C1C(=O)CC2C1CCC1C3CCC(=O)C=C3CCC21
mol_5939f1c3ee25735f,train,ACYCLIC:FC(F)OC(Cl)C(F)(F)F
mol_593c86629ee8a751,train,ACYCLIC:CC(CC=O)CC(C)(C)C
mol_59452f8fbf933888,train,O=C(OCCC(=CNCc1cncnc1)SSC(=CNCc1cncnc1)CCOC(=O)c1ccccc1)c1ccccc1
mol_594ee09488265dd5,train,ACYCLIC:COC(N)=O
mol_594fb960d37f86ef,train,O=C1CCC(c2ccc(NCCNCCCOc3ccccc3)cc2)=NN1
mol_595166c9a9eadb64,train,c1ccccc1
mol_59532aa207ca5e20,train,ACYCLIC:NCCCNCCSP(=O)(O)O
mol_595f195e9b9bf8d7,train,ACYCLIC:CCNS(=O)(=O)C(F)(F)C(F)(F)C(F)(F)C(F)(F)C(F)(F)C(F)(F)C(F)(F)C(F)(F)F
mol_59614b064f548d9d,train,ACYCLIC:CC[S+](C)CC
mol_59665130c5d6cb3b,train,ACYCLIC:C=CC(=O)O
mol_596d4c10c2657980,train,c1ccccc1
mol_596f79a2a9b21812,train,c1ccc(CCCCc2ccccc2)cc1
mol_598175c21ab079f2,train,ACYCLIC:CN(C)C(=N)NC(=N)N
mol_5981c2ebdb02cf2b,train,c1ccc(C2COc3ccccc3C2c2ccc(OCCN3CCCC3)cc2)cc1
mol_59926d720315934d,train,C1CCC(OC2CCCCO2)OC1
mol_59ac6da02970979c,train,O=C(Nc1ccc(C=Cc2ccc(NC(=O)c3ccc4cccnc4c3)cc2)cc1)c1ccc2cccnc2c1
mol_59ced1f44474f277,train,ACYCLIC:CC(C)OC=O
mol_59cfd47d9f207ec2,train,ACYCLIC:[Cl][Yb]([Cl])[Cl]
mol_59d6181855ae24ac,train,ACYCLIC:ClC=C(Cl)Cl
mol_59df4f9646e54cc9,train,O=C1CNC(=O)CNC(=O)C2CCCN2C(=O)C(Cc2ccccc2)NC(=O)CNC(=O)CNC(=O)CNC(=O)C2CCCN2C(=O)C(Cc2ccccc2)NC(=O)CN1
mol_59e8afda7bfa5d9b,train,ACYCLIC:ClCCN(CCCl)CCCl
mol_59e9dc858ab1c96f,train,c1ccc(NC2CCN(CCc3cccs3)CC2)cc1
mol_59efd11337140226,train,O=C1CCCCCO1
mol_59f3d84c78d0d9bd,train,c1ccccc1
mol_59fcb8a7c5582560,train,C1CC2OC2CC1C1CO1
mol_5a0a056f6e457258,train,O=C(CCCCCCCCc1cccnc1)N1CCC(C=C(c2ccccc2)c2ccccc2)CC1
mol_5a156729d75fa9c4,train,O=C(OC1CCCN(Cc2ccccc2)C1)C1=CNC=CC1c1ccccc1
mol_5a3f30e5695955af,train,ACYCLIC:CC(=O)C(C)=O
mol_5a4f9142260ffd9f,train,O=C1CCC(=O)O1
mol_5a5843c4799dca6b,train,O=c1[nH]c2ccccc2o1
mol_5a58b7921bfacc7a,train,O=c1ccn2c3c(c(N4CCNCC4)ccc13)OCC2
mol_5a626d93c019b288,train,C1=C2CCC3C4CCCC4CCC3C2CCC1
mol_5a64ed7efaba2670,train,O=C1CC=CCCCCC2CCCC(O2)C(=O)C(=O)N2CCCCC2C(=O)OC(C=CC2CCCCC2)CCC1
mol_5a66bc5908e74d50,train,ACYCLIC:CCC(=O)O
mol_5a76a9061559d5cf,train,c1ccccc1
mol_5a8db45848452586,train,O=C1C=CC2(CC1)Oc1ccccc1C2=O
mol_5ab30d6ef9f7b304,train,ACYCLIC:CC/C=C\C#N
mol_5ac15ad76f6ef1cc,train,c1ccccc1
mol_5ac4ac1f42fe186a,train,C1=CCCC=C1
mol_5acda16cb277c39c,train,C(=C(c1ccccc1)c1ccccc1)c1ccccc1
mol_5ad2a130b63bd32f,train,c1cc2c(c(-c3cc[nH]c3)c1)OCO2
mol_5ad447c8d94e169a,train,ACYCLIC:CCOP(=S)(OCC)SCCSCC
mol_5ad5e38ab6c5cb13,train,O=C1CCCCC1c1cccs1
mol_5ad69cf351a912a8,train,O=C1C=CC=CCCCCCCCCC=COC2Oc3ccc4cc(c(C=NN5CCN(C6CCCC6)CC5)cc4c3C2=O)N1
mol_5ad89bb9c3bcab98,train,c1ncc(C[n+]2ccsc2)cn1
mol_5adfe035ea6094c6,train,c1ccc(Oc2ccc3nc[nH]c3c2)cc1
mol_5af56bfadb6aea4c,train,O=C(Nc1ccccc1)Nc1ccccc1
mol_5af583a32b084330,train,c1ccc(Oc2ccccc2N2CCCC2)cc1
mol_5af6c19dfe3e259d,train,c1ccccc1
mol_5afb4cee45f92f9d,train,O=c1ccn(-c2ccccc2)c2ccc(Nc3ccccc3)cc12
mol_5afc4f804f0622c1,train,c1ccccc1
mol_5b0977b19baebd96,train,ACYCLIC:CCCCCCCCCCCC[N+](C)(C)C
mol_5b0b56f17ca44e26,train,C(=C(c1ccccc1)c1ccccc1)c1ccccc1
mol_5b0c22cd9fd40a3c,train,C1=COCCC1
mol_5b0eb5248820b308,train,ACYCLIC:CCCCCCCCCOS(=O)(=O)O
mol_5b196629d8b8b1f0,train,c1cn[nH]c1
mol_5b1d02456f73ba01,train,c1ccccc1
mol_5b1e46d1d41e8886,train,O=C(Nc1ccccc1)NS(=O)(=O)c1ccco1
mol_5b40d4990159ff36,train,ACYCLIC:OC[C@@H](O)[C@@H](O)[C@H](O)[C@@H](O)CO
mol_5b531aef934267c6,train,O=c1[nH]c2ccccc2n1C1CCNCC1
mol_5b5fc67d16456bb5,train,O=C1N(S(=O)(=O)c2ccccc2)c2ccccc2C1(c1ccccc1)N1CCCC1
mol_5b68ce726f927e6c,train,c1ccccc1
mol_5b728ca23a965cc4,train,O=c1nc[nH]c2ncc(CNc3ccccc3)nc12
mol_5b7aa597d52a0b49,train,O=c1ccoc2cccc(OCCCOc3cccc4occc(=O)c34)c12
mol_5b8a353f922279ef,train,ACYCLIC:CNCCO
mol_5b931e9cec166f7a,train,O=C(Cc1ccccc1)NC1C(=O)N2C=CCSC12
mol_5b9c07e0f50e99bb,train,O=C1OC2CC1C1CC3OC34C(=O)OC2C14
mol_5b9f7ba77439fe81,train,ACYCLIC:O=CCCl
mol_5ba7ab0c62ce2e05,train,O=C1COC(=O)N1c1ccccc1
mol_5bb578bc672f6b6d,train,ACYCLIC:CCOC(=O)CCCCCCCCC(=O)OCC
mol_5bc59cee9ac85a26,train,ACYCLIC:CCCC(=O)Cl
mol_5bc76544fcbe4771,train,ACYCLIC:O=C(O)C(F)(F)C(F)(F)C(F)(F)C(F)(F)C(F)(F)C(F)(F)C(F)(F)C(F)(F)C(F)(F)F
mol_5bd0a71b2249ecd2,train,c1ccccc1
mol_5bd27d1fd63ed191,train,c1ccccc1
mol_5bdf773e4226f051,train,c1ccccc1
mol_5bee75dfc4530c61,train,c1ccccc1
mol_5bf7cde18990daae,train,O=C1NC2NC(=O)NC2N1
mol_5c26f9cdcaa210c8,train,O=c1ccc(C2CCC3C2CCC2C4CCC(OC5CCCCO5)C=C4CCC23)co1
mol_5c275659c22f20c0,train,c1ccccc1
mol_5c27fa374c842147,train,O=C1OC2CC(CC=CC(OC3CCC(OC4CCCCO4)CO3)CC=CC=C3COC4CC=CC1C34)OC1(C=CCC(C3CCCCC3)O1)C2
mol_5c29cdc659aeede5,train,O=C1Cc2cc(CCN3CCN(c4nsc5ccccc45)CC3)ccc2N1
mol_5c3177faf5d64f5d,train,c1ccc(C(c2ccccc2)(c2ccccc2)n2ccnc2)cc1
mol_5c4137a7fae5a66d,train,ACYCLIC:CCSCC
mol_5c53bff0dab03ced,train,c1ccccc1
mol_5c60918aba5fe746,train,ACYCLIC:CCC(=O)CC
mol_5c6b7b31593f6b41,train,c1ccccc1
mol_5c79ee66f568e97a,train,c1ccccc1
mol_5c87013cc051481d,train,ACYCLIC:C=C(C)C(=O)OCCOCCOCCOCCOC(=O)C(=C)C
mol_5ca0a5f4708a2d24,train,O=C(COc1nncs1)Nc1ccccc1
mol_5ca1c4481b3db7d4,train,C1CC[NH2+]C1
mol_5ca8c65ea1317898,train,C1=COC(OC2CCCC(OC3CCCCO3)C2)CC1
mol_5cabca987bc76ac4,train,C=C1CC2CCCC2C1
mol_5caccf1382179239,train,c1ccccc1
mol_5cb5687ef80b6b7f,train,c1ccccc1
mol_5cb9fb462861a341,train,c1ccccc1
mol_5cc1752eee86f9a8,train,c1ccccc1
mol_5cc56acdc03c885d,train,C1CCC(CC2CCCCC2)CC1
mol_5cc9dcc074bbb9f1,train,C=C1C(=O)CC2C1CCC1C3CCC(=O)C=C3CCC21
mol_5cd9d506415767b8,train,ACYCLIC:CCCSC(=O)Cl
mol_5ce4e7eeb85f84b8,train,c1ccc(-c2nc(-c3ccncc3)no2)cc1
mol_5cf38f2d1965d28d,train,ACYCLIC:O=C(O)CCCCCCCCCC(=O)O
mol_5cf58e770ed48a22,train,O=S1(=O)NCCc2ccsc21
mol_5cf7e80d7368c4cb,train,c1ccccc1
mol_5d06448bbf01407a,train,O=C(CNC(=O)c1ccccc1)Nc1ccccc1
mol_5d078218583cca94,train,O=C1C=CC2OC2CCOC(=O)CCCC(OC2CCCCO2)CCC1
mol_5d0f5a76b18615e2,train,O=C1CCN(C2CCCC2)c2nc(Nc3ccc(C(=O)NC4CCNCC4)cc3)ncc2N1
mol_5d285765ca496b23,train,c1ccccc1
mol_5d31f4030c4ae9c5,train,C(=Cc1ccc2ccccc2n1)c1ccccc1
mol_5d3a3c6c37ee09bd,train,ACYCLIC:CCO[Si](CC)(OCC)OCC
mol_5d3e1a462960cc7e,train,c1ccc(C2(c3ccccc3)OCC(C[NH+]3CCCCC3)O2)cc1
mol_5d3e4745c57ae81f,train,c1ccccc1
mol_5d442635b41069af,train,c1ccc(OCC2CO2)cc1
mol_5d55a31c125a9068,train,c1ccccc1
mol_5d5bdcb26c469583,train,c1ccc(OCC2=NCCN2)cc1
mol_5d6201fca1cccf9a,train,c1ccccc1
mol_5d66c8a4e5a17944,train,ACYCLIC:O=P(OCCCl)(OCCCl)OCCCl
mol_5d71750266b584c4,train,ACYCLIC:OCCN(CCO)CCO
mol_5d7f8d989c64dc58,train,O=c1ccc2c(-c3ccccc3)c3ccccc3oc-2c1
mol_5d86afe6f31be142,train,c1ccccc1
mol_5d8c76414b8faeff,train,ACYCLIC:C=CC(C)(C)CC(=O)OC
mol_5d8d4f329d389fe3,train,O=C(NN1CCCCC1)c1cc(-c2ccccc2)n(-c2ccccc2)n1
mol_5da08eb3aa2512b6,train,O=C1C=CC2C(CCC3C2CCC2C(C(=O)Nc4ccccc4)CCC23)N1
mol_5da1ba726f547074,train,c1ccccc1
mol_5da5e3df103e3407,train,O=c1ccn(C2CC2)c2ccccc12
mol_5da5f84cdc69d82b,train,c1ccc(-n2nc3ccccc3n2)cc1
mol_5da894edceace072,train,ACYCLIC:CC(C)=CC=O
mol_5dab96db4da166ae,train,ACYCLIC:CCCCN(CCCC)C(=S)S
mol_5db9514fe2d50ee1,train,O=c1ccocc1
mol_5dc07a98dee02100,train,O=C1Cc2cccc(c2)Oc2cccc(c2)C2NC(=O)C(Cc3ccc(cc3)Oc3cc4cc(c3OC3CCCCO3)Oc3ccc(cc3)C(OC3CCCCO3)C3NC(=O)C(NC(=O)C4NC2=O)c2cccc(c2)-c2c(cccc2OC2CCCCO2)CNC3=O)N1
mol_5dc75b78094cc126,train,ACYCLIC:CCOC(=O)Cl
mol_5de250d60240e731,train,O=C(NC(CCNS(=O)(=O)c1ccccc1)Cc1ccccc1)OC1CCOC1
mol_5de8bf7a7d4dd638,train,O=C(Nc1ccccc1)C1CC1
mol_5dfe338829acc580,train,c1cc2cnn(C3CCCCC3)c2cc1C1CCCCC1
mol_5e0afbc245f10f9d,train,c1ccc(-n2cccn2)cc1
mol_5e21df8293e67571,train,ACYCLIC:C[Si](C)(C)N[Si](C)(C)C
mol_5e27413f28c3b026,train,ACYCLIC:COC(CC(C)CCCC(C)(C)O)OC
mol_5e2f7496b639227f,train,c1ccccc1
mol_5e30c444171166c9,train,O=C(Cc1ccccc1)OC1CCNCC1
mol_5e33c6cb975180d2,train,O=C1c2ccc3c(c2OC2COc4ccccc4C12)CCO3
mol_5e40da26e6a54230,train,c1ccccc1
mol_5e4ae42e8e70ed9d,train,c1ccccc1
mol_5e4c96865c182921,train,O=C(Cn1cnnn1)NC1C(=O)N2C=C(CSc3nncs3)CSC12
mol_5e5c98375e869870,train,N=C(C(=O)NC1C(=O)N2C=CCSC12)c1cscn1
mol_5e6008dafc6a4e89,train,c1ccc(COOCc2ccccc2)cc1
mol_5e8f14ef7fc04656,train,ACYCLIC:CN(C)CCCNCCC#N
mol_5eabb2a691c98c05,train,O=C(NCCN1CCOCC1)c1ccccc1
mol_5ed00844b1e944ba,train,ACYCLIC:C=C(C)C(=O)OCC(CC)CCCC
mol_5ef5fef234fae98d,train,ACYCLIC:CCN(CC)C(=S)SSC(=S)N(CC)CC
mol_5f096d907a077445,train,c1ccc(Oc2ccccn2)cc1
mol_5f0db5bb9682ae58,train,c1ccccc1
mol_5f1aa545f4b1c25f,train,O=C1NC(=O)C(c2ccccc2)(c2ccccc2)N1
mol_5f20e3f7f30b2212,train,C1=CC2C3CCC(C3)C2C1
mol_5f244278793e5b59,train,ACYCLIC:CCCC[P+](CCCC)(CCCC)CCCC
mol_5f25389ce1fe2337,train,C1CCC2=C(C1)CCCC2
mol_5f30b9c5cf4c88f6,train,C=C1c2ccccc2CCc2ccccc21
mol_5f4579997b40e4f7,train,c1ccc2cc3c(ccc4ccccc43)cc2c1
mol_5f45aafd6b010ae4,train,c1ccccc1
mol_5f519c09359505d2,train,c1ccccc1
mol_5f552271021ec69d,train,c1ccccc1
mol_5f597725e797594c,train,C1CN2CCC1CC2
mol_5f614a728436dc88,train,O=C1N=CNC(=O)C1C1=CCCCC1
mol_5f7515b88ad10eda,train,ACYCLIC:CCO[Si](CCCSSSSCCC[Si](OCC)(OCC)OCC)(OCC)OCC
mol_5f7d04270c3a30ff,train,ACYCLIC:CCCCCCCCCCCCSC#N
mol_5f8923542b60fe16,train,C1=Nc2ccccc2C1
mol_5f89a62d872561ec,train,O=C1c2ccccc2C(=O)c2cc3c(cc21)CCCC3OC1CC(N2CCOCC2)CCO1
mol_5f95b6cf2f6ff4eb,train,ACYCLIC:CCOCCOCC
mol_5f98ab394ec3e72f,train,ACYCLIC:CCCCCCCC/C=C/CCCOC(C)=O
mol_5fa6d750d3b17f2a,train,c1ccccc1
mol_5fcd695d3a9ac232,train,O=C1OC2(c3ccccc3Oc3ccccc32)c2ccccc21
mol_5fd28628677ede15,train,ACYCLIC:CCCCCC[N+](=O)[O-]
mol_5fd2a620ccd803dd,train,ACYCLIC:CCCCCCCCCCCCCCCCCC(=O)OCC(O)CO
mol_5fdee169239e5c01,train,O=C(C=Cc1ccccc1)OC1CCC2CC3c4[nH]c5ccccc5c4CCN3CC2C1
mol_5fedb4008109313c,train,c1ccc(C2CC2)c(OCC2=NCCN2)c1
mol_60174c1be388c3de,train,c1ccc(CCn2cncn2)cc1
mol_6027aa52d58b8a58,train,O=C1CNC(=S)N1
mol_6038390e6ed1051d,train,ACYCLIC:CCCCOC(=O)CC#N
mol_60410873561b8887,train,O=C(Nc1ccccc1)Nc1nc2ccccc2s1
mol_60632b447a64e1e6,train,O=C1CCCCOC(=O)CC(OC2CCCCO2)CC(OC2CCCCO2)CCC1
mol_60685b3fce10ddfa,train,ACYCLIC:CCCCCCCCCCC
mol_606a643fc9a6ef52,train,c1ccccc1
mol_606c2bcb02f9ae8b,train,O=c1[nH]c(=O)c2c(ncn2CCNCCc2ccccc2)[nH]1
mol_60817b94ff3dbbec,train,ACYCLIC:CC(C)OB(OC(C)C)OC(C)C
mol_60885a63da0af456,train,C1=CC2C3Cc4cccc5c4C2(CCN3)C(C1)O5
mol_6090a68e3825d129,train,ACYCLIC:CC(=O)CCC=C(C)C
mol_6091f5a131647742,train,ACYCLIC:C=C(C)C(=O)OCC[N+](C)(C)C
mol_609290a1b81a7a10,train,c1ccc(C[SH+]c2nc3ncccc3[nH]2)nc1
mol_6097eb23458423a1,train,C1=NNc2ncnc3c2c1cn3C1CCCO1
mol_60aab50525c7c742,train,c1ccc2c(c1)CCCCc1cc3c(cc1-2)OCO3
mol_60ae8a56c132d312,train,c1ccccc1
mol_60ba7eed0ec6059c,train,O=C(c1ccccc1)c1cccs1
mol_60beb6d1cf0d46d7,train,ACYCLIC:CCCCCCCCCC(=O)NO
mol_60c08705f4754566,train,C1=CC2CCC3Nc4ccc(C5CC6CCCN(CCc7c5[nH]c5ccccc75)C6)cc4C34CCN(C1)C24
mol_60c8592a888b0a51,train,ACYCLIC:CNC[C@H](O)[C@@H](O)[C@H](O)[C@H](O)CO
mol_60cdee496c10f22d,train,O=C1c2ccccc2C(=O)C1c1ccccc1
mol_60d0e35d64802a00,train,O=C(Oc1ccccc1OC(=O)c1ccccc1)c1ccccc1
mol_60d87bcd54cea985,train,ACYCLIC:C=CCOCC(O)CS(=O)(=O)O
mol_60de6d96c3d0525c,train,ACYCLIC:C=CCOCC(CO)(COCC=C)COCC=C
mol_60e1520a566a0310,train,O=C1NCCN(C(=O)NC(C(=O)NC2C(=O)N3C=C(CSc4nnn[nH]4)CSC23)c2ccccc2)C1=O
mol_60f3767950061cb2,train,c1ccccc1
mol_610edb139ebcd4b6,train,O=C(Cc1ccccc1)OC1CC2CCC(C1)N2
mol_611ddb8674da0674,train,c1ccccc1
mol_61228d3f0429e8d3,train,O=S(=O)(Nc1ccnn1-c1ccccc1)c1ccccc1
mol_6125adee61b6d404,train,c1ccc2c(c1)c1ccccc1n2CCCN1CCNCC1
mol_6126230b8ff02606,train,c1ccccc1
mol_6131e6ef70a37771,train,c1ccccc1
mol_613b5928846ee135,train,c1ccc(CCCN2CCN(CCOC(c3ccccc3)c3ccccc3)CC2)cc1
mol_617e5caf2bf0c751,train,O=c1[nH]c(=O)[nH]c(=O)[nH]1
mol_6184393506027441,train,ACYCLIC:O=C(O)C(Cl)Cl
mol_6196aa7a323f6b82,train,ACYCLIC:CNC(=O)/C=C(\C)OP(=O)(OC)OC
mol_61a08a9cc2df0bd2,train,ACYCLIC:NC(=S)C(N)=S
mol_61a8fa213974c15c,train,C1CC2CCC1O2
mol_61ae95a8abb0cc26,train,c1ccccc1
mol_61b1d7a5005fd192,train,c1ccccc1
mol_61b2e100c20f80f9,train,c1ccc(CC2NCCc3ccccc32)cc1
mol_61c2c8446b5dd53b,train,c1ccc2ocnc2c1
mol_61c96d6d746baa84,train,c1cc(OCC2CO2)ccc1Cc1ccc(OCC2CO2)cc1
mol_61c97a0e5bf59b60,train,ACYCLIC:NC(N)=S
mol_61ce01add3b8e371,train,c1ccc(-c2conc2-c2ccccc2)cc1
mol_61d3f36629cd793d,train,ACYCLIC:CCC(C)CO
mol_61d4f358987a91ff,train,O=C1CC2SCCN12
mol_61dfc3dbd78e8910,train,ACYCLIC:COC(=O)CC(=O)OC
mol_61ea1990969c8e2a,train,c1ccc2c(c1)cc1ccc3cccc4ccc2c1c34
mol_61ed3c316fd6afb6,train,ACYCLIC:O=P(O)(O)CCCl
mol_61fcff388789c5af,train,ACYCLIC:CCCCCCCCCC(C)=O
mol_620697f04f02623f,train,O=C(CCNCCc1ccccc1)c1ccccc1
mol_6225e7d3d93e0d57,train,c1ccccc1
mol_622b510664ec34a5,train,C1CCC(C2CC3CCC2C3)CC1
mol_62404b2629b613c4,train,C1=C2CC3C4CCCCC4=CCC3C2CCC12CC1NCCCC1O2
mol_624fd7724ca0fd89,train,O=C1CCCCCCCCCCCC2CCCC(CC(OC3CCCCO3)C=CC=CC=CC=CC=CC=CC=CCCCCO1)O2
mol_62740952d58fe13b,train,C(=Cc1n[nH]c2cc(Sc3ccccc3)ccc12)c1ccccn1
mol_627e61a54e6bfe7f,train,c1ccccc1
mol_628581ba4629a183,train,O=C(NN=Cc1ccco1)c1ccccc1
mol_6287d4051de6b970,train,c1ccccc1
mol_628b0c901cfa3aa8,train,c1ccccc1
mol_628eb320ce6eb67d,train,O=C1CCCC1=O
mol_629c7410c9977c9f,train,c1ccccc1
mol_62a7a443b0518c79,train,O=C1NN=CCN1N=Cc1cccnc1
mol_62e064d033c4a747,train,ACYCLIC:O=C(O)CCS
mol_62e30bfca5c6d0bc,train,ACYCLIC:O=C(O)CCCCCCCCCCCBr
mol_62e4b59640266b1b,train,c1ccccc1
mol_62e9579c4abc2b3c,train,ACYCLIC:CCCCCCCCOCCCN
mol_62ea3fa24d5734f9,train,ACYCLIC:O=C(NC(O)C(Cl)(Cl)Cl)NC(O)C(Cl)(Cl)Cl
mol_62f00ad5bc3cfe86,train,ACYCLIC:CC(Cl)(Cl)[N+](=O)[O-]
mol_62f04c56ed17b363,train,O=C(OC1C2CCC3C4CC5C6CCCC5(C(C2)C31)C4NC6)c1ccccc1
mol_6306e01f0ddc3510,train,ACYCLIC:ClCCOCCOCCCl
mol_630b5f1785376bee,train,ACYCLIC:CCC(C)(C)OC
mol_630f9c63939c8637,train,O=C1CCCNC(=O)CNC(=O)CNC(=O)CNC(=O)CNC(=O)C(Cc2ccccc2)NC(=O)CN1
mol_6312ebbc1fc81933,train,c1ccc(-c2nc[nH]c2-c2ccccc2)cc1
mol_6316b21450554e02,train,c1ccccc1
mol_631e5552f145334c,train,c1ccccc1
mol_6329f6891f70fdfd,train,C1COCO1
mol_632b76be4c42a8f7,train,c1ccccc1
mol_633cf2d1a339ad29,train,ACYCLIC:CC(=O)N[C@@H](CC(=O)N[C@@H](CCC(=O)O)C(=O)O)C(=O)O
mol_6343fe546feb83ed,train,O=C(OCC(COC(=O)c1cccnc1)(COC(=O)c1cccnc1)COC(=O)c1cccnc1)c1cccnc1
mol_6350cdb541680fa4,train,O=C(NC1CCNCC1)c1cc2ccccc2n1Cc1cc(-c2cccs2)on1
mol_6351ae3b9e73ae64,train,O=C(CC1=CCC=CC1)NC1C(=O)N2C=CCSC12
mol_635447f09fed1bd4,train,O=C1C=C2C(CC1)C1CCC3C(C4CC4C34CCC(=O)O4)C1C1CC21
mol_6377bb0a56ce5050,train,c1ccccc1
mol_637d03ff9811d980,train,c1ccccc1
mol_6385b24a482104f0,train,O=C1OC2(c3ccccc3Oc3ccccc32)c2ccccc21
mol_63942d24b88dbf86,train,c1ccccc1
mol_6394a8470da5517f,train,O=c1[nH]c(=O)c2[nH]c(=O)[nH]c2[nH]1
mol_639670caeeda5c90,train,c1ccccc1
mol_63ae6f9fcd8280dc,train,C=C1c2ccccc2C=Cc2ccccc21
mol_63b31de0cfdeb10a,train,ACYCLIC:CCCCCCC(O)CCCCCCCCCCC(=O)O
mol_63b336c04b86455a,train,c1ccccc1
mol_63b349c34be03c6f,train,c1ccc(C2=NCc3nncn3-c3sccc32)cc1
mol_63b55cfd294ac861,train,O=C(c1ccccc1)N1CCOC(CCN2CCC(N3CCCCC3)CC2)(c2ccccc2)C1
mol_63c5cbaaf68405d4,train,O=C(OCC1CNC2Cc3c[nH]c4cccc(c34)C2C1)c1cccnc1
mol_63f592a9996c4c08,train,c1nc[nH]n1
mol_63f9a2d86dcf26c2,train,O=S(=O)(Nc1ncccn1)c1ccccc1
mol_6413e1218b117384,train,ACYCLIC:CC(O)CCO
mol_641f567b19ba2b21,train,c1ccccc1
mol_64219f6117ea85fa,train,c1ccc(-c2nc(-c3ccccc3)n(-c3ccccc3)n2)cc1
mol_644d2ea0fe91de91,train,c1ccccc1
mol_644dce7ca85a1198,train,ACYCLIC:CCCCCCCCCCCCO
mol_6452039f6291bfd0,train,ACYCLIC:CCCCCCC(CCCCCCCCCCC(=O)OCC(COC(C)=O)OC(C)=O)OC(C)=O
mol_645c03b52bd89803,train,ACYCLIC:C=CCN(CC=C)C(=O)C(Cl)Cl
mol_64611f0e6cfe92fe,train,C1N2CN3CN1CN(C2)C3
mol_646b641af6e7e8bb,train,ACYCLIC:[Ba+2]
mol_6471a9bff308d413,train,ACYCLIC:C=CC(C)(CCC=C(C)C)OC(=O)C(C)C
mol_6486c8a27d7abe17,train,O=C(CC(NC(=O)c1ccccc1)c1ccccc1)OC1C=C2CC(=O)C3CCC4OCC4C3C(OC(=O)c3ccccc3)C(C2)C1
mol_6489eb6a7cf572a9,train,c1ccc(CCCNCCc2ccccc2)cc1
mol_64a7e62844842322,train,O=C(c1ccccc1)C1CCCCC1
mol_64a99a041a71f868,train,c1ccc2c(c1)Sc1ccccc1N2CCN1CCCC1
mol_64b9f7e5bb824f0b,train,ACYCLIC:C=C(C)C(=O)OCCOCC
mol_64bb4115a783d19b,train,O=S1(=O)CCCC1
mol_64cfa426e31da08a,train,c1ccccc1
mol_64d1bedca3ad9a1d,train,ACYCLIC:CCCCCO
mol_64d303a5f8df0faf,train,ACYCLIC:CCSC(=O)N(CC(C)C)CC(C)C
mol_64da6159ee94c6fa,train,O=C1OC2CCCOC2c2ccccc21
mol_64dc359812f486fe,train,ACYCLIC:CCCCC(CC)(CO)CO
mol_64dd83cc617162b5,train,c1ccccc1
mol_64ef2e7e254ee865,train,O=C1C=CC2C(=C1)CCC1C2CCC2C(C(=O)COC(=O)c3ccccc3)CCC21
mol_64f2fd6bf54b768f,train,ACYCLIC:CC(C)CCCCCOC(=O)CS
mol_64f5e1299b87dcde,train,c1ccccc1
mol_64f6c354d4f6abc3,train,ACYCLIC:COCCOC(=O)CC#N
mol_650602d57a1393f2,train,C1CN(CCOCCN2CCOCC2)CCO1
mol_6508d9ac8e505a01,train,O=c1c2ccccc2c(=O)c2c1ccc1[nH]c3c(ccc4c(=O)c5ccccc5c(=O)c43)[nH]c12
mol_650a76d642912c07,train,ACYCLIC:CCCCCCCC(=O)O
mol_65258110a4b33284,train,c1ccccc1
mol_652855dd621fd357,train,ACYCLIC:CC(=O)O[C@H](CC(=O)[O-])C[N+](C)(C)C
mol_6528f4a52810e589,train,c1ccccc1
mol_653464d9b20f178a,train,c1ccc(C(COc2ncccn2)c2ccccc2)cc1
mol_6541836d7346513d,train,ACYCLIC:ClP(Cl)(Cl)(Cl)Cl
mol_655513076ed6aba7,train,ACYCLIC:CCCC(=O)OCCC(C)C
mol_6555303dd1f1729a,train,C1OCOCO1
mol_655f2696b7bb345b,train,ACYCLIC:COC(=O)NCCC[Si](OC)(OC)OC
mol_65633b64a7c04dfd,train,C(=C(c1ccccc1)c1ccccc1)c1ccccc1
mol_656b0c52e9f8a3f5,train,ACYCLIC:C=CC#N
mol_65754c3f9abea802,train,c1ccccc1
mol_657e4b3f8bfc45e4,train,ACYCLIC:CC(CC(=O)O)CC(C)(C)C
mol_65832789c1bc14c9,train,O=S(=O)(Nc1nccs1)c1ccccc1
mol_659443d97d7474a1,train,c1ccccc1
mol_6595280928cc3efa,train,O=c1cc[nH]c2cc(OCc3ccccc3)ccc12
mol_659930cf48f70d47,train,O=S(=O)(Oc1ccccc1)c1ccccc1
mol_659f55e41ad58b23,train,c1ccccc1
mol_65a56f4d26ed4174,train,O=c1cc(SCc2ccccc2)cn[nH]1
mol_65bdcf59ad42d5c2,train,ACYCLIC:OCCSSCCO
mol_65dfa41b00debda8,train,c1ccccc1
mol_6614e865a8392a8a,train,ACYCLIC:CC(C#N)CCC#N
mol_6617af967cd68e3b,train,C1OC2COC3OCOC3C2O1
mol_6636ac8cb144e5e5,train,ACYCLIC:CCOP(=O)(OCC)SCCSCC
mol_663b9dcdcd49cdf9,train,c1ccccc1
mol_664c7aac342ddce2,train,C1=C2CCCCC2C2CCC34CNCC3CCC4C2C1
mol_6672b85a20590d0b,train,c1ccccc1
mol_6677521222479d85,train,O=c1n(CCOc2ccccc2)cnn1CCCN1CCN(c2ccccc2)CC1
mol_6680b6b42ced6c46,train,ACYCLIC:CCN(CC)CCCl
mol_6681615c75ee9f72,train,O=C(CNCCCc1ccccc1)N1CCCC1
mol_668f7506e24d5b46,train,ACYCLIC:C=C(C)C(N)=O
mol_6692c3b64d343f3b,train,c1ccccc1
mol_66a637c9bf28ff0f,train,c1ccccc1
mol_66c90c2d6526db4a,train,c1cnc2c(n1)CCCC2
mol_66de7e472144cb78,train,c1ccccc1
mol_66f65dfddb72d676,train,c1ccccc1
mol_670cc18c70aed028,train,ACYCLIC:CCCCCNCCCCC
mol_67132fe2e57ca389,train,C1CC[NH+](C2CCC3CCC4C5CC([NH+]6CCCCC6)CC5CCC4C3C2)CC1
mol_6737d103003489e0,train,c1ccccc1
mol_6738225599b87d0b,train,ACYCLIC:CC=C(C)C(=O)OCCC(C)CCC=C(C)C
mol_673842a10cc4f30d,train,c1ccccc1
mol_673fdaf0733678e3,train,c1ccccc1
mol_67408a6cdc1b6fc2,train,C(=NOCc1ccccc1)c1cn[nH]c1Oc1ccccc1
mol_674093f67164b568,train,c1ccccc1
mol_6748186915cf1063,train,O=c1[nH]cnc2c1ncn2C1CCCO1
mol_674db94403e8c00b,train,O=S(=O)(Oc1ccccc1)c1ccccc1
mol_6752983ad11a4ae2,train,O=C1OC(=O)c2ccccc21
mol_67591b991f96705b,train,c1ccccc1
mol_675941b84b0d7172,train,O=C1CCCCCCCCCCC(=O)OCCO1
mol_676b9e847c61965f,train,ACYCLIC:C=CC(=O)NC(C)C
mol_678fddde768e7936,train,O=C(OCCOCCOC(=O)c1ccccc1)c1ccccc1
mol_6796278be08a4008,train,c1ccccc1
mol_67a34385622c0c26,train,ACYCLIC:C=CC(=O)NCNC(=O)C=C
mol_67a765a243dbfff1,train,c1ccccc1
mol_67a88002cbef3a28,train,C1CCC2(CC1)OCCO2
mol_67ae9ce81aa0feae,train,O=C1C=CCC1
mol_67b2f9f0ae696d32,train,c1ccccc1
mol_67c7023ec5d70113,train,c1ccc(NC2CCN(Cc3cccs3)CC2)cc1
mol_67d8cc040782f316,train,O=C1NC(=O)C(c2ccccc2)(c2ccccc2)N1
mol_67e2d5c25a63637e,train,c1ccc2sccc2c1
mol_67eecae51e5d4507,train,O=C(Cc1ccccc1)OCc1cccc(Oc2ccccc2)c1
mol_6811617315bae000,train,N=C(C(=O)NC1CNC1=O)c1cscn1
mol_681b858db0b14376,train,ACYCLIC:N=C(N)NCCC[C@H](N)C(=O)O
mol_681e27335161397b,train,O=C(NC(=O)c1ccccc1)Nc1cccc(Oc2ccccn2)c1
mol_68234627a0347bff,train,O=c1c(-c2ccccc2)coc2ccccc12
mol_682ae7acb2eb40b9,train,c1ccccc1
mol_682d324885d55279,train,c1cncc(C2CCCCN2)c1
mol_684445086473fc69,train,O=c1ccn(C2CC2)c2cc(N3CCC4(CC4)C3)ccc12
mol_6847e398d88bb14f,train,ACYCLIC:CN(C)C(=S)SSC(=S)N(C)C
mol_684c8acd1876aaa2,train,O=C1OC(OC(=O)c2cccnc2Nc2ccccc2)c2ccccc21
mol_6854a50fca486127,train,c1ccccc1
mol_685f4c99776d7a9d,train,C1=C2c3cccc4[nH]cc(c34)CC2NCC1
mol_686333ec5d9c1fa9,train,c1ccc(C2CCCCC2)cc1
mol_6864a1f37539a9ea,train,O=C1Nc2ccccc2C1(c1ccccc1)c1ccccc1
mol_68777253c90201db,train,O=C1c2ccccc2C(=O)C1c1ccc2ccccc2n1
mol_68a091b59764fab0,train,O=C1C=C(N2CC2)C(=O)C=C1N1CC1
mol_68ad96e4152b3392,train,C1=Cc2ccccc2C(=C2CCNCC2)c2ccccc21
mol_68d692f5408f8eb9,train,c1ccccc1
mol_68d78d0e916bdaa8,train,c1ccc(Nc2ccc(N=Nc3cccc4ccccc34)c3ccccc23)cc1
mol_68f29db732339a19,train,O=C(c1ccco1)N1CCN(c2ncc3ccccc3n2)CC1
mol_690241342bfa3b4a,train,ACYCLIC:CCCCCCCCCCCCCCCC(=O)OCC(COC(=O)CCCCCCCCCCCCCCC)OC(=O)CCCCCCCCCCCCCCC
mol_6909d8912d0b6aee,train,O=C1C=COC1
mol_690e55dd3358002e,train,O=C(OC1CN2CCC1CC2)N1CCc2ccccc2C1c1ccccc1
mol_69116bef4645b8d6,train,ACYCLIC:CCCCC(CC)CO
mol_69161726cd674c59,train,c1ccc(Nc2cccc3ccccc23)cc1
mol_691e7de8d6216c8d,train,ACYCLIC:CCCCCCCCCCCCCC(=O)OCC(COP(=O)([O-])OCC[N+](C)(C)C)OC(=O)CCCCCCCCCCCCC
mol_692faa02518d1ca2,train,c1ccccc1
mol_693edef83e7d31f2,train,O=C(OCCCCCOC(=O)c1ccccc1)c1ccccc1
mol_694a75f83604912b,train,c1ccc(OCCCNC2CCC(c3ccccc3)CC2)cc1
mol_694c25fe39a386d4,train,O=C1NC(=O)C(c2ccccc2)C(=O)N1
mol_69527d8f4b59f89b,train,c1ccc(CCn2ccnc2)cc1
mol_6961ee57f6aec367,train,ACYCLIC:CN(C)CCCN(C)C
mol_699efc6f5c590d77,train,c1ccccc1
mol_69a81224b912bdc0,train,ACYCLIC:CCCCSCCCC
mol_69b8dde50b91f8a1,train,c1ccc2cc(N=Nc3ccc(-c4ccc(N=Nc5ccc6ccccc6c5)cc4)cc3)ccc2c1
mol_69bbf7af75c7cd00,train,c1ccccc1
mol_69becfce5aebc7dc,train,ACYCLIC:CCCCCCCCCCCCCCCCCC(=O)OCC(CC)CCCC
mol_69c1480e0722ad89,train,O=C1CCCc2ccccc21
mol_69c5faee86ea9f38,train,O=C(OCCN1CCOCC1)c1ccccc1
mol_69db1a99b58cde1b,train,c1ccccc1
mol_69f42916e639ef2c,train,c1ccccc1
mol_69f76be6033d1ceb,train,ACYCLIC:CCOC(=O)NCCC[Si](OCC)(OCC)OCC
mol_69ff4ae529a664a4,train,c1ccccc1
mol_6a19f38e0b2685ac,train,c1ccccc1
mol_6a1d2bf8ea50d80e,train,ACYCLIC:N[C@@H](CCC(=O)N[C@@H](CSSC[C@H](NC(=O)CC[C@H](N)C(=O)O)C(=O)NCC(=O)O)C(=O)NCC(=O)O)C(=O)O
mol_6a2608fe080365c9,train,O=S1(=O)CCCc2ccsc21
mol_6a36c102f376b4b4,train,O=C(OCCCN1CCCN(CCCOC(=O)c2ccccc2)CC1)c1ccccc1
mol_6a36e26c4a35e628,train,c1ccccc1
mol_6a3a826c42973d26,train,c1ccc(CC(c2ccccc2)c2ccccc2)cc1
mol_6a4523c26b4e6510,train,c1ccc2c(c1)CCCC2
mol_6a452e934dc0c71c,train,ACYCLIC:CCCCCCCCC(CCCCCC)C(=O)O
mol_6a4b93f261ab4c0a,train,O=C1c2ccccc2C(=O)N1CCc1noc(-c2ccc(CN3CCCCCC3)s2)n1
mol_6a5822bb203ee944,train,c1ccccc1
mol_6a5af6e5300517ae,train,O=C1NCNC(=O)C1c1ccccc1
mol_6a5efb4c7b268832,train,ACYCLIC:CC(COC(C)(C)C)OCCCO
mol_6a64c1f128669a8b,train,ACYCLIC:CC(=O)CCl
mol_6a67490953fb0e73,train,ACYCLIC:C=C(C)C(=O)OCCNC(C)(C)C
mol_6a6aac703b555096,train,ACYCLIC:NCCOCCN
mol_6a6e4dd4b6c9c7c2,train,O=C(OOC(=O)c1ccccc1)c1ccccc1
mol_6a78ec62602000d0,train,ACYCLIC:NS(=O)(=O)C(F)(F)C(F)(F)C(F)(F)C(F)(F)C(F)(F)C(F)(F)C(F)(F)C(F)(F)F
mol_6a7fd82ab12bf332,train,c1ccc(N=[NH+]c2ccccc2)cc1
mol_6a8b7f7b3eecf5d5,train,c1ccccc1
mol_6a99d8acc8cdaf2a,train,O=C(CNCCCc1ccccc1)N1CCC2(C1)SCCS2
mol_6ab41b1394f76e24,train,O=C1c2ccccc2C(=O)c2cc3c(cc21)CCCC3OC1CCCCO1
mol_6ad388a0f56ec566,train,ACYCLIC:CC(CC(=O)Cl)CC(C)(C)C
mol_6adb398aeba1e10a,train,c1ccc(-c2ccn(-c3ccccc3)n2)cc1
mol_6adb3c70701984f9,train,c1ccccc1
mol_6aeeac11c878a50b,train,ACYCLIC:CCCCNC(=S)NCCCC
mol_6af69b5f20fc2939,train,c1ccccc1
mol_6afcd4aadd713657,train,c1ccccc1
mol_6afdf610179609a7,train,c1ccccc1
mol_6b0124e863f4c6a1,train,c1cncc(CSSCc2cccnc2)c1
mol_6b10a0f0a94f5767,train,O=S(=O)(Nc1ccccc1)c1nc2ccncn2n1
mol_6b1396363f7a7fe3,train,C1CC1
mol_6b18de4f5ab2194f,train,O=C(NS(=O)(=O)c1ccccc1)n1nc[nH]c1=O
mol_6b20387bdd295f60,train,c1ccccc1
mol_6b31a7317587e808,train,ACYCLIC:CCCCCCCCCCCCCCCCCCOS(=O)(=O)O
mol_6b4c284c50d6758e,train,O=C1CCCN1C1CCCCC1
mol_6b5aa3b6d4af7735,train,O=C(NC(=O)c1ccccc1)Nc1ccccc1
mol_6b60f40c7c9acf5f,train,C1CCCCCCCCCCC1
mol_6b6c8c17d92bbdfb,train,O=c1nc[nH]c(=O)[nH]1
mol_6b862678279d7457,train,ACYCLIC:CCCCCCN
mol_6bb185850f9b220d,train,O=C(OCc1ccccc1)C1CC1
mol_6bb7a245a2121663,train,c1ccccc1
mol_6bd87986ad1796cc,train,O=C(NCc1ccccc1)c1cccnc1Oc1ccccc1
mol_6bea15c4dcd2feda,train,ACYCLIC:O=C(O)CCCCCCCC(=O)O
mol_6bf825e76294f255,train,O=C(CCCN1CCC(n2c(=S)[nH]c3ccccc32)CC1)c1ccccc1
mol_6bfd1c3c84be32fe,train,ACYCLIC:O=C(O)CN(CCN(CC(=O)O)CC(=O)O)CC(=O)O
mol_6c1443c8d080bfb7,train,c1ccccc1
mol_6c15fb53b84b7216,train,ACYCLIC:SCCSCCS
mol_6c1788a2fe69909d,train,ACYCLIC:CCCCCCCCO
mol_6c20e777b174e2ea,train,ACYCLIC:CCC(C)O
mol_6c231320c7eb214f,train,ACYCLIC:CC=CC(=O)O
mol_6c2631e09946bc11,train,c1ccccc1
mol_6c26fecda00a68a0,train,c1ccccc1
mol_6c2b83a1a1db72c8,train,c1ccccc1
mol_6c2b86765522da5b,train,ACYCLIC:CCCCCCCCCCCCCCCCCCOC[C@H](COP(=O)([O-])OCC[N+](C)(C)C)OC
mol_6c3026f404823190,train,ACYCLIC:CCCCCCCCS(=O)(=O)O
mol_6c3ab219e6710605,train,c1ccccc1
mol_6c4805b6e0acc44d,train,ACYCLIC:CCCCCCCC[N+](C)(C)CCCCCCCC
mol_6c5155acf0463d65,train,c1ccc(C(COc2ncccn2)c2ccccc2)cc1
mol_6c5b1120e60bd88d,train,ACYCLIC:C=C(Cl)Cl
mol_6c6b40ed035568bb,train,c1ccc(C(c2ccccc2)c2ccccc2)cc1
mol_6c6f0f99f3f67740,train,ACYCLIC:C/C=C(\C)C(=O)OC/C=C(\C)CCC=C(C)C
mol_6c71b8e3bdf1bda0,train,ACYCLIC:CCCCCCCCCCCCCC(=O)O
mol_6c752d7ad3820177,train,c1ccc(CCNCCCCCCNCCc2ccccc2)cc1
mol_6c8393a76c97a284,train,O=c1c(OC2CCCC(COC3CCCCO3)O2)c(-c2ccccc2)oc2ccccc12
mol_6c8ce58a7aef86ca,train,c1ccccc1
mol_6c94c7a862e23337,train,O=C1C=C(C2CCC3C2CCC2C4CCC(OC5CCC(OC6CCC(OC7CCC(OC8CCCCO8)CO7)CO6)CO5)CC4CCC23)CO1
mol_6ca01427c3d28a37,train,c1ccccc1
mol_6ca5c5054c3dfe0a,train,O=C(c1ccc2c(c1)C(=O)OC2=O)c1ccc2c(c1)C(=O)OC2=O
mol_6cab271454dc7cbe,train,c1ccc2c(c1)Nc1cc(N3CCNCC3)nnc1O2
mol_6cac7e8716838876,train,C=C1OC(=O)c2ccccc21
mol_6ccad973a4eaf78c,train,ACYCLIC:COC(=O)OC
mol_6cdd660bd6bbb79e,train,c1ccc2c(c1)[nH]c1ccccc12
mol_6cf1d0721ff0df4f,train,ACYCLIC:CCCC[N+](=O)[O-]
mol_6cf23cf74c3f77f2,train,c1ccc(C2CCCC2)cc1
mol_6cf3d9fd4f683d7f,train,ACYCLIC:OCCBr
mol_6d046d5a60319e84,train,O=C(OCC=Cc1ccccc1)c1ccccc1
mol_6d1701d0dd7561ab,train,ACYCLIC:CCC[N+](=O)[O-]
mol_6d180c25c202979a,train,ACYCLIC:CC(CO)(CO)CO
mol_6d273dae49983c3f,train,O=c1oc2ccccc2s1
mol_6d2c3e70cf9f261d,train,O=C(C=CC=CC=CC=CC=CC=CC=CC(=O)OC1CCCC(COC2CCCCO2)O1)OC1CCCC(COC2CCCCO2)O1
mol_6d2f24317a05b73c,train,O=C(Cc1cscn1)NC1C(=O)N2C=C(CSc3nnn[nH]3)CSC12
mol_6d3a2d0def78b8a0,train,c1ccccc1
mol_6d3e45ec6237c38a,train,ACYCLIC:CCOC(=O)CC(C(C)=O)C(C)=O
mol_6d46181255b070fa,train,ACYCLIC:CCCCC/C=C\C/C=C\CCCCCCCC(=O)O
mol_6d500446d042091b,train,ACYCLIC:ClC=CCl
mol_6d5a6e3d89c715b3,train,c1ccccc1
mol_6d7e4ad4951757b5,train,c1ccccc1
mol_6d7e5e413f75a619,train,c1ccccc1
mol_6d8a052298898b59,train,c1ccccc1
mol_6daafdf2fb67c8a7,train,c1ccccc1
mol_6db68566969089e7,train,O=S(=O)(NCC1CCCO1)c1ccccc1
mol_6dbad1f6b4db2efd,train,O=C(Cc1ccccc1)c1ccccc1
mol_6dbb7c4330726077,train,N=C(C(=O)NC1C(=O)N2C=CCSC12)c1cscn1
mol_6de205cccdc0df60,train,c1ccccc1
mol_6e0bafd43ebc4950,train,c1ccccc1
mol_6e0c2ba6752500bd,train,c1cncc(Cc2ccc3occc3c2)c1
mol_6e14533225b4fc54,train,c1ccccc1
mol_6e1ea3814f3cf3b2,train,c1ccccc1
mol_6e1eacbb197fd459,train,C1CCC2C(C1)CCC1OCCC12
mol_6e22dbd2eb8a1e06,train,c1ccccc1
mol_6e237f91e117d899,train,O=C(COc1ccccc1)N1CCN(Cc2ccc3c(c2)OCO3)CC1
mol_6e2aa037f63592ef,train,O=C1CCON1Cc1ccccc1
mol_6e3c8da2717dc0fc,train,O=C(COc1ccccc1)N1CCCCC1
mol_6e3daf58b39d6a53,train,ACYCLIC:CCNCCO
mol_6e4089e17d30a446,train,ACYCLIC:CC(C)(C)NCCO
mol_6e42e53ddc122260,train,c1ccccc1
mol_6e66960e7147f5f8,train,O=C(CCCN1CCC(C(=O)c2ccccc2)CC1)c1ccccc1
mol_6e7497b0b38121a6,train,c1ccccc1
mol_6e759ec51db1cb74,train,O=C1C=CC2CC1C2
mol_6e8da7d36b9abfbc,train,C1CCC(C2CCCCC2)CC1
mol_6e8e4b89ac95b77a,train,C1=CC2CC1C1C3CC(C4OC34)C21
mol_6eb1378c8cbc8d1a,train,O=C1C=CC=CCCCCCCCCC=COC2Oc3ccc4cc(ccc4c3C2=O)N1
mol_6ed3fe2c6c5b10cc,train,c1ccc2cnncc2c1
mol_6ed9408299ef7b7f,train,ACYCLIC:C=C(C)C(=O)OCCCCCCCCCCCC
mol_6edbc3d968c08b06,train,ACYCLIC:CCCCOCCOCCOC(C)=O
mol_6ee8696c23326d1e,train,O=C1NCC2(CCN(CCc3ccccc3)CC2)O1
mol_6eeb46736cecae02,train,c1ccccc1
mol_6efeaf3e8d41c303,train,O=C(Nc1ccccc1)C1=COCCS1
mol_6f05d0e1039b6330,train,c1ccccc1
mol_6f14cfa4e89bb98d,train,ACYCLIC:C=CC(C)(CCC=C(C)C)OC(C)=O
mol_6f18f7da3fbec434,train,O=C1NC(=O)C(c2ccccc2)C(=O)N1
mol_6f1b3105ba84bd88,train,c1ccccc1
mol_6f1f10892d8245af,train,c1ccc(-c2cscn2)cc1
mol_6f2723925ee808cd,train,ACYCLIC:CCOCCO
mol_6f288f2125c9f2aa,train,ACYCLIC:CCCCOC(CC)OC(C)COC(O)CC
mol_6f29a19c33efe45e,train,c1ncn(Cc2ccc3[nH]ccc3c2)n1
mol_6f2b7053d35f9178,train,O=c1ccc2cc3ccoc3cc2o1
mol_6f41703be8560c3e,train,c1ccc(C[SH+]c2nc3ccccc3[nH]2)nc1
mol_6f4265b7a55b9844,train,c1ccccc1
mol_6f5b326ed7fb53bb,train,ACYCLIC:CCOP(=S)(OCC)SCSC(C)(C)C
mol_6f5eae0300dc13b2,train,O=C(Nc1nccs1)c1cccs1
mol_6f8cfacdfed7f088,train,ACYCLIC:CCCCN(CCCC)C(=S)SSC(=S)N(CCCC)CCCC
mol_6fa84788ab22bbb5,train,ACYCLIC:O=C(O)CCC(=O)O
mol_6fcdbfb15840c1ec,train,c1ccccc1
mol_6fd5b18f6629b72f,train,O=[PH]1OCC2OC(n3cnc4cncnc43)CC2O1
mol_6fea389c3d7aa479,train,N=C(C(=O)NC1C(=O)N2C=C(C[n+]3cccc4c3CCC4)CSC12)c1cscn1
mol_6feb12185b505b7b,train,O=C1CN=C(c2ccc3ccccc3n2)N1
mol_700896972eac8d3a,train,c1ccccc1
mol_7019b8aff516070a,train,c1ccccc1
mol_701c2d42d9ab4209,train,c1ccc(CCN2CCC3CC2Cc2ccccc23)cc1
mol_703685f0bf0a8993,train,c1ccccc1
mol_703738d8b5c1d79e,train,c1ccc(CNc2ncnc3c2ncn3C2CCCO2)cc1
mol_70437cc01caf955c,train,c1ccccc1
mol_70576074d56c703b,train,O=C(C=Cc1ccccc1)OC1C(COC2CCCCO2)OC(OCCc2ccccc2)CC1OC1CCCCO1
mol_7058b38914840efd,train,O=C(CN1CCCCC1)Nc1ccccc1
mol_7062359cf76f8d1c,train,c1ncc(C[n+]2ccsc2)cn1
mol_706ebf3b5654dda0,train,C1CCC2(CCCCO2)OC1
mol_707ca5e263e5b559,train,O=C(c1ccccc1)c1c[nH]c(=O)[nH]1
mol_70c3bf5054d2b2b9,train,ACYCLIC:C=CC(N)=O
mol_70c3efa952c8f900,train,c1ccccc1
mol_70c847f63ce586da,train,ACYCLIC:OCCCl
mol_70cc0081352c068c,train,O=c1[nH]c2ccccc2c(=O)o1
mol_70d8d7cb0a3f009e,train,O=C1NC(=O)c2cccc3cccc1c23
mol_70e554318b43fff3,train,c1ccccc1
mol_70e9a26fe1d3c137,train,C1CCCNCC1
mol_71039b0577c906c9,train,O=C(OC1CC2[NH2+]C(C1)C1OC21)C(c1cccs1)c1cccs1
mol_7108c2c91d234161,train,O=C(CCC1(C(=O)NC2CCCCC2)CCCC1)Oc1ccc2c(c1)CCC2
mol_710d49df8b519111,train,C1=Cc2ccccc2C1
mol_71207c4dbc9a424e,train,O=c1[nH]c(=O)[nH]c(=O)[nH]1
mol_712ddde923a4602f,train,ACYCLIC:CCCCC/C=C\C/C=C\CCCCCCCC(=O)OCC
mol_714639ded734d6a7,train,ACYCLIC:CCCCC/C=C\C=C\C(=O)OCC
mol_714d8abb0e50edc4,train,O=C(Nc1ccccc1)Nc1ccc(Oc2ccncc2)cc1
mol_714deed45d41e3bd,train,C1=C2c3cccc4[nH]cc(c34)CC2NCC1
mol_7154099b643037c3,train,ACYCLIC:C=CC(=O)CC
mol_7157915cf88dfcf8,train,C1=CC2CC(c3ccc4c(c3)C35CCN6CC=CC(CCC3N4)C65)c3[nH]c4ccccc4c3CN(C1)C2
mol_715f503599d2ace0,train,ACYCLIC:O=C(O)COCC(=O)O
mol_7164b5bacf99fac7,train,c1ccccc1
mol_716e53b4a2f4edbc,train,C1CCC2CCCCC2C1
mol_7171b9e04b41c7e1,train,c1ccccc1
mol_718590e35ec4a2d6,train,ACYCLIC:CCCCOCCOCCOCCOCCO
mol_718dda65f3224098,train,c1ccc(CNC2CCCCC2)cc1
mol_71acdf513dc1e3fd,train,ACYCLIC:COC=O
mol_71ada046be2e2ac5,train,ACYCLIC:COCCOCC(OC)OC
mol_71af86f02ec2936a,train,c1ccccc1
mol_71bbf6d4dfbe6195,train,O=C1CCC(C(=O)NC(Cc2cnc[nH]2)C(=O)N2CCCC2)N1
mol_71c78c0727d966c5,train,ACYCLIC:CCCCCON=O
mol_71d3b46fa2861a91,train,S=C1NC=NC2N=CNC12
mol_71d6006455e0dca2,train,ACYCLIC:CN(C)CCCNCCCN
mol_71efc942c725dacf,train,c1ccccc1
mol_71f8382b3a2e80af,train,c1ccccc1
mol_721c599f22287311,train,c1ccccc1
mol_7244aa45f5a19388,train,c1ccc(C2OCCNCc3ccccc32)cc1
mol_7247675e0a27f2bb,train,C(=Cc1ccc(-c2ccccc2)cc1)CN1CCCCCC1
mol_725ddf320d3be568,train,O=C(Oc1ccccc1)Oc1ccccc1
mol_726d7220e034b496,train,c1ccc2c(c1)CCC2
mol_726ea02fbd803ff8,train,O=C1CC2C(=O)C3CCC2C3C1
mol_727a9d54f09b8b94,train,c1ccc(CSC(Cn2ccnc2)c2ccccc2)cc1
mol_728316015201bfc0,train,ACYCLIC:O=S(=O)(O)O
mol_7292938006b86fc7,train,c1cnoc1
mol_729ca7f04d90f9c7,train,c1ccccc1
mol_72a186dd058b1f78,train,ACYCLIC:CC(=O)C=C(C)C
mol_72b740817dc955e3,train,O=C(NC1CN2CCC1CC2)c1ccc2c(c1)OCCO2
mol_72e8b9a43023b99d,train,O=c1[nH]c2ccccc2c(=O)n1Cc1ccccc1
mol_72ef622b6af50f28,train,c1ccccc1
mol_72f7fb25e1ef6cc4,train,ACYCLIC:CC(C)=CCO
mol_72fea72499c8fce1,train,c1ccccc1
mol_7305530b40195586,train,c1ccccc1
mol_7318e67798b781ea,train,c1ccccc1
mol_7326abd763669047,train,c1ccccc1
mol_732aa55083efabc6,train,c1ccc(C2=NC(c3ccccc3)CO2)cc1
mol_73420d6db52811ab,train,ACYCLIC:CCCCC(CC)CO[PH](=O)OCC(CC)CCCC
mol_734c0e16540bc7a6,train,ACYCLIC:C=CC(C)=CCC=C(C)C
mol_734ccd004acbdf19,train,O=C(CCN1CCCC1)c1ccccc1
mol_735817921bf592ee,train,c1ccccc1
mol_735ca12353622aec,train,c1ccc(NCc2ccco2)cc1
mol_735fefc9cee67392,train,c1ccc(CC2CCCCC2)cc1
mol_7371f6ed5a798b6c,train,N=C(C(=O)NC1C(=O)N2C=CCSC12)c1cscn1
mol_739a31978fb4d034,train,c1ccc(CCOC2CCCCO2)cc1
mol_73a46b7a17b38e8b,train,O=C1CC2(CCCC2)CC(=O)N1CCNCC1COc2ccccc2O1
mol_73a6c176e4f8f4dc,train,c1ccccc1
mol_73c63ef00892526f,train,C(=Cc1ccccc1)CNCCc1ccccc1
mol_73e56c0617bafba1,train,c1ccccc1
mol_73ec5e14f77a403c,train,c1ccccc1
mol_73f988f85e760729,train,ACYCLIC:CC(=O)OCC=C(C)C
mol_73ff23907e460418,train,c1ccc2c(c1)c1c3n2CCC2CCCN(CC1)C32
mol_7404cc17c08c92c6,train,C(=NOCCCN1CCCCC1)c1ccc[nH+]c1
mol_741591685234055a,train,O=c1cccc2c(c1)CCCc1cc(OC3CCCCO3)ccc1-2
mol_741c46cec57a6d01,train,O=c1cc[nH]c(=S)[nH]1
mol_7437d2f84f728293,train,c1cc(NC2=NCCN2)c2nsnc2c1
mol_74416f8e63d69964,train,c1ccc(N=Nc2ccc(N=Nc3cccc4ccccc34)cc2)cc1
mol_744bcc8c4ef7c11d,train,c1ccccc1
mol_746f2299bdd1a4a2,train,O=C(NN1CC2CCCC2C1)NS(=O)(=O)c1ccccc1
mol_7487dfa27844ae78,train,ACYCLIC:CCC(C)(O)CCCC(C)C
mol_748fe0e541dee128,train,c1ccccc1
mol_74918e602a0fce82,train,c1ccc(NCC2CC2)cc1
mol_7491bdc8992c2bfe,train,ACYCLIC:COC(=O)CC(=O)C(C)(C)C
mol_7494bfde2841f8a7,train,ACYCLIC:CCOC(=O)NC(O)C(Cl)(Cl)Cl
mol_749fe8f56180cbad,train,N=c1ccn2c(n1)OC1CCOC12
mol_74a37516f1885ca6,train,O=C(c1ccccc1)n1ccc2ccccc21
mol_74afa8045109aae2,train,c1ccc2c(c1)NC1C3CC4CCN3C3CC21CC43
mol_74b8eab8d2433130,train,ACYCLIC:C=CC(=O)NCOCC(C)C
mol_74bd35809c023393,train,c1ccccc1
mol_74cc4fbcb5cb58cd,train,C1=CC2CC1C1C3C=CC(C3)C21
mol_74d56b1413f23463,train,c1ccccc1
mol_74eea978d83f96f5,train,c1ccccc1
mol_74f16358fda195a8,train,c1ccccc1
mol_7506841bf6a4ce34,train,N=C1CN(N2CCOCC2)NO1
mol_751f313d0a17148c,train,S=[PH](Oc1ccccc1)c1ccccc1
mol_7534b379cec5098a,train,O=C(Nc1ncncn1)NS(=O)(=O)c1ccccc1
mol_753613a9a368ba5f,train,ACYCLIC:Br
mol_753c79178bfaca78,train,O=c1ccc(-c2ccncc2)c[nH]1
mol_754b66ebadcb4ef3,train,ACYCLIC:CC(=O)OC(C)C[N+](C)(C)C
mol_7554b2eed5447154,train,c1cn(CCN2CCOCC2)cn1
mol_755c0f90c6a628e8,train,O=C1CCCCOC(=O)CC(OC2CCCCO2)CC(OC2CCCCO2)CCC1
mol_755e43768b1296b2,train,ACYCLIC:C=CC(=C)CCC=C(C)C
mol_75668644f21f01b6,train,ACYCLIC:CCC(C)(CCC(C)C)C(=O)O
mol_756e941070b60915,train,ACYCLIC:CC(C)(C)Cl
mol_756f51487bb5edd0,train,ACYCLIC:CCCCCCCCCCCCCBr
mol_757fbc4446727ba5,train,O=C1NCCN(C(=O)NC(C(=O)NC2C(=O)N3CCSC23)c2ccccc2)C1=O
mol_75919816437d8281,train,ACYCLIC:CCCCCCCCCCCCCCCCOS(=O)(=O)O
mol_7594d779a99c62a0,train,c1ccccc1
mol_75975d44041a511d,train,O=C1CCC2C3Cc4cccc5c4C2(CCN3CC2CC2)C1O5
mol_75995bc6a6997449,train,ACYCLIC:O=[N+]([O-])C(Cl)(Cl)Cl
mol_75a3b262495b1918,train,c1ccc(-c2cscn2)cc1
mol_75addf55402fdafa,train,c1ccccc1
mol_75c9945fb973b87d,train,O=C1CCN2C(=O)C(Cc3ccccc3)NC(=O)C3CCCN3C(=O)CNC(=O)C(NC(=O)c3ccccn3)COC(=O)C(c3ccccc3)NC(=O)C2C1
mol_75d2305b56bbdcbf,train,ACYCLIC:IC(I)=C(I)I
mol_75da3ae87d3b1bae,train,O=C(CC12CC3CC(CC(C3)C1)C2)N1CCC2CC21
mol_75df40efca1f9cc4,train,c1ccccc1
mol_75e7ff13ec7d681a,train,c1ccc(CCNCCOC(c2ccccc2)c2ccccc2)cc1
mol_75f4d6d4f5276890,train,O=c1ccocc1
mol_75fa518f90784579,train,ACYCLIC:CCC[CH2][Sn+2][CH2]CCC
mol_76003f2212a5de61,train,c1ccc(COc2ccc(Nc3ncnc4ccc(-c5ccco5)cc34)cc2)cc1
mol_760bf163086334f1,train,c1ccccc1
mol_76106910faf83336,train,ACYCLIC:CC(C)=CCC/C(C)=C/C=C\C(C)=C\C=C\C(C)=C\C=C/C=C(C)/C=C/C=C(C)/C=C\C=C(/C)CCC=C(C)C
mol_76196b07d6fdb524,train,c1ccc(Oc2nc3ccccc3o2)cc1
mol_762493242d41bac8,train,c1ccc(Cc2c[nH]cn2)cc1
mol_76292c4d834e543a,train,c1ccccc1
mol_762fafcc8e8c51b7,train,c1ccccc1
mol_763051b4ed814c18,train,O=C1CC(c2ccccc2)C(=O)N1
mol_7631f68351ca768c,train,O=C1C=CC2C(=C1)CCC1C2CCC2C1CC1OCOC12
mol_7639271c1b3fa920,train,ACYCLIC:OCCCCC(O)CO
mol_76562cd0adbef248,train,c1ccccc1
mol_765834aad4d0d875,train,c1ccc(N2CCN(CCc3nnc4n3CCCC4)CC2)cc1
mol_7664c222d81fce10,train,ACYCLIC:C#CCOC(=O)/C=C(C)/C=C/CC(C)CCCC(C)C
mol_767122c324bc1ada,train,O=C1CCCC(CCC2CC=CC3=CCCCC32)O1
mol_7674cf9544f28b16,train,ACYCLIC:O=C(O)CO
mol_7678f6d3fe3284d2,train,ACYCLIC:C/C=C/C/C=C\CCCCCCCCOC(C)=O
mol_7686082b4af04378,train,ACYCLIC:CNC(C)CCC=C(C)C
mol_768703ced44753d2,train,c1ccc(CNc2ncnc3c2ncn3C2CCCCO2)cc1
mol_768b3ba26af4f69b,train,c1ccccc1
mol_768dd7c67db3069d,train,c1ccccc1
mol_76ae6d2963869caf,train,O=C(Nc1ccccc1)C1CCCCN1
mol_76b56e5265ed64b5,train,C1CCN2CC3CC(CN4CCCCC34)C2C1
mol_76d68346105cdba1,train,c1ccc2c(c1)Cc1cccnc1O2
mol_76d70a82b0a2c41a,train,ACYCLIC:CCCCCCOCCO
mol_76daf553645176bd,train,c1ccccc1
mol_76edbcf21f2f9a05,train,C1CC2C3CCC(C3)C2C1
mol_7700d3409c213267,train,c1ccc(Nc2ccccn2)cc1
mol_77049395535861ab,train,c1ccccc1
mol_770d5bcfb67938e4,train,S=C(c1ccccc1)N1CCOCC1
mol_77120d4f215b3f6a,train,c1ccccc1
mol_7727f5df5ebcabd5,train,c1ccccc1
mol_77308b7fb45fba47,train,O=c1ccc2cc3ccoc3cc2o1
mol_77a18c8fed28f29e,train,c1ccccc1
mol_77a69b9daebc0d14,train,ACYCLIC:CCC=CC#N
mol_77ad96473338f5ef,train,O=C(OCc1ccccc1)c1ccccc1
mol_77d255b22c139f5f,train,c1ccccc1
mol_77d9ab815c373dd9,train,C1=Cc2nc1c(-c1ccccc1)c1ccc([nH]1)c(-c1ccccc1)c1nc(c(-c3ccccc3)c3ccc([nH]3)c2-c2ccccc2)CC1
mol_77f1a9a2cc916c73,train,ACYCLIC:CC(C)CCCC(C)(C)O
mol_77f726474192eabd,train,c1ccccc1
mol_77f75676b5ac8134,train,c1ccc(-c2nc3ncccc3[nH]2)cc1
mol_77fdefa2cc106c61,train,c1ccc(COc2ccccc2)cc1
mol_7802e211dc87cc27,train,C=C(c1ccccc1)c1ccc2c(c1)CCCC2
mol_781ff6e0010740db,train,c1ccccc1
mol_78327ffba378aa8d,train,C1=Nc2ccc3ccccc3c2C1
mol_784ad5a983625d80,train,c1ccccc1
mol_784b9e303f61f4be,train,O=C1NCN(c2ccccc2)C12CCN(CCCOc1ccccc1)CC2
mol_7852ddab919c5631,train,O=[PH]1NCCCO1
mol_78717afdab720340,train,c1ccccc1
mol_7874cac2a4dd7514,train,c1ccccc1
mol_7875ba17c441895c,train,c1ccccc1
mol_788867ba7027134a,train,O=C(Cn1c(C(=O)NC2CCNCC2)cc2ccncc21)Nc1ccccn1
mol_788b48acd21caa6c,train,ACYCLIC:C=CCBr
mol_789473177cc673d7,train,O=c1ccoc2ccccc12
mol_78bfe2fd96eab10b,train,ACYCLIC:OCCOCCOCCOCCOCCO
mol_78d3a31e126a3c92,train,O=c1[nH]c(=O)c2c(ncn2CC2OCCO2)[nH]1
mol_78da4314bcebf5fa,train,ACYCLIC:CCCCC(CC)C(=O)OC(C)C
mol_78deb229e6513b4c,train,ACYCLIC:C#CC(O)(/C=C\Cl)CC
mol_78e8bf9907a34c13,train,c1ccc(-c2ncoc2-c2ccc3nncn3c2)cc1
mol_78e93fed458387fc,train,c1ccc2c(Cc3cccc4ccccc34)cccc2c1
mol_7904f66b0c7ce864,train,c1ccccc1
mol_790b24244cb1c640,train,ACYCLIC:CCCCCCCCCCCCCCCC(=O)OC[C@@H](COP(=O)([O-])OCC[N+](C)(C)C)OC(=O)CCCCCCCCCCCCCCC
mol_7916c16e711860fd,train,C1CCC(OC2COC(OC3CCCCC3OC3CCCCO3)C2)OC1
mol_791b461e9cb2ab13,train,c1ccccc1
mol_7946dde165e4e57d,train,c1ccccc1
mol_7949926739e56690,train,c1ccc2c(CC3CC4CCN3CC4)ccnc2c1
mol_7958441093ba4e75,train,ACYCLIC:C=CC(=O)OCCOCCOCC
mol_7958c50895c8c066,train,c1ccccc1
mol_79611218271e141b,train,ACYCLIC:COP(=O)(O)OC
mol_798017a9e404dd47,train,c1ccc(NCc2ccc3ncncc3c2)cc1
mol_79836f2f681e3bd6,train,c1ccccc1
mol_79877849e38dbea1,train,O=C(OCc1cccc(-c2ccccc2)c1)C1CC1
mol_7989eefeecfeb275,train,c1ccc2c(c1)CCc1ccccc1N2
mol_798b20291f0bcaa5,train,c1ccccc1
mol_7997970b7d743857,train,C(=CC=CC=CC=CC=CC1C=CCCC1)C=CC=CC=CC=CC1=CCCCC1
mol_799dd134348c5266,train,O=C1CC2SCC=CN12
mol_79a3928b5394b745,train,O=S(=O)(c1cccc2cnccc12)N1CCCNCC1
mol_79a61207f7d2af14,train,O=C1CC2OCC=C3CN4CCC56c7ccccc7N1C5C2C3CC46
mol_79b00c02f4b940ef,train,c1ccccc1
mol_79be91474ca9b027,train,O=C1CC(OC2CCCCO2)CC(OC2CCCCO2)CCC2(CO2)C(=O)CCCCO1
mol_79c47ae8e47a5036,train,O=C(CNC(=O)CNC(=O)C(Cc1ccccc1)NC(=O)CNC(=O)C(Cc1c[nH]c2ccccc12)NC(=O)C(Cc1cnc[nH]1)NC(=O)C1CCC(=O)N1)NCC(=O)N1CCCC1
mol_7a0628c99b941351,train,c1ccccc1
mol_7a1ba07171542cf2,train,C1=CC23CCNCc4cccc(c42)OC3CC1
mol_7a292c89d53fd35b,train,N=C1C(=O)Nc2ccccc21
mol_7a44fe9e06236759,train,O=C1CCc2ccc(OCCCCN3CCN(c4ccccc4)CC3)cc2N1
mol_7a4d9c210824da57,train,C1C2CC3CC1CC(C2)C3
mol_7a4d9da07f1982ea,train,O=C1CC=NN1c1ccccc1
mol_7a534621aef83432,train,c1ccccc1
mol_7a53c285f6384c7f,train,O=C1C=C(C2CCC3C2CCC2C4CCC(OC5CCC(OC6CCC(OC7CCC(OC8CCCCO8)CO7)CO6)CO5)CC4CCC23)CO1
mol_7a56874c1c878c84,train,O=C1CCCC=CCCCCCCCCCC1
mol_7a5aa5ffa8d8710c,train,ACYCLIC:COC(=O)/C=C\C(=O)OC
mol_7a60201c12a9f84e,train,O=C1CCOC1
mol_7a675245ba3c0cd3,train,ACYCLIC:CC(C)(C)N(CCO)CCO
mol_7a69b351bbe39f78,train,c1cc2ccc3cccc4ccc(c1)c2c34
mol_7a6cefa2368de2a7,train,ACYCLIC:CCO[Si](CCCS)(OCC)OCC
mol_7a7df525478c8dac,train,O=C1CCCC1=O
mol_7a8241d73ee8040c,train,c1ccccc1
mol_7a88261e2328ade1,train,c1ccc(N=NNc2ccccc2)cc1
mol_7a89e38eab49707f,train,c1ccc2c(c1)Cc1cccnc1N1CCNCC21
mol_7a8cdb81555016e9,train,O=C(OC1CC2CCC(C1)[NH2+]2)C(c1ccccc1)c1ccccc1
mol_7a919f83e41e0223,train,N=C1CCCCC1
mol_7a91e7edfa883ef7,train,ACYCLIC:CNC(=S)N(C)C
mol_7a93f494ee4c0a25,train,ACYCLIC:CCC(=O)OCCC(C)CCC=C(C)C
mol_7a984a63405d44eb,train,ACYCLIC:CCCCCCCC(=O)OCC(O)CO
mol_7a997c50f61daed9,train,O=C(CNc1ccccc1)OCc1cccc(Oc2ccccc2)c1
mol_7ab20bac41b1dc0d,train,O=C(NC1CCN(CCCOc2ccccc2)CC1)c1ccccc1
mol_7ab98b21d7768767,train,c1ccccc1
mol_7ac0b19da1fc9989,train,[N+]=C1C=CC(=C(c2ccccc2)c2ccccc2)C=C1
mol_7ac8e6c3c90f4359,train,ACYCLIC:COP(=O)(OC)OC=C(Cl)Cl
mol_7adc0e4497edf01c,train,c1ccccc1
mol_7ae2eab3cc3ddfd9,train,ACYCLIC:COC(C)(C)CCO
mol_7ae642f9310a8d9e,train,O=c1cc[nH]c2nc(N3CCNCC3)ccc12
mol_7af51876c6daaeee,train,C(=Cc1ccccc1)CNCc1cccc2ccccc12
mol_7af636d52dc38439,train,c1ccccc1
mol_7af8fc9ceef4c8bd,train,c1ccc(Oc2nc3ccccc3o2)cc1
mol_7afe6c5c0bc922d0,train,c1ccc(C2=NCc3nncn3-c3ccccc32)cc1
mol_7b170a927933782d,train,ACYCLIC:C/C=C(\C)C=O
mol_7b1fc74794043c26,train,ACYCLIC:CCOC(=O)CC(O)C(=O)OCC
mol_7b22588377c2f812,train,O=C1CCc2ccc(cc2)Oc2cc3cc(c2OC2OCCCC2OC2CCCCO2)Oc2ccc(cc2)CC2NC(=O)C(NC(=O)C3NC(=O)CN1)c1cccc(c1)-c1ccccc1CNC2=O
mol_7b28ad28ed2d416d,train,c1ccccc1
mol_7b37276ab8802165,train,O=C1CC2CCCN3CCc4c(n1c1ccccc41)C23
mol_7b384a95b812e6b0,train,ACYCLIC:CN(C)P(=O)(N(C)C)N(C)C
mol_7b5643914abfaab0,train,ACYCLIC:C=CC(=O)OCCCCCCOC(=O)C=C
mol_7b6222c8102de49a,train,O=S(=O)(CCc1ccc2[nH]cc(CC3CCCN3)c2c1)c1ccccc1
mol_7b7703ce6f8b40fa,train,C(CCN1CCNCC1)=C1c2ccccc2Sc2ccccc21
mol_7b7f78b53f36f8fd,train,c1ccc2c(c1)CCc1ccccc1N2
mol_7b83bd437831bf27,train,c1ccccc1
mol_7b97edcaa3d7aa36,train,c1ccccc1
mol_7bb0415c98ac6e17,train,c1ccccc1
mol_7bb457512f49d780,train,O=c1[nH]c(-c2ccccc2)nc2[nH]nnc12
mol_7bb6d3a246e43c5a,train,ACYCLIC:CC(=O)OC/C=C(\C)CCC=C(C)C
mol_7bbeaa3288fd43b5,train,c1ccccc1
mol_7bc595f78edc0e5b,train,ACYCLIC:C=C[Si](OCC)(OCC)OCC
mol_7bc6307db08afa7c,train,c1ccccc1
mol_7bcd99f595180719,train,C1N2CN3CN1C[NH+](C2)C3
mol_7be9c41dc9dfd520,train,ACYCLIC:CCN(CC)C(=O)C(Cl)=C(C)OP(=O)(OC)OC
mol_7bfeaab327dccdfc,train,O=C(SCCC(=O)N1CCC(Sc2ccccc2)C1)c1ccccc1
mol_7c0051f7a8e8be15,train,c1ccc2c(c1)CC1CC2CCN1
mol_7c07fc5c8f82401e,train,ACYCLIC:CC(CN)CCCN
mol_7c0c1991e3ae56da,train,c1ccccc1
mol_7c29f7774b0d4355,train,O=c1c(-c2ccccc2)coc2ccccc12
mol_7c3d7fb4d8485ec2,train,O=C1N(c2ccccc2)c2ccccc2C1(Cc1ccncc1)Cc1ccncc1
mol_7c46f12cb4a4098d,train,O=c1c(-c2ccccc2)coc2ccccc12
mol_7c4f360ab8e50281,train,ACYCLIC:CN(C)CCO
mol_7c5825b9b7eaad34,train,O=C(NC1CCN(Cc2ccccc2)CC1)c1ccccc1
mol_7c59097771241e56,train,c1ccccc1
mol_7c5c91e4ce3e8a8c,train,N=C1C=C2CCC3C4CCCC4CCC3C2CC1
mol_7c76cbfd595991f1,train,c1ccccc1
mol_7c7a026a167efcdc,train,c1ccccc1
mol_7c7e48bd12d0bf1a,train,c1ccc2cc3c(cc2c1)-c1cccc2cccc-3c12
mol_7c9508719ed60a10,train,c1ccccc1
mol_7c9bb188d65748c7,train,c1ccc(CCN2CCC(c3ccccc3)CC2)cc1
mol_7caa88849ad12d49,train,O=C(CCCNC(=O)c1ccccc1)OCCCN1CCN(CCOC(=O)Cc2cn(C(=O)c3ccccc3)c3ccccc23)CC1
mol_7cacba2e5b8e1c15,train,ACYCLIC:C=C[Si](OC(=C)C)(OC(=C)C)OC(=C)C
mol_7cb220ff05799e11,train,C(=CC=CC=CC=CC=CC1=CCCCC1)C=CC=CC=CC=CC1=CCCCC1
mol_7cb5a90f534e24e9,train,O=C(CNC(=O)c1ccc2ccccc2n1)NC(CCN1CCC2CCCCC2C1)Cc1ccccc1
mol_7cb672f1b0e27bd6,train,c1ccc(C(OC2CCCN(CCc3ccc4c(c3)OCO4)C2)c2ccccc2)cc1
mol_7cb76c751a321214,train,O=C(NC(CC(=O)N1CCCC1)Cc1ccccc1)c1cc2ccccc2[nH]1
mol_7cb80d14dbde4459,train,O=C(CC[NH+]1CCc2ccccc2C1Cc1ccccc1)OCCCCCOC(=O)CC[NH+]1CCc2ccccc2C1Cc1ccccc1
mol_7cc1b0b6467ed18e,train,ACYCLIC:CCCCCCCCCC(=O)N(C)C
mol_7cc6ecfc4117e273,train,O=S1(=O)CCCC1
mol_7cfbace7e88f260f,train,c1ccccc1
mol_7d086566c29c0dd5,train,ACYCLIC:COCCCOCCCOC
mol_7d3fbf3de7f27b74,train,c1ccccc1
mol_7d4567b4da7f384f,train,ACYCLIC:CCC(O)OCCCOC
mol_7d5bc0e5e1e2a5b4,train,ACYCLIC:CCCCCCCC#N
mol_7d5cb005c4f5d018,train,ACYCLIC:NCCC[C@H](N)C(=O)O
mol_7d6328592f7dc2df,train,O=C1OCC2Cc3cc4c(cc3C(c3ccccc3)C12)OCO4
mol_7d64e2e631ac5006,train,c1ccc2c(c1)CCc1cccnc1C2=C1CCNCC1
mol_7d69e441887be2bb,train,ACYCLIC:C=CCCCCCCCCC(=O)OCC
mol_7d6d764b74e94561,train,c1ccccc1
mol_7d6deca5e582df4c,train,c1ccc(CCCCn2cncn2)cc1
mol_7d8cb779f81792cb,train,ACYCLIC:CSSC
mol_7d945429864d4313,train,O=c1[nH]c(=Nc2ccccc2)cc2n1CCc1ccccc1-2
mol_7dad4bc6986ea8ce,train,c1ccccc1
mol_7db0248d0f9f0abb,train,ACYCLIC:CC(C)(O)C#N
mol_7dbb27c7bd4d70b4,train,O=C1c2ccccc2NCN1c1ccccc1
mol_7dc99db37766ce4c,train,c1cc2c3c(c4ccc5ccccc5c4cc3c1)CC2
mol_7dd2ef7fa2a23f56,train,O=c1oc2ccccc2cc1C1CCCc2ccccc21
mol_7de06586755516d0,train,ACYCLIC:ClCC(Cl)Cl
mol_7de27ac0bce43082,train,c1ccccc1
mol_7e21a6733c9061a6,train,c1ccc2c(c1)cc1ccc3cccc4ccc2c1c34
mol_7e2811e489e50204,train,c1ccccc1
mol_7e5ae97e5833a30d,train,O=C(c1ccccc1)N1CCOCC1
mol_7e5aeec3979ef690,train,c1ccc(OCCNc2ccncc2)cc1
mol_7e607cfc1376d353,train,O=C(CN1CCOCC1)NC(CCc1ccccc1)C(=O)NCC(=O)NC(Cc1ccccc1)C(=O)NCC(=O)C1CO1
mol_7e7a43bf63953e02,train,ACYCLIC:CCOC(=O)/C=C/C(=O)OCC
mol_7e7fbbf7d879b9d2,train,O=C1C=CCC(C2CCOCC2)C1
mol_7e87149ba0ecfe25,train,c1ccccc1
mol_7e8c1aaa9b2a7646,train,C1=CC2C3Cc4cccc5c4C2(CCN3)C(C1)O5
mol_7e8f9fbf48bcae8c,train,c1ccc(CN(Cc2ccccc2)Cc2ccccc2)cc1
mol_7e9b3047668bd8d4,train,c1ccccc1
mol_7eb061c59652cbf8,train,c1ccccc1
mol_7eb414577b7c5602,train,c1ccccc1
mol_7eb50ebfc79c74db,train,c1ccccc1
mol_7ecc24a406a58c59,train,O=C(C=CC=CC=CC=CC1=CCCCC1)Oc1ccc2c(c1)CCCO2
mol_7ecfa11f614ec6c2,train,c1ccccc1
mol_7eef9856e5d090f0,train,ACYCLIC:C=CC(=O)OC
mol_7ef63a4c2f4d01d5,train,ACYCLIC:CN=C=O
mol_7ef9f809774db472,train,c1ccccc1
mol_7ef9fd58655280b0,train,ACYCLIC:C=CC(=O)OCCC(=O)O
mol_7efff1b14b8d9e54,train,ACYCLIC:CCOC(=O)CP(=O)(OCC)OCC
mol_7f0286327c85becb,train,c1ccccc1
mol_7f1a501369ded05e,train,ACYCLIC:COC(=O)CS
mol_7f26d87101116906,train,c1csc(-c2cscn2)c1
mol_7f2ea77efd3ee6b1,train,O=c1[nH]ncc2ccccc12
mol_7f324ea35e687312,train,c1ccccc1
mol_7f59c7c86e3238b5,train,C(=Cn1cncn1)c1ccccc1
mol_7f677436793be5df,train,ACYCLIC:C=CCCCCCCCCOC(C)=O
mol_7f704b7c45ecbf04,train,c1ccc2c(c1)CCCO2
mol_7f8325baa65c02f0,train,c1ccccc1
mol_7f8fb96048f9a376,train,c1ccc(COc2ccccc2)cc1
mol_7f958bee17887eb6,train,ACYCLIC:CCCCCCCCCCCCCOP(=O)(O)O
mol_7f96c5146a27a92b,train,O=C(Nc1ccccc1)c1c[nH]c2c1C(=O)CCC2
mol_7fa9083edcebafc8,train,C1CC2CCC(C1)N2
mol_7fa908893757a6b0,train,O=C(C1CCCCC1)N1CC(=O)N2CCCc3ccccc3C2C1
mol_7faca991130a61f2,train,ACYCLIC:CCCCCCCCCCCCCCC
mol_7fc05400ec4ca6f2,train,C=C1C=CCCC1=O
mol_7fec7258657a3b2d,train,c1ccccc1
mol_800014aef06e26da,train,O=c1[nH]cnc2[nH]cnc12
mol_80019fe2a8f929b0,train,C1=CC2CC1C1CC3OC3C21
mol_8009616fc82e8610,train,O=C(c1ccccc1)c1ccc2n1CCC2
mol_800c08829e92d53b,train,ACYCLIC:O=C(O)CC(C(=O)O)S(=O)(=O)O
mol_80102b1a0ae4429e,train,c1ccc(N=C2NCCN2)cc1
mol_8018073b6dd427d5,train,c1ccccc1
mol_802572c28f3f2189,train,c1ccccc1
mol_802a85d881c40de9,train,c1ccc(CCNCCc2cscn2)cc1
mol_80387073f37be650,train,c1ccccc1
mol_803ba6891008b3a0,train,c1ccccc1
mol_803fc054a02a1792,train,O=C(NCc1cccnc1)c1ccccc1C1C(=O)N(Cc2ccccc2)c2ccccc21
mol_804c5f1a539fc8d4,train,c1ccccc1
mol_8057754c7e25fd78,train,ACYCLIC:NCCCN(CCO)CCO
mol_8059ec1683ad7b38,train,O=C1CC(c2ccccc2)Oc2cc(OC3CCCC(COC4CCCCO4)O3)ccc21
mol_8060d702e6c72ca4,train,c1ccccc1
mol_8072a3dfa4d01268,train,ACYCLIC:CCC(CO)(CO)COCC(CC)(CO)CO
mol_807a3dd06b4144b0,train,ACYCLIC:O=S(=O)(Cl)Cl
mol_809ce6115535b51e,train,ACYCLIC:ClC/C=C/CCl
mol_809d10d2a022b4b1,train,c1cnc2c(n1)CCC2
mol_80a3a09243e37973,train,c1ccccc1
mol_80a50bca94b7bbb1,train,c1ncc2nc[nH]c2n1
mol_80bddffdac2c48b2,train,ACYCLIC:CCCCCCCCP(=O)(O)O
mol_80c6b9891dc18744,train,c1ccc2c(c1)CCc1ccccc1C2OC1CC2CCC(C1)N2
mol_80c70e919584ee44,train,O=C(c1ccc(-c2ccc(-c3nnco3)cc2)cc1)N1CCc2cc3c(cc21)C1(CCNCC1)CO3
mol_80cca76d14e8031b,train,c1ccc(-c2cccc(-c3cnc4nccnn34)c2)cc1
mol_810ee20df722c966,train,c1ccccc1
mol_81116685986024c9,train,ACYCLIC:CC(C)CCCC(C)N
mol_81184b5a380d490f,train,O=c1[nH]cnc2ccc(CNc3cccs3)cc12
mol_811917f90a57faae,train,c1ccccc1
mol_8143088ddc742267,train,O=C(Cc1ccccc1)NC1C(=O)N2C=CCSC12
mol_814aebce47b62656,train,O=c1ncccn1C1CCCO1
mol_8156b20c31aad004,train,ACYCLIC:O=C(O)CCCCCCCCC(=O)O
mol_815daa653f5eebf3,train,ACYCLIC:CCCCCCCCCCCC[N+](C)(C)CCCCCCCCCCCC
mol_8166f4be4adac52a,train,c1ccccc1
mol_8177f0888bc2cf72,train,O=S(=O)(Nc1nccs1)c1ccccc1
mol_818410ccd337062f,train,ACYCLIC:ClC(Cl)C(Cl)Cl
mol_81aa043557c87c0d,train,c1ccc2c(c1)CC1NCCC23CCCCC13
mol_81abb09b39ca3c0a,train,O=C(Nc1ccc(Cc2ccccc2)cc1)c1ccccc1
mol_81abbe96a2364181,train,ACYCLIC:CCCCCC(N)=O
mol_81b68cc90f4fd113,train,c1ccccc1
mol_81bd2dfd5befd457,train,c1ccccc1
mol_81c5eb8f4e76e197,train,O=C(C=Cc1ccccc1)OCCCc1ccccc1
mol_81c8929afa95aea9,train,ACYCLIC:CCCCCCCCCOC(=O)CCCCC(=O)OCCCCCCC
mol_81e0901c0bb96820,train,C1=Nc2ccccc2C(c2ccccc2)=[NH+]C1
mol_81e6f63820a20d45,train,ACYCLIC:CCCCCCCC/C=C\CCCCCCCC(=O)O
mol_81f53d32d42f6a8d,train,c1ccccc1
mol_820ebcc7575819c2,train,ACYCLIC:C=CC(=O)OCCCCCC(C)C
mol_821ab85891d56235,train,ACYCLIC:CCC(C=O)CC
mol_821e28052f16ee8f,train,O=C(OCCc1ccccc1)c1ccccc1
mol_8237dbed6db411b5,train,O=C(Cc1ccc2c(c1)OCO2)c1sccc1S(=O)(=O)Nc1ccno1
mol_824a2198f43207f0,train,ACYCLIC:C=C(C)C(=O)OCCCCCCCC(C)C
mol_8275f28eb513164a,train,c1ccccc1
mol_8283103f32092f85,train,ACYCLIC:CCCCCCCC/C=C\CCCCCCCCO
mol_82860ae91f697f13,train,c1ccccc1
mol_8294c3e15aad57d4,train,ACYCLIC:O=C(O)CCCCCCCCCCCC(=O)O
mol_829b99b86c2b1e83,train,O=C1CN(CCN2CC(=O)NC(=O)C2)CC(=O)N1
mol_82b0491cd46906e0,train,c1ccccc1
mol_82b7bdf6e4021cfa,train,c1ccccc1
mol_82bd4ac3f4cb9406,train,c1ccccc1
mol_82c0263226114144,train,ACYCLIC:CCCCCCCCCCCCCCC[C@H](O)[C@@H](N)CO
mol_82cedf728b4b1835,train,C=C1CC2CCCC2C2CCC3=CCCCC3C12
mol_82d7246d839be0a1,train,O=[PH](Oc1ccccc1)Oc1ccccc1
mol_82dae6c0b763f976,train,ACYCLIC:COC(=O)CCCCC(=O)OC
mol_82e01dd4368adb40,train,c1cn[nH]c1
mol_82e23898c4044f4d,train,ACYCLIC:[Cl][Sb]([Cl])[Cl]
mol_82f23e7f32ceba6c,train,c1ccccc1
mol_82f254225ba4a615,train,O=C1CCCCCCCCCCCCCCO1
mol_8314e5765635885d,train,ACYCLIC:C=CC(=O)OCCOC(=O)C=C
mol_8331eb9575e0f41c,train,O=C1C=C2CCC3C(=C2CC1)C=CC1CCCC13
mol_83377e909be9dfce,train,c1ccccc1
mol_833e296c31bc2a44,train,ACYCLIC:NC=O
mol_833ff032d7d8950f,train,c1ccccc1
mol_83420b835ddb28ee,train,c1ccccc1
mol_835b43f302422d76,train,c1ccccc1
mol_835eafa80da15b57,train,c1ccc(Nc2ccncc2)cc1
mol_836e9ddc707b203e,train,ACYCLIC:O=S(=O)(O)SSS(=O)(=O)O
mol_8380b7528b4b24c3,train,c1ccccc1
mol_838eda64cd71c65e,train,ACYCLIC:C=C(C)C(=O)OCCCCCC
mol_8392da7f3226bb74,train,c1ccccc1
mol_839ac2f3272db2c3,train,O=C(Nc1cc(NCc2ccccc2)c2ccccc2n1)c1ccccc1
mol_83aa37c8a37d61e5,train,ACYCLIC:O=S(=O)(O)C(F)(F)C(F)(F)C(F)(F)C(F)(F)C(F)(F)C(F)(F)F
mol_83b91ea22e0f72ca,train,O=c1cc[nH]c(=O)[nH]1
mol_83bec46d5983f76a,train,O=C1CC(=O)N(c2ccccc2)N1c1ccccc1
mol_83d78eb4b0eae9c8,train,c1ccc(C(Cn2cncn2)c2ccccc2)cc1
mol_83da2f02e3241ca8,train,c1ccccc1
mol_83dfdb4fc675bd56,train,c1ccccc1
mol_83e39ea2167a2d80,train,O=c1cc(Oc2ccccc2)c2cncnc2[nH]1
mol_83e43640cfcc7dbf,train,c1ccccc1
mol_83e51db5a50c3c8d,train,O=C(NNC(=O)c1ccccc1)c1ccccc1
mol_83e8cd60891236f8,train,ACYCLIC:CCCCCCCCCCCCCCN(CCO)CCO
mol_83ed5fdb7b938a28,train,ACYCLIC:CCCSSCCC
mol_83f4702feb382c65,train,c1ccccc1
mol_83ffeac36de30db8,train,c1ccc(CCCNCCc2ccccc2)cc1
mol_840414e86da4fcd4,train,ACYCLIC:CCCCCCCCCCCCCCCCSCC(COC)COP(=O)([O-])OCC[N+](C)(C)C
mol_84055e73bbbefaa6,train,c1ccc2nccnc2c1
mol_8409afb5dfb2fc70,train,c1ccccc1
mol_841159e39008f1a7,train,ACYCLIC:C=C(C)CCl
mol_84222bbd1bb40907,train,O=C(NCCOc1ccccc1)n1ccnc1
mol_8422a9e847308dc2,train,c1ccc(C2CCCCC2)cc1
mol_8422f4b85e43b1d3,train,O=c1cn[nH]c2cc3c(cc12)OCO3
mol_84232dbff3105bb2,train,ACYCLIC:CC(C)(CO)[C@@H](O)C(=O)NCCCO
mol_842bd1ea8f9f24c6,train,c1ccccc1
mol_843939ec55a15ae2,train,C(CN1CCCC1)=C(c1ccccc1)c1ccccn1
mol_843af64c298db2f5,train,O=c1c2ccccc2ncn1-c1ccccc1
mol_843e7f9c70a3dab6,train,O=C1CCCCO1
mol_8450ba0bf37507eb,train,ACYCLIC:CCCCC(CC)COC(=O)CCCCC(=O)OCC(CC)CCCC
mol_845879b0617640e0,train,O=C(NC1CCCCC1)N1CC(c2ccccc2)SC1=O
mol_846b21625c517d10,train,c1[nH]nc2c1CCCC2
mol_8479db65cff15720,train,ACYCLIC:COCC(C)N
mol_848d1a6bc6cbdc35,train,c1ccc(OC2CCCCC2)cc1
mol_8499c70302e71646,train,ACYCLIC:C=CCCC
mol_849cc39b0ac77a0a,train,O=C(C=CC=Cc1ccc2c(c1)OCO2)N1CCCCC1
mol_84a264674af4b537,train,c1ccccc1
mol_84a345eefe6be685,train,O=C(NC1CC2CCC(C1)N2)n1c(=O)[nH]c2ccccc21
mol_84a5651ee95c9492,train,ACYCLIC:N#CCNCC#N
mol_84b0750a07eb3bae,train,ACYCLIC:CCCCCSCCCCC
mol_84cf9adee0da2f23,train,O=C1OCc2ccccc21
mol_84d51f4020b502d4,train,ACYCLIC:CC(=O)OCC[N+](C)(C)C
mol_84d6c45605699d06,train,ACYCLIC:CCCCCCCCC\C=C/C=C\C=C/C=C\C=C/C(=O)OCC
mol_84db1abb31c8f394,train,c1ccc(OCn2cncn2)cc1
mol_84e6409a688b1109,train,c1ccc2c(c1)CCC1CCCCC21
mol_84eb45bb72f4abac,train,c1ccccc1
mol_84ed092c4a86fab6,train,c1ccccc1
mol_84f15f28406838e8,train,ACYCLIC:CCCOC(=O)C(C)O
mol_84f6e4a71889fc90,train,c1ccccc1
mol_8506e13d079f3dec,train,O=c1ccn(-c2ccccc2)c2nc(N3CCCC3)ccc12
mol_850802f0f6ab59c2,train,ACYCLIC:CCOCCOCCOCCO
mol_8518e4395721833b,train,c1ccc2c(c1)CCCC2
mol_8520054245961b55,train,C(=NOCc1ccccc1)c1ccccc1
mol_852217d9cf9c3ed3,train,ACYCLIC:NCCOCCOCCN
mol_852799b2997a8f93,train,ACYCLIC:CC(C)S
mol_85287ad12c06bd68,train,O=C1NS(=O)(=O)c2ccccc21
mol_852ffcc96719959d,train,ACYCLIC:CC(C)=CCl
mol_853d6a84714cfe5a,train,ACYCLIC:C=CC(C)(O)CC/C=C(\C)CCC=C(C)C
mol_853d7b595ae4d639,train,ACYCLIC:CCCCC(CC)CNC(=N)NC(=N)NCCCCCCNC(=N)NC(=N)NCC(CC)CCCC
mol_8541d9593e3cbaac,train,ACYCLIC:[Cr+7]
mol_855496726c34bd81,train,O=C(Oc1ccc2ccccc2c1)c1ccccc1
mol_85578f17f393c10c,train,ACYCLIC:C=CC(C)(CCC=C(C)C)OC(=O)CC(C)C
mol_857452a0ba018d95,train,O=C1CCCCC1c1ccccc1
mol_85776994fbfa3562,train,O=C(c1ccc2[nH]cnc2c1)c1cccs1
mol_857b57132bcb0b01,train,O=C(OC1CC2CCC(C1)N2)c1ccccc1
mol_8597ddc437d436dd,train,c1ccccc1
mol_85a2d0e5de4796db,train,ACYCLIC:C=C[Si](OCCOC)(OCCOC)OCCOC
mol_85acbdefea5a5cbf,train,O=c1ccss1
mol_85bdee943bc503f1,train,c1ccc(C2CO2)cc1
mol_85c67a1329ee78a4,train,O=C(Nc1ccccc1)c1ccc2c(c1)CCCC2
mol_85d064da004680c6,train,c1ccccc1
mol_85d5644c9f839bf5,train,c1ccc2c(c1)CCc1ccccc1N2
mol_85decd1dd16e6d45,train,C(=NCCN=Cc1ccccc1)c1ccccc1
mol_85e0f2be775177c0,train,O=C(NC1CCCCC1)NS(=O)(=O)c1ccc(CCNC(=O)N2CC=CC2=O)cc1
mol_85fe95dbabc9e689,train,ACYCLIC:CN(C)CCOCCN(C)CCO
mol_862025e64f511390,train,O=C(NCCc1c[nH]c2ccccc12)c1cccnc1
mol_86243d332e67b811,train,O=C(Oc1cccc2cccnc12)c1ccccc1
mol_86396db4f94aafa4,train,c1ccccc1
mol_8642f121ab45c935,train,c1ccccc1
mol_86442096cf8bfafe,train,c1ccccc1
mol_864a8b1cc87098b3,train,ACYCLIC:CCOC(=O)OCC
mol_8666b62de2749201,train,ACYCLIC:CCCCCCCCCCOS(=O)(=O)O
mol_8668dff2dd77aa2f,train,O=c1ccc2cc3ccoc3cc2o1
mol_8672460823acadb4,train,c1ccccc1
mol_867a84db1866f518,train,ACYCLIC:OCCCO
mol_867b4c6378a6d35d,train,c1ccccc1
mol_868c81e3527c34f5,train,c1ccccc1
mol_86948a3d8bc603c4,train,O=C(C=Cc1ccccc1)OC1CCC2CC3c4[nH]c5ccccc5c4CCN3CC2C1
mol_86b09b38f4c0d7cd,train,O=C(c1cncnc1)N1CCC(N2CCN(Cc3ccccc3)CC2)CC1
mol_86b09f2d9f31a6f8,train,ACYCLIC:CCOC(OCC)OCC
mol_86b776717e8750fc,train,ACYCLIC:CC(C)(C)C(=O)Cl
mol_86c36353b21ff757,train,c1ccc2c(CC3CCCCN3)ccnc2c1
mol_86c7b9720a280912,train,ACYCLIC:COCCOCCOCCO
mol_86db8bc4ce27e1b5,train,c1ccccc1
mol_86e7c5a803e33d1a,train,O=C1C2CC2C(=O)N1c1ccccc1
mol_86e88312b1313f62,train,O=C(Nc1ccccc1)Nc1cnns1
mol_86ea49450f3b5c58,train,c1ccccc1
mol_86fc66e1ac7443ac,train,ACYCLIC:CC(=O)OC(C)OC(C)=O
mol_8706b382457f9598,train,ACYCLIC:FC(F)(F)COCC(F)(F)F
mol_8717c9ab515da860,train,ACYCLIC:CCCC(=O)C(=O)O
mol_8722045037479a3c,train,O=C1CCON1
mol_87267c06a7267df6,train,O=S(=O)(Nc1ccncn1)c1ccccc1
mol_8729a1ec63890e92,train,c1ccccc1
mol_873ba1aab2de22d1,train,C=C1CC2C=CCC3CC(=C)CC(CCOC(=O)CCCC4CCCC(CC(C1)O2)O4)O3
mol_874caee9b013513f,train,C1COCOC1
mol_874e50eba4598358,train,ACYCLIC:N#CC(Cl)Cl
mol_87643d861a6e10d7,train,ACYCLIC:COCCOCCOCCOCCO
mol_8769c386a45189c5,train,ACYCLIC:OCCC(F)(F)C(F)(F)C(F)(F)C(F)(F)C(F)(F)C(F)(F)C(F)(F)C(F)(F)F
mol_876f4239f3346332,train,ACYCLIC:O=C(Cl)CCl
mol_87722bfe2ccb0dec,train,c1ccccc1
mol_878b665bc7f2a429,train,c1ccccc1
mol_8797c53c55355f6a,train,O=C(Cc1ccccc1)OC1CC2CCC(C1)[NH2+]2
mol_879d96f08d89f47d,train,O=C1CC(=O)N(c2ccccc2)N1c1ccccc1
mol_87aff8c28357b11a,train,ACYCLIC:CCOC(=O)C(C)C(C)=O
mol_87b00012c9fa3f36,train,c1ccccc1
mol_87b53236649b3c66,train,c1ccccc1
mol_87bd383e12e02d2c,train,c1ccccc1
mol_87c36ad3f07eb0e0,train,c1ccccc1
mol_87c43cfe895b099d,train,c1ccccc1
mol_87c80162c658a457,train,C1CC[NH2+]CC1
mol_87cb800ac3b21fb2,train,c1ccc(CC2CCCCC2)cc1
mol_87cbd781572b5c12,train,C1=CNCN1
mol_87d0c62cce205f55,train,O=C(Cc1ccccc1)Nc1ccccc1
mol_87e43f6ea61e96b0,train,c1ccc2c(c1)N=C(N1CCNCC1)c1ccsc1N2
mol_87e777471058b31c,train,ACYCLIC:CC(C)C[C@@H](N)C(=O)O
mol_87ea72303fce3d54,train,O=C1CCC(c2ccc3[nH]c(-c4ccccc4)nc3c2)=NN1
mol_8806a852dd1b4de2,train,O=C1c2ccccc2C(=O)c2cc3c(cc21)CCCC3OC1CCCCO1
mol_88130b5dd5558182,train,ACYCLIC:O=[N+]([O-])C([N+](=O)[O-])([N+](=O)[O-])[N+](=O)[O-]
mol_882745c5241588da,train,O=C(OCCNCCc1ccccc1)c1ccccc1
mol_8831326356a748a9,train,ACYCLIC:CCCCCCCCCCCCNC(=N)N
mol_8839f319dbd8c075,train,c1ccccc1
mol_883c68c75ff4f095,train,[N+]=C1C=CC(=C(c2ccccc2)c2ccccc2)C=C1
mol_885ba167bc8bd05f,train,c1ccccc1
mol_88661e68b4a234cd,train,c1ccccc1
mol_886794a70055e806,train,ACYCLIC:CC(=O)OCC(C)OC(C)=O
mol_886bda31466c08b3,train,O=C(OC1CCC2CC3c4[nH]c5ccccc5c4CCN3CC2C1)c1ccccc1
mol_8874294b389fe5a8,train,c1ccc(C(CCCN2CCNCC2)c2ccccc2)cc1
mol_8876edb384ccf0fb,train,c1ccccc1
mol_88934fe553983617,train,c1ccccc1
mol_88aa03924b0992d4,train,ACYCLIC:CCCCCCCCCCCCCCCBr
mol_88c8ca062d057541,train,c1ccccc1
mol_88cce189c3e069cb,train,ACYCLIC:CCCCON=O
mol_88d6947b4628381d,train,c1ccccc1
mol_88fa9af12f258070,train,c1ccccc1
mol_89066afb8ba13711,train,ACYCLIC:N#C/C(N)=C(/N)C#N
mol_8912d499a2498182,train,c1ccc(CCCN2CCOCC2)cc1
mol_8914e5cd3b3d9f95,train,ACYCLIC:O=C(O)CCCCCC(=O)O
mol_891d29a2604e0609,train,C1=CC2=CCC3CCCCC3C2CC1
mol_89322b0289294c2e,train,O=C1CCC(C(=O)NC2CC2c2ccccc2)N1
mol_894eddc270d3785b,train,O=C1CCC2=C(CCC3C2CCC2CCCC23)C1
mol_895b45fbee3c5640,train,ACYCLIC:CCN(CC)N(O)N=O
mol_89616c692d2fcdbc,train,c1ccccc1
mol_8961d5f44aa2c88e,train,c1ccc2c(c1)COc1ccccc1-2
mol_896519f3f30bc3cd,train,c1ccccc1
mol_896cf0d6501b8616,train,c1ccccc1
mol_898416fdfec8442e,train,ACYCLIC:CC(C)(CO)COC(=O)C(C)(C)CO
mol_898584851dc42c9a,train,O=c1[nH]c(=O)c2[nH]c(Cc3ccccc3)nc2[nH]1
mol_8989e9e598b0c60a,train,c1ccccc1
mol_89a350ffd2b6c13c,train,C(=C1SCC(c2ccccc2)S1)n1ccnc1
mol_89ac61b908a55238,train,C1=C2CCC3C4CCCC4CCC3C2CCC1
mol_89c8b1a770bb2e00,train,c1cncc(-c2c[nH]c3ccccc23)c1
mol_89dde6d4b36d82dd,train,ACYCLIC:CNC(=O)ON=C(CSC)C(C)(C)C
mol_89f23a6b8a428a15,train,c1ccccc1
mol_8a0063841f2d259f,train,c1ccc(OCCCOc2ccccc2)cc1
mol_8a037208daaface5,train,c1ccccc1
mol_8a1561fbc50cfbcb,train,O=C(c1ccc(OCCN2CCCCC2)cc1)c1c(-c2ccccc2)sc2ccccc12
mol_8a1bddda562dd3af,train,O=C1CCC(=O)O1
mol_8a224d253ed9a2db,train,O=c1cco[nH]1
mol_8a344cc7a6f9bc97,train,C1CCC(CC2CCCCC2)CC1
mol_8a347e3c9b57d6e5,train,ACYCLIC:CCCCCCCCN(C)C
mol_8a3b4ee870ce9c92,train,C1=NCOC1
mol_8a4809ca73cf3c52,train,O=C1CNC(=O)CNC(=O)CNC(=O)CNC(=O)CNC(=O)CNC(=O)CNC(=O)CNC(=O)CNC(=O)CNC(=O)CN1
mol_8a526f99e22451c6,train,c1ccccc1
mol_8a59ce11b11dd966,train,O=C1OCC2Cc3cc4c(cc3C(c3ccccc3)C12)OCO4
mol_8a7ad5fc301d54be,train,c1ccccc1
mol_8a8281992f4aa6f7,train,O=C1CNC(=O)CNC(=O)C(Cc2cnc[nH]2)NC(=O)C(Cc2ccccc2)NC(=O)CNC(=O)CNC(=O)C(NC(=O)CNC(=O)CNC(=O)CNC(=O)C2CSC=N2)CCCCN1
mol_8a87076c1b02d35c,train,c1ccccc1
mol_8a8abcd6db5cf103,train,c1ccc(C(c2ccccc2)N2CCCNCC2)cc1
mol_8a94d538e0d10e30,train,c1ccccc1
mol_8a97e3e8ade78a32,train,c1ccc(-c2cc[nH]c2)cc1
mol_8a9e9390e58c1c1d,train,c1ccccc1
mol_8ab23a8f7c0e9f60,train,O=C1c2ccccc2CCc2ccccc21
mol_8ad60727aecdbfeb,train,c1ccccc1
mol_8ae2040568a54175,train,c1ccc2c(c1)CC1CC2CCN1
mol_8ae76caa938a94c8,train,O=P(Oc1ccccc1)(Oc1ccccc1)Oc1ccccc1
mol_8af5444675366df1,train,c1ccccc1
mol_8af9adcbaa9884e9,train,O=S(=O)(Nc1nncs1)c1ccccc1
mol_8b04193af21d6d1f,train,c1ccccc1
mol_8b0715123fd85b36,train,c1ccc(N2CCN(CCCOc3cccc4ccccc34)CC2)cc1
mol_8b11ff52e71cf5fa,train,c1coc(-c2nnco2)c1
mol_8b1878b2c8d30985,train,C1CCC(OC2CCCC(OC3CCCCO3)C2)OC1
mol_8b2e7af1febea1f3,train,ACYCLIC:CCC(C)Cl
mol_8b2f276bfde16085,train,ACYCLIC:S=C(S)NCCNC(=S)S
mol_8b3a2ed39ca46738,train,ACYCLIC:CCCC/C=C/CCCCO
mol_8b449137bd7cc5d5,train,ACYCLIC:NC(N)=[Se]
mol_8b62c0b89d1d9520,train,c1ccccc1
mol_8b6949160d91bf78,train,ACYCLIC:ClC(Cl)C(Cl)(Cl)Cl
mol_8b6a078c20df8c97,train,O=C1OC(c2ccccc2)(c2ccccc2)c2ccccc21
mol_8b6b63a972f30239,train,ACYCLIC:O=C(O)[C@@H](O)[C@H](O)[C@H](O)[C@@H](O)C(=O)O
mol_8b75970b104b2c4c,train,ACYCLIC:CC(=O)OC/C=C(/C)CCC=C(C)C
mol_8b7c38fdb5065968,train,c1csc(C(=C2CCC3CCCC[NH+]3C2)c2cccs2)c1
mol_8b84c9b739b1a9f8,train,O=C1C=CC2C(=C1)CCC1C3CCCC3CC(=O)C21
mol_8bbb2b91f14a7925,train,c1ccc(C[n+]2cccc3ccccc32)cc1
mol_8bc2ba11aa56de2a,train,C=C1CC=CCC1
mol_8bc5eb4d686ab9c8,train,c1ccccc1
mol_8bd0e966f69e7a1b,train,c1ccccc1
mol_8bd58ec52a57ffd9,train,O=C1COC(=O)N1
mol_8be14ea3a3715f5b,train,ACYCLIC:[Ni+2]
mol_8be557195a443258,train,ACYCLIC:CCCCOC(C)=O
mol_8c01816a0ad2be3b,train,ACYCLIC:CCCCC(CC)COC(C)=O
mol_8c15a1ca83578e93,train,c1ccccc1
mol_8c17896c194d43b1,train,O=C1C=C2CCC3C4CCCC4CC(=O)C3C2CC1
mol_8c1d68aa724f0e03,train,ACYCLIC:CCCCCCCCCCCCCCCC(=O)OC
mol_8c2020f17ce3ddb4,train,c1ccc(Oc2cc(Oc3ccccc3)ncn2)cc1
mol_8c2555ede47f3b4e,train,O=C(Nc1ccc2[nH]cc(Cc3ccc(C(=O)NS(=O)(=O)c4ccccc4)cc3)c2c1)OC1CCCC1
mol_8c2a416a5cd374b4,train,C1OCC2OC3OCOC3C2O1
mol_8c2f69139b5be2e0,train,O=C(c1ccccc1)c1cn(CCN2CCOCC2)c2ccccc12
mol_8c2fb03ada5f3985,train,ACYCLIC:CC(=O)N[C@@H](CS)C(=O)O
mol_8c3055ab9dc2127c,train,c1ccccc1
mol_8c3645bccad98bc5,train,C=C1CC2CCC1C2
mol_8c3ff5dffd5348a4,train,c1ccccc1
mol_8c4bd8a71d3b231d,train,O=C(OCc1ccccc1)C1CCCC1
mol_8c5b6f8d56de5b1b,train,ACYCLIC:C=CCCCC
mol_8c6911f8b19518ea,train,ACYCLIC:CCCCCCCCCCCC(=O)OCC
mol_8c83c4091117bd95,train,O=c1c2sccsc=2c(=O)c2ccccc12
mol_8c84e95d5294a051,train,c1ccc2cnncc2c1
mol_8c949afcb3eaf6a7,train,C1=CC2=CCC3C4CCCC4CCC3C2CC1
mol_8c989074bc36c962,train,c1ccccc1
mol_8ca1afcf1d7f3439,train,c1ccc2nc(N3CCNCC3)ccc2c1
mol_8cab4f8b47e30ae0,train,O=C1CCCC(=O)C1C(=O)c1ccccc1
mol_8cafa32606798367,train,c1ccccc1
mol_8cbcb186e038a5a0,train,O=S(=O)(Nc1nc(-c2ncccn2)ncc1Oc1ccccc1)c1ccccc1
mol_8cc0fb0dfec46a0d,train,ACYCLIC:CC(=O)CC(=O)OC(C)(C)C
mol_8cca28b571226f5f,train,c1ccccc1
mol_8cce4fc72f414b3d,train,ACYCLIC:CC(O)CC(C)O
mol_8cd02e8f254e9a8e,train,O=C1CC(=O)N(C2CCCCC2)C(=O)N1
mol_8cd37c36ea8e5ca4,train,ACYCLIC:O=C(O)C(Cl)Br
mol_8cd5eef90e347131,train,c1ccccc1
mol_8ce86a6ae65d3692,train,ACYCLIC:N
mol_8d05c407e75e9185,train,c1ccccc1
mol_8d188af261cfcbeb,train,ACYCLIC:OCC(CO)(CO)CO
mol_8d225e211590192c,train,ACYCLIC:CCCCCCCCCCCCCCCCCC[N+](C)(C)CCC[Si](OC)(OC)OC
mol_8d2b372402db4eab,train,c1ccc2c(c1)[nH]c1cnccc12
mol_8d2c1ad079f78881,train,c1ccc(N(CC2=NCCN2)c2ccccc2)cc1
mol_8d2cd9273643e3e7,train,c1ccc(Cc2nccc3ccccc23)cc1
mol_8d50b3b9e9394eb3,train,c1ccc2c(c1)CCNC1CCc3ccccc3C21
mol_8d58d88eccef7c98,train,ACYCLIC:CCCCCCCCOS(=O)(=O)O
mol_8d5ae6a1b8691781,train,c1ccccc1
mol_8d5bc7f296df85bc,train,O=C(CN1CCN(C(=O)c2ccccc2)CC1)N1CCOCC1
mol_8d6a094cad14e640,train,O=C(NNC(=O)c1ccccc1)c1ccccc1
mol_8d7254738458d0d1,train,C1CCC(OC2CCCO2)OC1
mol_8d90ea19ad50e57b,train,c1ccc(-c2cncnc2)cc1
mol_8d94afed9a452bb9,train,C1CC2OCOC2O1
mol_8da9643c8da43482,train,c1ccccc1
mol_8db1f1e53dc493bf,train,C1COCOC1
mol_8dbce83dd566935f,train,c1ccc(-c2ccnn2-c2ccccc2)cc1
mol_8dc3c62e63dff04b,train,c1ccccc1
mol_8dd2d63cc1c54b26,train,C=C1CC2C=CC1C2
mol_8dddc907c0829ef9,train,c1ccc(C2CCCCC2)cc1
mol_8e1535f96e1a35eb,train,ACYCLIC:CCCCCCC(C)(C)S
mol_8e19e308e759bd76,train,c1csc(CCNC2CCc3ccccc3C2)c1
mol_8e1d8504299be233,train,c1ccc(CNc2ncccn2)cc1
mol_8e2c91acbd49d80f,train,C1=C2c3cccc4[nH]cc(c34)CC2NCC1
mol_8e2f524edad6afc4,train,c1ccccc1
mol_8e3be2611551834c,train,c1ccccc1
mol_8e3e15981967edd9,train,c1ccccc1
mol_8e3f94d03eae3629,train,c1ccccc1
mol_8e57432d76431ae6,train,N=c1[nH]c(=O)c2nc[nH]c2[nH]1
mol_8e58943e0a19095f,train,ACYCLIC:O=C(O)C(F)(F)C(F)(F)C(F)(F)C(F)(F)C(F)(F)C(F)(F)C(F)(F)C(F)(F)F
mol_8e6a23cc70324935,train,c1ccccc1
mol_8e753f61b43f1287,train,O=c1ccn(C2CC2)c2cc(N3CCNCC3)ccc12
mol_8e8ec6a247a18131,train,S=c1[nH]cnc2[nH]cnc12
mol_8ea4e0666ea58d8f,train,O=C(CNC1CC2CCC(C1)N2c1ncccn1)N1CCCC1
mol_8eb276ceb9ae3906,train,c1ccc2cnncc2c1
mol_8ecbdba6b5b7d65f,train,ACYCLIC:CCCCN(CCCC)C(=O)N(CCCC)CCCC
mol_8ed115a478cc9e2e,train,c1ccccc1
mol_8f15a37498f294d7,train,O=c1sc(=Nc2ccccc2)n2n1CCCC2
mol_8f2d1ee68a8f7c85,train,ACYCLIC:CCCCCCC(=O)O
mol_8f2e183d6fbd70f0,train,c1ccccc1
mol_8f3222b8003e3443,train,c1ccc(-c2c[nH]cn2)cc1
mol_8f6f6aa04ba5f1d3,train,C1=CC(c2cccc3nonc23)C=CN1
mol_8f72fce1b673a21c,train,O=C(NCC1CCCCN1)c1ccccc1
mol_8f7a55da6f50be0d,train,O=c1c2ccccc2sc2ccccc12
mol_8f7c4078dd4a71ee,train,ACYCLIC:CO[Si](C)(C)OC
mol_8f88caadb955e1ff,train,c1ccc(CCN2CCC(Cc3ccccc3)CC2)cc1
mol_8f8bf370ec73d55c,train,c1ccccc1
mol_8f8c96c2ff82d420,train,O=C(NC1CCN(CCc2c[nH]c3ccccc23)CC1)c1ccccc1
mol_8f916a73cc33ddf0,train,ACYCLIC:ClCOCCl
mol_8f98a5acfdc392e4,train,c1ccc(Cn2ccnc2)cc1
mol_8faca8384132c620,train,c1coc(Cn2cccc2)c1
mol_8fae833df1b6f140,train,c1c2c(cc3c1OCO3)CNCC2
mol_8fafdc68c8753faf,train,O=C1C=C2CCC3C4CCC(=O)C4CCC3C2CC1
mol_8fbf0cfb4a436756,train,ACYCLIC:CCCCC(CC)COP(=O)(OCC(CC)CCCC)OCC(CC)CCCC
mol_8fc011cb6899ade5,train,O=C1CN=C(c2ccccn2)N1
mol_8fc825882272a530,train,c1ccc2c(c1)Sc1ccccc1N2CC1CN2CCC1CC2
mol_8fceb209296371ec,train,ACYCLIC:CCCCCCCCSCCO
mol_8fd114637cd28cac,train,c1ccc(CC2CCCC2)cc1
mol_8ff1805506f4e378,train,O=C1CCC2C1CCC1C3CCCCC3=CCC21
mol_8ff4b6324a457c57,train,O=C(OCCc1ccccc1)c1ccccc1
mol_8ff9f1568dd56e41,train,O=C(CCc1ccccc1)c1ccccc1
mol_8ffee57492bc2de2,train,ACYCLIC:C/C=C/C=C/CO
mol_900e202744875aec,train,C1CCCCCCCCCCC1
mol_901cb42be5cc3348,train,O=c1cnn(C2CCCO2)c(=O)[nH]1
mol_9021ef69faffdceb,train,ACYCLIC:CCCC(C)CO
mol_9031d39e682e0432,train,C1=Cc2ccccc2C1=Cc1ccccc1
mol_9041e48979080952,train,c1ccccc1
mol_904a7fb4e0dd31cc,train,c1ccccc1
mol_904a9beff004a338,train,c1ccccc1
mol_905fe4e6e8a53b77,train,C1CCC(C2CCCCC2)CC1
mol_9069afaf57d72819,train,c1ccccc1
mol_906a313620ccc79d,train,C1=C2CC(OC3OCCC(OC4CCCCO4)C3OC3CCCCO3)CCC2C2CCC3C(CC4C3CC3CCCCN34)C2C1
mol_9070ed7f57b8d4bd,train,C1CCC(OC2CCCO2)OC1
mol_907a5d699de7ec0c,train,ACYCLIC:C=C(C)C(=O)OCC(C)O
mol_907c5669df359115,train,ACYCLIC:NCCNCCN
mol_90879436de220b53,train,ACYCLIC:C=CC(C)=O
mol_908c711887c97296,train,O=[PH](Oc1ccccc1)Oc1ccccc1
mol_9090178b8b87a0c5,train,O=C1c2ccccc2C(=O)C1C(=O)C(c1ccccc1)c1ccccc1
mol_9090c735a7aeae8c,train,O=c1cc[nH]cn1
mol_90a316955dd2236d,train,O=C1Nc2ccccc2C(C#CC2CC2)O1
mol_90a5cc14435eced9,train,ACYCLIC:[Cl][Sn]([Cl])([Cl])[Cl]
mol_90b2f8cb22ae68f8,train,ACYCLIC:OCCCCCCCl
mol_90b3acc71365916b,train,c1ccccc1
mol_90b580cc034e55e9,train,c1ccccc1
mol_90c4c0c15e5fda6f,train,O=C1NC2CSCC2N1
mol_90d8db8563b8dacd,train,O=C(C1CCCCC1)N1CC(=O)N2CCc3ccccc3C2C1
mol_90e49ff3fece819f,train,c1ccccc1
mol_90e8ae2672df5766,train,O=C1c2ccccc2C(=O)c2cc3c(cc21)CCCC3OC1CCC(OC2CCCCO2)CO1
mol_90ebfbf763ba5331,train,ACYCLIC:CC(C)CC(C)O
mol_90f380b99d5d4419,train,O=S1(=O)OC(c2ccccc2)(c2ccccc2)c2ccccc21
mol_9103e594c120bb85,train,c1ccccc1
mol_91070be6aaaa2b2e,train,C1CC2OCOC2O1
mol_91199ff35e381570,train,O=C(c1cn[nH]c1)c1cccc(C2=NOCC2)c1
mol_911e48552750e5c9,train,c1ccccc1
mol_9123714666aa8855,train,ACYCLIC:CNC(=S)S
mol_9132f9385afa0c13,train,ACYCLIC:CCCCCCCCCCCCCC/C(O)=N\C(CO)CCCCCCCCCCCCCC
mol_913855cbc5817517,train,c1ccc(C2CN3CCSC3=N2)cc1
mol_9168cc645714b98c,train,ACYCLIC:CCC(C)(CCCC(C)C)OC(C)=O
mol_916bb44ce248936f,train,ACYCLIC:O=P(O)(O)CN(CP(=O)(O)O)CP(=O)(O)O
mol_9176053c0500afac,train,c1ccccc1
mol_917936b4451342ea,train,O=S(=O)(NC1CCc2[nH]c3ccccc3c2C1)c1ccccc1
mol_9184c71cf553feec,train,O=c1sc2ccccc2cc1C1CC(c2ccc(-c3ccccc3)cc2)Cc2ccccc21
mol_9194e1ad6831ebe3,train,ACYCLIC:C=COCCOCCOCCOC=C
mol_91a3cd025fca1157,train,ACYCLIC:NC(CS)C(=O)O
mol_91acfd093444cbd6,train,c1ccccc1
mol_91cff8268b771d5e,train,ACYCLIC:C=CCCCCCCCCCCCCCCCC
mol_91d0663fa256d57b,train,C(=Cc1[nH+]c2ccccc2s1)C=C1Nc2ccccc2S1
mol_91ebfd820740c2dc,train,O=C(Nc1ccc(OCCN2CCOCC2)c2ccccc12)Nc1ccnn1-c1ccccc1
mol_91f2e922c334a729,train,ACYCLIC:CCCCCCCCCCCCC(=O)O
mol_91fc108bf5266bf6,train,O=C(c1ccccc1)c1coc2ccccc12
mol_921c6e0aa74467cb,train,O=C1C(NCCCc2ccccc2)CCCN2CCCCN12
mol_921e8c8807fd807f,train,c1ccc(Nc2ccnc3cc(OCCCN4CCNCC4)ccc23)cc1
mol_921f0a77b2051d27,train,ACYCLIC:CCCN(CCC)C(=O)SCC
mol_925cc411b0c3e141,train,ACYCLIC:CC(Br)C(=O)O
mol_927617f46f2fe026,train,C=C1CC2CCC1C2
mol_927795ebe6169f7b,train,ACYCLIC:CCCCCCCCCCCC
mol_927d586e7c04158f,train,O=C1C=C(C2CCC3C2CCC2C4CCC(OC5CCCCO5)CC4CCC23)CO1
mol_9283ecdd3eb9aad1,train,O=C(CNc1ccccc1)OCc1cccc(Oc2ccccc2)c1
mol_92863820584787b1,train,O=C(OCCN1CCOCC1)c1cccnc1Nc1ccccc1
mol_928b59c2a28e6a58,train,c1ccc2cnccc2c1
mol_9299eb0161fc3683,train,ACYCLIC:CCCCCCCCCI
mol_92a25739aebde477,train,ACYCLIC:CC(C)C(=O)O
mol_92a2c2ef51bd058e,train,O=C(NC1CCN(C2CC2)CC1)c1nc2ccccc2n1Cc1cc(-c2cccs2)on1
mol_92af5d931b6097a4,train,ACYCLIC:CCC[N+](CCC)(CCC)CCC
mol_92b349928b9f40fc,train,O=c1[nH]c2ccccc2o1
mol_92b43966c7f0af5f,train,O=C1C=CC(=O)N1c1ccc(Cc2ccc(N3C(=O)C=CC3=O)cc2)cc1
mol_92d55b1235ab96ae,train,c1ccc(CCc2cnc3ncncc3n2)cc1
mol_92fa6742c1d515e0,train,c1ccccc1
mol_92ff7d79816cfe7c,train,ACYCLIC:N[C@@H](COP(=O)(O)O)C(=O)O
mol_930195661774a716,train,O=c1ccn(-c2ccccc2)c2cc(N3CCNCC3)ccc12
mol_9303fbf4422cb921,train,ACYCLIC:N=C(N)N
mol_932305a3638c7dfc,train,c1ccc2c3c([nH]c2c1)COCC3
mol_9355c3ae26236f61,train,ACYCLIC:CCCCCCCCOC(=O)CCCCCCCCC(=O)OCCCCCCCC
mol_9356d704927a6f3e,train,ACYCLIC:C=CCOC(C)=O
mol_93632dec19bbe969,train,c1ccccc1
mol_93649a41206af5a4,train,O=C1CC(c2ccc3c(c2)OC(c2ccccc2)CO3)Oc2ccccc21
mol_936581eb7ead2513,train,ACYCLIC:CCCCC/C=C\CCC=O
mol_93752e314e066bf8,train,c1ccc2nc(N3CCCNCC3)ncc2c1
mol_9388477b7f8aef94,train,c1ccccc1
mol_938a783c4e867ddf,train,c1ccccc1
mol_9392134eaa5c2784,train,c1ccc(-n2cncn2)cc1
mol_93999da93957b5b9,train,c1ccccc1
mol_93a8e0895b49fa5a,train,O=C(Cc1ccccc1)OCc1cccc(Oc2ccccc2)c1
mol_93a927ebde72a386,train,c1ccccc1
mol_93aba6c8c54c7ae1,train,O=C(NC1OC2C3CCCN3C(=O)CN2C1=O)C1C=C2c3cccc4[nH]cc(c34)CC2NC1
mol_93abb34361e65d5f,train,O=C(C(=O)c1ccccc1)c1ccccc1
mol_93ac94d10a2f5a38,train,C1=C2CCC3C4CCCC4CCC3C2CCC1
mol_93bec360e87ef892,train,O=C(OCC1CCCC[NH2+]1)C(c1ccccc1)c1ccccc1
mol_93c73f212c1c5eb8,train,c1ccccc1
mol_93d262a55a168083,train,c1ccc(CNc2ncccn2)cc1
mol_93daf48f0cec1a5f,train,c1ccc(CC2=NCCN2)cc1
mol_93ef50d9f41ebe9f,train,ACYCLIC:CC(=O)OCCC(C)CC(C)(C)C
mol_93ef6da52be26bc0,train,c1ccccc1
mol_93f2d01132c62946,train,c1cc(C(c2ccc(OCC3CO3)cc2)c2ccc(OCC3CO3)cc2)ccc1OCC1CO1
mol_93f8cb3bf9b6c34a,train,O=C(c1ccccc1)c1coc2ccccc12
mol_94028d0820b0c944,train,c1ccccc1
mol_9403fe3032cddbf8,train,c1ccccc1
mol_941b90516c4f66f7,train,ACYCLIC:CC(CCO)CC(C)(C)C
mol_941cb6504f880395,train,c1ccccc1
mol_941e218970f5b0c1,train,ACYCLIC:C=CC(=O)OCC[N+](C)(C)C
mol_9431da47ad9431c6,train,ACYCLIC:O=S(=O)(O)CC(O)CCl
mol_9431dc748b893fe4,train,ACYCLIC:COCCO
mol_94327d2ba684821f,train,c1ccccc1
mol_943858a46c39f185,train,O=C1CCN2CCc3ccccc3C2C1
mol_9443b12676a9a363,train,c1ccc(N=[NH+]c2ccccc2)cc1
mol_9452f16d32fc221c,train,O=C1C=CCO1
mol_94531f3b6140bfe6,train,C1COCOC1
mol_9456ca59b910db1b,train,O=c1[nH]c2c(sc3ncc(-c4ccccc4)nc32)c(=O)n1CCCCN1CC2COc3ccccc3C2C1
mol_947bedc2153f6aed,train,c1ccccc1
mol_948d6ad58bc05313,train,c1ccc(C2CCNCC2)cc1
mol_94a50f76871a6fb3,train,O=C1C=CCC1
mol_94a66c7c370d79e8,train,O=c1nc(NS(=O)(=O)c2ccccc2)cc[nH]1
mol_94abeb0402add5a4,train,C=C1CN2C(=O)CC2O1
mol_94ba12d9c0be9441,train,O=C(CCC(=O)OC1CCCCC1)OC1CCCCC1
mol_94c0eb1ab8231a68,train,O=C(Cc1ccccc1)NCc1ccccc1N1CCCCC1
mol_94d8944e047d3710,train,c1ccccc1
mol_94fd12b376ddf749,train,c1ccc2[s+]c3ccccc3nc2c1
mol_95234139602a447f,train,O=C(C=Cc1ccccc1)OC1CCC23CC24CCC2CCCC2C4CCC3C1
mol_95266b84d5c44720,train,O=C(c1ccccc1)c1coc2ccccc12
mol_953419ff59925c74,train,ACYCLIC:C[N+](C)(C)CCOC(N)=O
mol_9540acf930c99c9d,train,ACYCLIC:COC(=O)C(Cl)C(=O)OC
mol_9543426308ee3705,train,ACYCLIC:COC(C)=O
mol_954464ab2ea44fcb,train,O=c1cc(CCN2CCN(c3nccc4sccc34)CC2)c2ccccc2[nH]1
mol_955b83b8ec1e828f,train,c1ccc(N=Nc2ccc3ccccc3c2)cc1
mol_9575ad146d85dda7,train,c1ccc2cc3c4ccccc4c4ccccc4c3cc2c1
mol_957e5a6e99d8f791,train,c1ccc2c(c1)CC(C1=NCCN1)O2
mol_9581bbec867a175b,train,ACYCLIC:CC(C)=CCCC(C)CC(=O)O
mol_958f631bf9e733b1,train,c1ccc(CCNc2nc(-c3ccccc3)cs2)cc1
mol_9594d6554481ae70,train,c1ccc(C(Cn2cncn2)Cn2cncn2)cc1
mol_95adc300202115f5,train,c1ccc(C2CCNCC2)cc1
mol_95bdfc6f1c4647b8,train,c1ccccc1
mol_95be970f9f4f3483,train,ACYCLIC:CCC(N)(CO)CO
mol_95cf1902e3d5f3cf,train,O=C(OCCNCCC(c1ccccc1)c1ccccc1)C1=CNC=CC1c1ccccc1
mol_95d1abc28e125a92,train,c1ccccc1
mol_95deb211f35cc492,train,c1ccc(CSCc2ccccc2)cc1
mol_95ebf5037e5f2712,train,O=C(Nc1nccs1)C1=Cc2ccccc2S(=O)(=O)N1
mol_95fae3fbf31cf8bd,train,c1ccccc1
mol_96018e7699b8040d,train,c1ccc(CCn2cncn2)cc1
mol_960304790e2ff801,train,O=C(Nc1ccccc1)C1CCCCN1
mol_961e21bf96a8deb2,train,ACYCLIC:COC(C=C(C)CCC=C(C)C)OC
mol_9624b668233fa740,train,c1ccc(C2CCCC2)cc1
mol_962877a008092020,train,ACYCLIC:CCCCCCCCCCCCCCCCCCOCC(O)CO
mol_96378a1aeef78528,train,c1nc2c(s1)CCNCC2
mol_9647662795ca0477,train,ACYCLIC:CCC(CO)(CO)[N+](=O)[O-]
mol_965dc5de43c9f54b,train,c1ccc(OCC2CO2)cc1
mol_9661f4a58960309d,train,O=c1c(-c2ccccc2)coc2ccccc12
mol_966c4756568ce338,train,c1ccc(NCCCc2cccnc2)cc1
mol_9674ff6cb9e41351,train,c1ccccc1
mol_9691fb0a591318b1,train,c1ccccc1
mol_96a100a4dc71ae6a,train,ACYCLIC:CCCCC(CC)COP(=O)(O)O
mol_96a783c498f76b2d,train,c1cnc(N2CCN(Cc3ccc4c(c3)OCO4)CC2)nc1
mol_96bc7a1615a89d18,train,c1ccc(COCC(OCc2ccccc2)C2OCCC2OCc2ccccc2)cc1
mol_96bca08c1d891865,train,c1ccc(Nc2ccc3ccccc3c2)cc1
mol_96c652d8ab2e5765,train,O=C1CCCCO1
mol_96ca4035af4e678e,train,S=C(Nc1ccccc1)Nc1ccccc1
mol_96d0a3293f1c5893,train,c1ccc(C2CC2)cc1
mol_96db43640c4790ed,train,c1ccc(-c2cc(CCCCCCc3ccc(OC4CCCCO4)c(-c4ccccc4)c3)ccc2OC2CCCCO2)cc1
mol_96e2bca98772340e,train,O=C(OCCNCc1ccccc1)C1=CNC=CC1c1ccccc1
mol_96f349e1b49b49e9,train,O=C1CCC(c2ccccc2)CC1
mol_971aaa1859aa8ad7,train,c1ccccc1
mol_972ab398d921916a,train,ACYCLIC:CCOCCC(=O)OCC
mol_9730ad983d7ccde2,train,c1ccc2nccnc2c1
mol_973c11f7576ff9ac,train,c1ccc2c(c1)Sc1ccccc1N2CCCN1CCCCC1
mol_973c39872d3dcc7c,train,ACYCLIC:CC(COCCO)OCCO
mol_974dba0817668296,train,c1ccccc1
mol_974fe51536aaf582,train,c1ccccc1
mol_9750ae63c7304fa2,train,c1ccc2snnc2c1
mol_975b2e37c5073f49,train,O=c1ncccn1C1CCCO1
mol_97642cc7ae2faff0,train,ACYCLIC:O=C(O)CN(CC(=O)O)CC(=O)O
mol_97646b5045f955dd,train,c1ccccc1
mol_976b7e5878357648,train,O=C(NCC1CN(Cc2ccccc2)CCO1)c1ccccc1
mol_9773c8d6fba2917d,train,ACYCLIC:CC(C)C(C)(N)C#N
mol_977ee3c62305ad16,train,O=C1CCC(C=CCCOc2ccccc2)C1
mol_97cf97ff9dd99657,train,c1ccc(COc2ccc3oc(-c4nccs4)cc3c2)cc1
mol_97dac650b8172aa3,train,ACYCLIC:CCCCCC(C)=O
mol_97e710858eb7cd13,train,O=C(NC1C(=O)N2CCSC12)c1conc1-c1ccccc1
mol_97ecb9271cf9862a,train,c1ccccc1
mol_97f2cd9967ffff48,train,O=C(NC1OC2C3CCCN3C(=O)C(Cc3ccccc3)N2C1=O)C1CNC2Cc3c[nH]c4cccc(c34)C2C1
mol_97ff7cd2bef19819,train,c1ccccc1
mol_98151f13c1b88264,train,c1ccccc1
mol_98195c408e569e2c,train,O=c1cn[nH]c(=S)[nH]1
mol_9825ab8b417fbd33,train,O=C1CCCCO1
mol_9832751a60aa5d00,train,O=C(NS(=O)(=O)C=Cc1cccs1)c1ccccc1
mol_983f12ecf5b0c7b7,train,c1ccccc1
mol_98499e9f7a0f0a99,train,ACYCLIC:CCCCCCCCCCCCCCOS(=O)(=O)O
mol_985605470d2d9813,train,O=C1CC=NN1c1ccccc1
mol_98636b9160454e1c,train,O=C(OCC1OC(OC(=O)c2cccc(OC(=O)c3ccccc3)c2)C(OC(=O)c2cccc(OC(=O)c3ccccc3)c2)C(OC(=O)c2cccc(OC(=O)c3ccccc3)c2)C1OC(=O)c1cccc(OC(=O)c2ccccc2)c1)c1cccc(OC(=O)c2ccccc2)c1
mol_988b7a8cad536dfc,train,c1ccc(CCCCc2ccccc2)cc1
mol_988da01a2e7ae6dd,train,C(CCOCC1CO1)COCC1CO1
mol_989c11eed51e5d50,train,c1ccccc1
mol_98a5bfa4bdd1b6da,train,O=c1ccn(C2CC2)c2cc(N3CCNCC3)ccc12
mol_98b5c9a09a9c9ff4,train,c1ccccc1
mol_98babf13e4f7d7fa,train,c1ccc(CCCc2ccncc2)cc1
mol_98bd1632b065f7d3,train,c1ccccc1
mol_98be3a855f8beac0,train,O=C1CCN(c2ccccc2)N1
mol_98bfb5eee7206555,train,c1ccccc1
mol_98d066135681851b,train,c1ccccc1
mol_98d10daa5d2b7fbb,train,c1ccccc1
mol_98dbfab26124406f,train,c1ccccc1
mol_98e6196ecad07f45,train,c1ccc(-c2conc2-c2ccccc2)cc1
mol_98e9fff2786d0e4e,train,ACYCLIC:C=C(C)C(=O)OC(C)C
mol_98fb69fe02daaafc,train,c1ccccc1
mol_99157ed3e400f7ca,train,O=C(Cc1cccs1)NC1C(=O)N2C=CCSC12
mol_991d9b66b0d2db52,train,O=C(Nc1ccccc1)C1CCCN1
mol_992451a1a66d3007,train,ACYCLIC:C[N+](C)(C)CCCCCCCCCC[N+](C)(C)C
mol_993950c1a7369470,train,ACYCLIC:CCSC(=O)N(CC)CC
mol_995ca05d5ee73b15,train,O=C1CCCC1
mol_995caa997d48c8df,train,c1nc2c(s1)CCCC2
mol_9961407734489a28,train,c1ccccc1
mol_9961ea2cbb115a7b,train,ACYCLIC:CCOC(=O)C(C)O
mol_996f02c38d9c086e,train,ACYCLIC:OCCNCCO
mol_997a2aee9687aa7a,train,ACYCLIC:CCO[Si](CC(C)C)(OCC)OCC
mol_99846f2e2cea4689,train,C(=Cc1ccccc1)CN1CCN(C(c2ccccc2)c2ccccc2)CC1
mol_99938a0fd94f4d97,train,c1ccc(-c2[nH+]c3ccccc3c3ccccc23)cc1
mol_999c00fe7660d8e0,train,C1CSCCS1
mol_99a3ace4bcbaa307,train,O=C1C=CC(=O)c2ccccc21
mol_99ebf5718e52240d,train,O=c1[nH]cnc2ccccc12
mol_99f2d45059f24332,train,O=P(Oc1ccccc1)(Oc1ccccc1)Oc1ccccc1
mol_99f5ef27ce309269,train,O=c1ccn(C2CC2)c2cc(N3CC4CC3CN4)ccc12
mol_99f820d2a9b99132,train,O=C1C2C3CCC(C3)C2C(=O)N1CCCCN1CCN(c2ncccn2)CC1
mol_99fa11e5c8eaa97a,train,O=C1C(CC[SH+]c2ccccc2)C(=O)N(c2ccccc2)N1c1ccccc1
mol_99ffcd27ebd885d1,train,C1CCC1
mol_9a1168b2756e18c4,train,c1ccc(C(=C2CC[NH2+]C2)c2ccccc2)cc1
mol_9a1f243b4f4d9ae8,train,ACYCLIC:IC(I)I
mol_9a1f69dfdbf60613,train,c1ccc2sc(SN3CCOCC3)nc2c1
mol_9a26bde64b447933,train,c1ccc(C(Cn2cncn2)Cn2cncn2)cc1
mol_9a30d357ec65e8c4,train,ACYCLIC:CC(C)CC#N
mol_9a31f2145bfcd687,train,O=C(Nc1c[nH]n(-c2ccccc2)c1=O)c1cccnc1
mol_9a4eb66f14dfbbe1,train,ACYCLIC:CCCC(C)C(O)CC
mol_9a50ebc3b626ba1e,train,ACYCLIC:CC(C)CCCO
mol_9a54e7aeb65f5142,train,ACYCLIC:CC(=O)NCCCCCC(=O)O
mol_9a6be70973cca7f0,train,c1ccccc1
mol_9a75ba650d468db7,train,ACYCLIC:OCCOCC#CCOCCO
mol_9a7c15ad40f12eb3,train,C1CN1
mol_9a84393f9c3c418d,train,c1ccccc1
mol_9a865e8670ff05bd,train,ACYCLIC:O=CCCCC=O
mol_9a9074d592ce3665,train,O=S(=O)(Nc1ncccn1)c1ccccc1
mol_9a9327e5659f6120,train,c1cc[c]([Bi]([c]2ccccc2)[c]2ccccc2)cc1
mol_9aa6ed6fc7b5795c,train,c1ccccc1
mol_9ad151ded1e7f603,train,ACYCLIC:CN(C)C(=S)SC(=S)N(C)C
mol_9ad468d187b87c3c,train,c1ccc(CCOC2CCC(Nc3[nH]cnc4nncc3-4)CC2)cc1
mol_9ad4ef78c493cff9,train,c1ccccc1
mol_9ae2f5d8d2801158,train,O=C1C(=C2Nc3ccccc3C2=O)Nc2ccccc21
mol_9ae89e04809c1b0a,train,O=C(CCc1cc2c(s1)-n1cnnc1CN=C2c1ccccc1)N1CCOCC1
mol_9b0c75e4f1a6d851,train,c1ccccc1
mol_9b2d899921bbeec7,train,O=C1CCC(=O)O1
mol_9b2fac7c02c94650,train,O=c1[nH]cnc2nc[nH]c12
mol_9b3fa5ecbcaf7f1f,train,c1ccccc1
mol_9b479e461fb420cb,train,c1ccc(C2CCC(N3CCC(c4ccccc4)CC3)CC2)cc1
mol_9b4dba62176bea50,train,O=S1(=O)c2ccccc2Nc2ccccc21
mol_9b5e6b3ae5dd9433,train,c1nncs1
mol_9b66fe542672d8fe,train,O=C(C(C1=NCCc2ccccc21)c1ccccc1)N(CCc1ccccc1)CCc1ccccc1
mol_9b6fb8ae60c1f19f,train,c1ccccc1
mol_9b741446cc0d6fa7,train,ACYCLIC:O=C(NCO)NCO
mol_9b79919e7604cc3b,train,c1ccc(-n2ccnc2)cc1
mol_9b7e5637bf8522bb,train,S=C1SCN(Cc2ccccc2)CN1Cc1ccccc1
mol_9b803d2dfc1a60cd,train,c1ccccc1
mol_9b851d7a31198eed,train,ACYCLIC:CC(C)=CCC/C(C)=C\CO
mol_9b872a79fad4eab7,train,c1ccccc1
mol_9b8998243f964771,train,ACYCLIC:C[Si](C)(C)C
mol_9b8b1231c4585e8e,train,N=C(C(=O)NC1CNC1=O)c1cscn1
mol_9b8d81c3250142ad,train,O=C(Nc1ccc2[nH]ccc2c1)c1cc2ccccc2n1Cc1ccccc1
mol_9b9267a13d90e3e7,train,c1ccccc1
mol_9b966b43664a57b3,train,c1ccccc1
mol_9b98bdf40c079d3e,train,C=C1C[NH+]2CCC34c5ccccc5N5C=C6C7CC8[NH+](CCC89c8ccccc8N(C=C(C1CC23)C54)C69)CC7=C
mol_9bad0487f7e7b112,train,C=C1c2ccccc2COc2ccccc21
mol_9bc0d88763ffdc71,train,ACYCLIC:N#CNC#N
mol_9bca7a69dc5ed060,train,c1ccc(NC2=NCCN2)cc1
mol_9bcaaa45ecd73322,train,O=S(=O)(NCc1ccccc1)c1ccccc1
mol_9bdea3dd72f00692,train,c1ccccc1
mol_9be2b68187176cbb,train,c1ccccc1
mol_9be2f5a699150e83,train,c1cnc2cc3c(cc2n1)C1CNCC3C1
mol_9be369de82144f44,train,c1ccccc1
mol_9be4eb5b778382c1,train,ACYCLIC:FB(F)F
mol_9befda2b08e772dc,train,c1ccc(-c2cccc(-c3ccccc3)c2)cc1
mol_9c0845c98a96dc7a,train,c1cc[c]([Hg][c]2ccccc2)cc1
mol_9c0d4dcb66afee9f,train,c1ccccc1
mol_9c0eb8eba6b18cae,train,c1ccccc1
mol_9c19a0ee7dfc2d62,train,ACYCLIC:CCC(Cl)C(Cl)C(Cl)CC(Cl)C(Cl)C(C)Cl
mol_9c1a3226f45b55f7,train,ACYCLIC:CCCCCCC(O)CO
mol_9c2b622191f9487a,train,c1ccccc1
mol_9c2f79081fc31ff3,train,O=C1NCCN1
mol_9c3a67922b68869e,train,ACYCLIC:NC(=S)NNC(N)=S
mol_9c462b9efb20664b,train,c1ccccc1
mol_9c692ca025f34e33,train,O=C1CCNCC1
mol_9c76487d69522389,train,C(=Cc1nc(C2CCC2)cs1)c1ccccc1
mol_9c7d62bbf54d6a8a,train,c1cc(OCC2CO2)ccc1Cc1ccc(OCC2CO2)cc1
mol_9c8633a3998bd6cd,train,O=C1C=C2CCC3C(CCC4C(OC(=O)CCC5CCCCC5)CCC43)C2CC1
mol_9c91de0a46f0501d,train,O=c1ccn(C2CC2)c2cc(N3CCNCC3)ccc12
mol_9caf053bf85d285a,train,ACYCLIC:CCCCCCOC(=O)CCC
mol_9cb41f926a4386d7,train,C1CC2OCC1OC1CCC(CO1)OC1CCC(CO1)OC1CCC(CO1)OC1CCC(CO1)OC1CCC(CO1)O2
mol_9cb4a244bd197762,train,c1ccccc1
mol_9cbc0a777a3b0677,train,ACYCLIC:C=CCSSCCC
mol_9ccabfdad0712845,train,O=c1[nH]c(=O)c2[nH]c(C=Cc3ccccc3)nc2[nH]1
mol_9cd7e9ee50aa162b,train,ACYCLIC:CN(C)CCC#N
mol_9cdc566d4f07dae5,train,c1cnn(-c2ncc3ncn(C4CCCO4)c3n2)c1
mol_9cddd02607a48754,train,c1ccccc1
mol_9ce10a81c7cc7151,train,c1ccc(C(CCCN2CCCCC2)c2ccccc2)cc1
mol_9ce39a62e681f967,train,c1ccccc1
mol_9ce7e75a18c00c67,train,ACYCLIC:CC(=O)C(Cl)C(=O)N(C)C
mol_9cf1fd2205596dc7,train,c1ccccc1
mol_9cf845fa56846537,train,c1cc2c3c(cccc3c1)CC2
mol_9cfd9cc966551c67,train,c1ccccc1
mol_9d0a684cc329baa0,train,C1=COC(OC2CCC(OC3CCC(OC4CCC(OC5CCC(OC6CCC7OCC6O7)OC5)OC4)CC3)OC2)CC1
mol_9d197f30eecc8966,train,ACYCLIC:CC(C)CON=O
mol_9d24faff45b1de36,train,c1ccccc1
mol_9d3209ea16f8432c,train,O=C(OCCCN1CCCCC1)c1ccc(OC2CCCCC2)cc1
mol_9d38447081787647,train,O=C(C[PH](=O)CCCCc1ccccc1)N1CCC(C2CCCCC2)C1
mol_9d4f58ccf3f7958a,train,O=C(OCc1coc(=O)o1)c1cncn1Cc1ccc(-c2ccccc2-c2nn[nH]n2)cc1
mol_9d5b236778d761b6,train,ACYCLIC:CCCCCCCCCCCCCl
mol_9d5b2e3a520bd7c4,train,c1ccccc1
mol_9d62df8342c5ca25,train,O=C(NCNC(=O)NC1NC(=O)NC1=O)NC1NC(=O)NC1=O
mol_9d783112a309c46a,train,ACYCLIC:CC[N+](C)(CC)CC
mol_9d7abb872b9cbb4c,train,ACYCLIC:[Cl][Dy]([Cl])[Cl]
mol_9d8f7b1b8c37c199,train,c1ccccc1
mol_9d9156b3326459dd,train,c1ccc(C(c2cncnc2)C2CC2)cc1
mol_9d93e5befea3fd75,train,C1=C2CC3CCC2(CCC1)C3
mol_9db349a1f38d1f38,train,c1ccccc1
mol_9db42cc3cccbdcab,train,c1ccc(CNc2[nH]cnc3ncnc2-3)cc1
mol_9db88c05897ab8e4,train,ACYCLIC:CCOC(=O)CC(C)=O
mol_9dbb78d3d43849cc,train,ACYCLIC:C=CC(=O)OCC(COC(=O)C=C)(COC(=O)C=C)COC(=O)C=C
mol_9dbc73876ad8cf94,train,O=C1CCC(c2cccnc2)N1
mol_9dd534cda9cb93b5,train,c1ccc2c(c1)c1c3n2CCNC3=NCC1
mol_9dd6477011e170df,train,ACYCLIC:C[N+](=O)[O-]
mol_9de5cb00381b27d3,train,c1ccccc1
mol_9de63dd30dc90e89,train,c1ccc(Cn2ccnc2)cc1
mol_9de8cdfcd7e8b4b4,train,c1ccc(C2CCCc3ccccc32)cc1
mol_9df0f863ba2c6952,train,c1ccc2[nH]c(-c3cscn3)nc2c1
mol_9dfd66b00d15186d,train,ACYCLIC:CCN(CC)C(=O)N(CC)CC
mol_9e21e168109cc131,train,c1ccc(CON=C(Cn2ccnc2)c2ccccc2)cc1
mol_9e2960c10b0d9380,train,O=c1cc(NCC=CCOc2cc(CN3CCCCC3)ccn2)c1=O
mol_9e2a72c973091205,train,c1ccc(-c2nnc(-c3ccccc3)nn2)cc1
mol_9e3fb4383c650d3b,train,ACYCLIC:CC(O)COC(C)(C)C
mol_9e5090ef15a50006,train,ACYCLIC:CC(CN(CCN(CC(C)OCCO)CC(C)OCCO)CC(C)OCCO)OCCO
mol_9e66153791dc88b5,train,O=c1[nH]ncs1
mol_9e71e6086912ac88,train,O=c1[nH]cnc2[nH]cc(CN3CCCCC3)c12
mol_9e7c9fc51cf5985d,train,O=C1C=CC=CCCCCCCCCC=COC2Oc3ccc4cc(c5c(nc6ccccn65)c4c3C2=O)N1
mol_9e83cdffb6b60cd6,train,O=C1C=C2CCCCC2CC1
mol_9e9628a9ac16351b,train,c1ccc(CCCCNCCc2ccccc2)cc1
mol_9e96fbc760d5dafa,train,c1ccc2c(c1)[nH]c1ccccc12
mol_9e98faaddfd77f50,train,ACYCLIC:[Au+3]
mol_9eb14b386a23b37d,train,ACYCLIC:C=CCCC#N
mol_9ec23a4097d11725,train,ACYCLIC:CC/C=C/CCCCCCCCCCOC(C)=O
mol_9ec8127abe9530df,train,c1ccc(-n2cnnn2)cc1
mol_9ed3b73497b909ad,train,c1ccccc1
mol_9ed7dd0e25b0c833,train,O=C1NCCN1c1ccccc1
mol_9ef55e6c908472fd,train,c1ccccc1
mol_9ef7f1a4d22c6f86,train,c1ccccc1
mol_9efb310ae0496afe,train,ACYCLIC:CCCCCCCCCCCCBr
mol_9efc5c727d269579,train,c1ccccc1
mol_9f06465c2de44eb6,train,C=C1CC23CCC4C(C(=O)OC5CCCCO5)CCCC4C2CC(OC2OCCC(OC4CCCCO4)C2OC2CCCCO2)C1C3
mol_9f09c431f39b4d7c,train,O=C1C=CC2C(=C1)CCC1C2CCC2C1CC1OCOC12
mol_9f0a71cfda349a9c,train,c1ccccc1
mol_9f0ec90b241b036b,train,c1ccc2c(c1)Cc1ccccc1N1CCNCC21
mol_9f45431cced352b6,train,ACYCLIC:CCCCCCCCCCCCOCCCN
mol_9f5e898234616653,train,c1ccc2c(c1)CCNCC2
mol_9f5f47c5304470b2,train,ACYCLIC:CCCOCC(C)OCC(C)O
mol_9f85a78a24d918d1,train,O=C1CC=NN1c1ccccc1
mol_9f966e22485af24d,train,O=c1[nH]c2ccccc2n1C1CCN(CCCC(c2ccccc2)c2ccccc2)CC1
mol_9fa80f743c99ff3e,train,ACYCLIC:CNC(=S)NN
mol_9fbbec0a851e7a72,train,N=C1NC(=O)N(c2ccccc2)CS1
mol_9fc2f5e01813f7cd,train,O=C(CNC(=O)C(Cc1c[nH]c2ccccc12)NC(=O)C(Cc1ccccc1)NC(=O)CNC(=O)C(Cc1c[nH]c2ccccc12)NC(=O)C(Cc1c[nH]cn1)NC(=O)C1CCC(=O)N1)NCC(=O)N1CCCC1
mol_9fc7369193d89934,train,ACYCLIC:C=CC(N)CCC(=O)O
mol_9ff20ac775739a12,train,c1ccccc1
mol_9ffa7b80c0a82b9b,train,c1ccccc1
mol_a001ab0fc1287ca4,train,O=C1CCC=NN1
mol_a00ba005fe739261,train,C1=C2C3CC4OC5(CCC4C3CCC23CC32CCC(OC3CCCCO3)CC2C1)OCC1OC15
mol_a00c1ff0db3c818c,train,ACYCLIC:C[CH2][Ge]([Cl])([CH2]C)[CH2]C
mol_a0105e01d2acd079,train,ACYCLIC:CCCCCCCCCCCCCCCC
mol_a0133e65ca6312bd,train,c1ccc2cc(N=Nc3ccc(-c4ccc(N=Nc5ccc6ccccc6c5)cc4)cc3)ccc2c1
mol_a0156c4d05f29875,train,ACYCLIC:C[SiH](O[Si](C)(C)C)O[Si](C)(C)C
mol_a020ff6fe6020ee3,train,c1ccccc1
mol_a021b5e01de3565b,train,O=C1OC(c2ccc(Oc3ccccc3)cc2)C(=O)N1Nc1ccccc1
mol_a0238f5c9685cecf,train,ACYCLIC:CC(C)(C#N)/N=N/C(C)(C)C#N
mol_a0317ba6cc0e08d4,train,O=C1C=C2CCC3C4C=CCC4CCC3C2CC1
mol_a042cb78019a74bb,train,O=C(Cc1ccccc1)NC1C(=O)N2C=C(C[n+]3ccccc3)CSC12
mol_a04f3ef98739bf8d,train,c1ccccc1
mol_a05258dd06757540,train,c1ccc(Cn2c(CN3CCCC3)nc3ccccc32)cc1
mol_a053f9c8460a6844,train,c1ccc2c(c1)CCO2
mol_a06a62473b97cdf1,train,ACYCLIC:CCOP(OCC)OCC
mol_a07688d2d26bbf68,train,ACYCLIC:CCCCCCCCCCOCC(O)CN
mol_a07bcb5da8d1f6ee,train,C1=C2C3CCCC3CCC2C2CCCCC2C1
mol_a09275fe0eb18f4a,train,C1=CCC2CC=CC2C1
mol_a0a3ba69e889ddd1,train,c1ccccc1
mol_a0abd5ea64548ff0,train,O=C(C=Cc1ccccc1)c1ccccc1
mol_a0acd8db25d8dc74,train,c1ccc2c(c1)-c1cccc3c1c-2cc1ccccc13
mol_a0ad0e77c6ef3973,train,O=C(NC1CCCCC1)NS(=O)(=O)c1ccc(CCNC(=O)c2ccccc2)cc1
mol_a0b686fe1c55cc84,train,c1ccccc1
mol_a0c0bbc74b7e1c19,train,c1ccc(Nc2nccc(Nc3ccc4c[nH]nc4c3)n2)cc1
mol_a0c58848a1749c88,train,c1ccccc1
mol_a0c94dafb5acf9de,train,ACYCLIC:CCOCCOCCOC(C)=O
mol_a0d0d09a97791535,train,ACYCLIC:CC(O)C#CC(C)O
mol_a0df7a606a7fe12b,train,O=C(NCCCNc1ncc2ccccc2n1)C1CCCO1
mol_a0ebc1a7eeb18ccb,train,ACYCLIC:CCCCCCO
mol_a0f41378ea956978,train,c1ccccc1
mol_a0fed1dee1cc886b,train,c1ccc(Cc2cncnc2)cc1
mol_a11c6472f6e214d9,train,ACYCLIC:ClC/C=C\CCl
mol_a13a31e623817666,train,c1ccccc1
mol_a13ac9b43631be05,train,O=c1ccn2c3c(cccc13)CCC2
mol_a14571c81f8477b3,train,ACYCLIC:COC(=O)[C@@H](N)CCCN/C(N)=N/[N+](=O)[O-]
mol_a14d6d2ff648bf25,train,O=C(OCCOCCOC(=O)c1ccccc1)c1ccccc1
mol_a15021c5b97e5a37,train,c1ccc(SCCSc2ccccc2)cc1
mol_a15518cc18b96ec8,train,O=C(Cc1ccccc1)Nc1cnc(N2CCCC2)cc1-c1ccccc1
mol_a157fecaaa912391,train,O=C1Nc2nc(Nc3ccc4c(c3)OCCO4)ncc2CN1c1ccccc1
mol_a1583b827b779bd7,train,O=C1c2ccccc2C(=O)c2c(Nc3ccccc3)cccc21
mol_a15a5a722bb3b044,train,O=C1OC(=O)C2CCCCC12
mol_a15b49fcc6cbf7e9,train,O=C1OC(=O)c2ccccc21
mol_a17b81ede93baf98,train,O=C(Nc1ccccn1)C1NS(=O)(=O)c2ccsc2C1=O
mol_a17e3cf5eb15d75b,train,O=c1ccn(C2C=CCO2)c(=O)[nH]1
mol_a1d5add9453f1b64,train,ACYCLIC:CC(=O)OCCOC(C)=O
mol_a1df2fc39577b286,train,ACYCLIC:CCCSP(=O)(OCC)SCCC
mol_a1dfd6ffac4fa674,train,c1ccccc1
mol_a1ec01b3e472d011,train,O=C1CCC2C(CCC3C4CCCC4CCC23)C1
mol_a1f814b8da9a7e8d,train,c1ccccc1
mol_a1fb3ff24aaa7cab,train,ACYCLIC:O=P(O)(O)OC(CO)CO
mol_a20b480c37f0ffab,train,ACYCLIC:CC(CN)CC(C)(C)CCN
mol_a2105432c6e55c26,train,O=C1CN2CCc3ccccc3C2c2ccccc2N1
mol_a211f11b68461d7f,train,c1ccc2[nH+]cc[nH+]c2c1
mol_a21568e234279b33,train,O=C(NCC1CCCCO1)C1CCCN1
mol_a21f8f4ea902da9c,train,c1ccccc1
mol_a22740e1c242c373,train,c1ccccc1
mol_a233769b9291e67b,train,[N+]=C1C=CC(=C(c2ccccc2)c2ccccc2)C=C1
mol_a245af486ca9907b,train,O=c1nc[nH]c2[nH]cc(CCc3ccccc3)c12
mol_a246a4023a5a39b2,train,c1ccc([SiH2]c2ccccc2)cc1
mol_a24b9377982343b2,train,c1ccccc1
mol_a25310c7027dba6a,train,C1CCCNCCC1
mol_a29362cd120c3cd3,train,c1ccccc1
mol_a2ad0eaa3743105a,train,O=C(NCC1CN(c2ccc(N3CCOCC3=O)cc2)C(=O)O1)c1cccs1
mol_a2ae5c6459d42ab1,train,c1ccccc1
mol_a2ae9b9177ddd101,train,c1ccc(Nc2ncccn2)cc1
mol_a2b07f78bfb8b4fb,train,O=C(OC1CCCCC1)c1ccccc1
mol_a2b6b1172db3266a,train,ACYCLIC:C=C(C)C(=O)OCCO
mol_a2bb2d21a69c6df7,train,C(#CC(c1ccccc1)c1ccccc1)CN1CCCC1
mol_a2bc692128239f0d,train,c1ccccc1
mol_a2ce3246db1291f3,train,C(=Cc1ccc(Nc2ncnc(Nc3ccccc3)n2)cc1)c1ccc(Nc2ncnc(Nc3ccccc3)n2)cc1
mol_a2cf247e5befc591,train,c1ccccc1
mol_a2d4cb63f7b85a06,train,c1ccccc1
mol_a2fcbbcc615f93fb,train,O=C1Cc2cc3n(c(=O)c2CO1)Cc1cc2cc(OC(=O)N4CCC(N5CCCCC5)CC4)ccc2nc1-3
mol_a303caaeb628e744,train,O=C(NCc1ccccc1)c1ccccc1
mol_a30743c350ab922a,train,O=c1ccoc2ccccc12
mol_a311bc3eeed192b8,train,O=C(COc1ccccc1)OCCCOC(=O)COc1ccccc1
mol_a31839a5777291a1,train,ACYCLIC:CN(C)CCN(C)CCO
mol_a31bd93950c58351,train,c1cnc2cc(NC3=NCCN3)ccc2n1
mol_a3223cf0e7d49aec,train,c1ccccc1
mol_a323cc265d04ef6c,train,O=C1CCCC(=O)C1C(=O)c1ccccc1
mol_a3433187c3ded94c,train,O=C1Cc2cc3n(c(=O)c2CO1)Cc1cc2ccccc2nc1-3
mol_a347a32fa2bcd9c3,train,ACYCLIC:OC/C=C/CO
mol_a34cd0f6929ee33c,train,O=C(C=Cc1ccccc1)OC1CCCC(OC(=O)C=Cc2ccccc2)C1
mol_a366160aacbad2f5,train,O=C1CN(N=Cc2ccco2)C(=O)N1
mol_a366b43c2b03984e,train,ACYCLIC:CCO[Si](OCC)(OCC)OCC
mol_a366fd308a28aa11,train,c1ccc2c(c1)OC1CCCC21
mol_a36a3dd4f68791cc,train,O=C1CCCCCCCCCCOCCCCO1
mol_a37afb09fd96cbdf,train,c1ccccc1
mol_a37c29e64ee28e45,train,O=C1CCC2C1CCC1C3CCCCC3=CCC21
mol_a37cb1c526e09cb8,train,ACYCLIC:CN(C)CCCCCCN(C)C
mol_a37f90e4091b9b9e,train,ACYCLIC:CCCCCC=CCC(=O)OC
mol_a39566cb84343894,train,ACYCLIC:CCCCC(=O)N(C)C
mol_a39cb44eef6ba1cf,train,O=C(NC(C(=O)NC1C(=O)N2C=C(CSc3nnn[nH]3)CSC12)c1ccccc1)c1cccnc1
mol_a3a4ba10d4bdfdfd,train,ACYCLIC:C=CCN(CC=C)CC=C
mol_a3a7614d95e272e5,train,c1ccccc1
mol_a3be642627652cc9,train,O=C1CCC(=O)O1
mol_a3ce4e25bf440901,train,O=C1CN=C(c2ccccn2)N1
mol_a3ec62c767a13987,train,ACYCLIC:CC(C)NC(C)C
mol_a3f4ab0cc95c93de,train,c1ccccc1
mol_a3f641612206d994,train,c1ccccc1
mol_a3f828c8c1022f3b,train,ACYCLIC:CCOC(=O)CC(SP(=S)(OC)OC)C(=O)OCC
mol_a400da01dbef528f,train,ACYCLIC:CCCCCCC(O)CCOC(C)=O
mol_a409247b38b29646,train,ACYCLIC:CCCCC(CC)COC(=O)CC(C(=O)OCC(CC)CCCC)S(=O)(=O)O
mol_a409e4e84785ae9d,train,ACYCLIC:C=CC(C)(C)C
mol_a40f4defb30e0048,train,ACYCLIC:O=C(O)P(=O)(O)O
mol_a4199e3d1264f86a,train,ACYCLIC:COC(=O)CCCC(=O)OC
mol_a41b02cd1de121b2,train,c1ccccc1
mol_a424a6c3af27c1b3,train,O=C(CCCN1CCN(c2ccccn2)CC1)c1ccccc1
mol_a42924c1516909a0,train,c1ccccc1
mol_a439380fb3626183,train,C1C2OC2C2C1C1CC2C2OC12
mol_a43cd50c2cb2ae1a,train,ACYCLIC:COC(=O)CCSCCC(=O)OC
mol_a44245cf05d52c4e,train,c1ccccc1
mol_a455b828ed6fc0a1,train,ACYCLIC:CCCCOCCOCCOCCO
mol_a459b990640aca00,train,ACYCLIC:CNC(=O)O/N=C(\C)C(C)S(C)(=O)=O
mol_a46083e4ee90df79,train,ACYCLIC:CCCCCCCCCCCC(=O)N(CC)CC
mol_a4677f860f80b6b3,train,O=S(=O)(Oc1ccc(N=Nc2ccc(-c3ccc(N=Nc4cccc5ccccc45)cc3)cc2)cc1)c1ccccc1
mol_a488ea0df0eea844,train,ACYCLIC:C=CC(C)(O)CC/C=C(/C)CCC=C(C)C
mol_a48b16c4f87244d5,train,O=C1C=CC2CCC3CC(=O)OC3C2=C1
mol_a4975d7d834bcaf5,train,ACYCLIC:CO[Si](OC)(OC)OC
mol_a4a088bdee8aab57,train,O=c1[nH]sc2ccccc12
mol_a4a7fb129ee696ab,train,c1ccccc1
mol_a4a9e56e747227ee,train,O=c1[nH]c(=O)c2c[nH]nc2[nH]1
mol_a4b6f164b427eb8c,train,ACYCLIC:[N-]=[N+]=CC(=O)OC[C@H](N)C(=O)O
mol_a4c98cf1d0b503f2,train,c1ccccc1
mol_a4cdaf3c44675b81,train,N=c1cc2n(-c3ccccc3)c3ccccc3nc-2cc1Nc1ccccc1
mol_a4cf7afcb82693f3,train,ACYCLIC:FC(F)OC(F)(F)C(F)Cl
mol_a4db01c8e6d8214b,train,O=C(C=Cc1ccccc1)c1ccccc1
mol_a4eaf7d13fac4bb1,train,ACYCLIC:CNC(=O)O/N=C/C(C)(C)[S+](C)[O-]
mol_a50a28efa77a5086,train,ACYCLIC:CCCC/C=C/C=C\C=O
mol_a5265cbf923173ec,train,c1ccc2c(c1)CCCN2
mol_a5327da4983b7176,train,c1ccccc1
mol_a539c05919d1806a,train,ACYCLIC:C=CC(=O)OCCCCCCCC(C)C
mol_a54056834620b3f7,train,c1ccccc1
mol_a54906010fba2246,train,c1ccc2c(c1)CC1NCCc3cccc-2c31
mol_a54fbf7db26ddc09,train,O=C(Nc1cccnc1)N1CCc2cc3[nH]ccc3cc21
mol_a562959326a9c971,train,ACYCLIC:O=C(O)CP(=O)(O)O
mol_a5676b91817830c1,train,c1nc(N2CCCCC2)c2ncnc(N3CCCCC3)c2n1
mol_a58cbddab1eba89d,train,c1ccc(C2CCN(CCC(c3ccccc3)c3ccccc3)CC2)cc1
mol_a592ba8299039e4f,train,ACYCLIC:ClC(Cl)(Br)Br
mol_a59673533f142702,train,ACYCLIC:O=CO
mol_a5995bf0d324433d,train,O=C1OCCC(=CNCc2cncnc2)S1
mol_a5a3e33ac2de610f,train,c1ccc(C2CN3CCSC3=N2)cc1
mol_a5bdf659775c50d7,train,ACYCLIC:C=CCOCC(O)CCl
mol_a5c4085ff82e0313,train,ACYCLIC:CCCCCCCC/C=C\CCCCCCCCOCCO
mol_a5d526ef925030da,train,c1ccc(Nc2ccnc3ccccc23)cc1
mol_a5d999932529d58e,train,ACYCLIC:CCCCC(CC)C(=O)O
mol_a5df97c52496750c,train,O=C1C=C2C=CC3C4CCCC4CCC3C2CC1
mol_a6285f15e95a59a4,train,c1ccccc1
mol_a62f868f402662a1,train,c1ccccc1
mol_a6415e7bcbc53896,train,O=c1c2ccccc2ncn1-c1ccccc1
mol_a64a232a02ba60bc,train,c1ccccc1
mol_a64ea7f70834dd08,train,c1cc(CCCc2ccncc2)ccn1
mol_a66020a6a536d60f,train,O=C(c1ccccc1)n1ccc2ccccc21
mol_a663d1fb1ce1e7bb,train,C1CC2OC2CC1C1CO1
mol_a6773e0a63bff945,train,c1ccccc1
mol_a67778d60a449609,train,ACYCLIC:CC(=O)NO
mol_a678c1a61052fdda,train,O=C(C=Cc1ccccc1)OCCOC(=O)C=Cc1ccccc1
mol_a6a2cc5d4b356395,train,O=C1C=C2C=CC3C4CCCC4CCC3C2CC1
mol_a6a3a54dd9b87a8a,train,ACYCLIC:C=C(C)C(=O)OC
mol_a6a3ca03ab171656,train,S=P(N1CC1)(N1CC1)N1CC1
mol_a6ab82d0cc5a32e3,train,ACYCLIC:CCOC(N)=O
mol_a6acadece4e5db3a,train,ACYCLIC:COC(=O)C(C)(C)C
mol_a6b6ad6ec3aca81c,train,ACYCLIC:CCCCCCCCCCCCCC
mol_a6b704f9d873b0a7,train,c1ccccc1
mol_a6b999baee99cdbf,train,c1ccc(SCSc2ccccc2)cc1
mol_a6cae4d7379e7c24,train,c1ccccc1
mol_a6cc199767a87d0c,train,c1ccc(COC(Cn2ccnc2)c2ccccc2)cc1
mol_a6d1fae3aed00ec6,train,c1ccc2c(CCC3CCNCC3)c[nH]c2c1
mol_a6d2f42f7f0449ed,train,ACYCLIC:O=C(O)[C@@H](S)[C@H](S)C(=O)O
mol_a6d7f82acf053a5c,train,ACYCLIC:CCC(C)=O
mol_a6ee443f062e1c8a,train,O=S1(=O)c2ccccc2C(c2ccc3c(c2)OCO3)=CN1c1ccccc1
mol_a6ff3a3014546c46,train,O=c1ccn(-c2ccccc2)c2nc(N3CC4CC4C3)ccc12
mol_a7085584e6d9a69f,train,c1ccccc1
mol_a7301a22f6e9a23b,train,c1ccc(-c2ccc3ccccc3n2)cc1
mol_a7381661bfdb3e2f,train,ACYCLIC:C=CS(=O)(=O)O
mol_a73c29e3e916dacc,train,ACYCLIC:CC(N)=O
mol_a73efe95637d93d8,train,c1ccccc1
mol_a7463ae046ce7bd1,train,c1ccccc1
mol_a749e6f2ee9fa8f3,train,O=c1ccn(C2CC2)c2cc(N3CCNCC3)ccc12
mol_a755019bbbf4f066,train,O=C1NC(=O)C(Cc2ccc(C(=O)CCc3coc(-c4ccccc4)n3)cc2)S1
mol_a755a9010c926c33,train,ACYCLIC:CCC(C)SSC(C)CC
mol_a765e0a4193e2481,train,O=C1c2ccccc2-c2n[nH]c3cccc1c23
mol_a766c3c4c03cf954,train,c1ccc2cc(-c3ccc4ccccc4c3)ccc2c1
mol_a7760c65456b309b,train,ACYCLIC:C=CC(=O)OCCC#N
mol_a77caf6327637d04,train,c1ccccc1
mol_a7859cf80a4a6e3b,train,c1ccccc1
mol_a78b2ce255ea44d4,train,C(=CC1CCCC1)CCOc1ccccc1
mol_a78ec1128bf1e4a6,train,c1ccccc1
mol_a7a81ce52b9c8431,train,ACYCLIC:CCN(CC)C(C)=O
mol_a7aea03dd83d5ed3,train,c1cc2ccc3cccc4ccc(c1)c2c34
mol_a7b4d663a799c818,train,O=S1(=O)CCCc2ccsc21
mol_a7bb5bc451986ead,train,c1ccccc1
mol_a7cc73a0db4769a3,train,c1ccc(CCCCNCc2ccc(-c3ccccn3)cc2)cc1
mol_a7ccdb0038d81e04,train,c1ccc(C2CNCCc3ccccc32)cc1
mol_a7cdae6a24f6e7fb,train,O=C1C=C2C=CC3C4CCCC4CCC3C2CC1
mol_a7d7f3025a8f12d4,train,c1ccccc1
mol_a7dbaf4da6a23056,train,ACYCLIC:O=C(O)/C=C/C(=O)O
mol_a7e2c1f058336a4c,train,c1ccccc1
mol_a7e2c680155bfdee,train,O=C(CCc1ccccc1)c1ccc(OC2OCCCC2OC2CCCCO2)cc1
mol_a7e97b1f8f7006f7,train,O=c1cccccc1
mol_a7f0bd9b05e5b010,train,c1ccccc1
mol_a80298a193bf2c0b,train,ACYCLIC:CCC(CN)CC(C)CCNCC(O)CNCC(C)CC(CC)CN
mol_a80b95b3ef924fd5,train,c1ccc2c(c1)CCc1cccc3c1C2CN1CCCCC31
mol_a80f38f85238da6c,train,c1c2c(cc3c1OCO3)CNCC2
mol_a816274fbc7281ec,train,C1=Cc2ccccc2NC1
mol_a81a5aa5832f0c6f,train,ACYCLIC:CCCCCCOC(=O)CCCCC(=O)OCCCCCC
mol_a8244e53707c3020,train,C1OCN2COCC12
mol_a82fc79a6183047c,train,O=S1(=O)CCCO1
mol_a82ffc75e025367b,train,c1ccccc1
mol_a83a26b026476aee,train,O=S1(=O)OC(c2ccccc2)(c2ccccc2)c2ccccc21
mol_a83dd0ccbffe39d0,train,ACYCLIC:I
mol_a86472a697f08f05,train,O=c1ocnc2ccccc12
mol_a87bf7a6221b6ab1,train,ACYCLIC:CCCCCCCCCCCCCC[P+](CCCCCC)(CCCCCC)CCCCCC
mol_a87e8abbaee031a0,train,O=C(c1ccccc1)c1cccs1
mol_a87ed5c2aa28ed23,train,c1ccccc1
mol_a88edc61e504112a,train,c1ccccc1
mol_a89b46159154069f,train,c1ccccc1
mol_a8a316f453b42d38,train,c1ccccc1
mol_a8a32ecd92639426,train,ACYCLIC:CCOS(C)(=O)=O
mol_a8a5299bf6abd16c,train,ACYCLIC:CCCOCCC
mol_a8acb945e0c9d958,train,O=C(C=Cc1ccccc1)c1ccccc1
mol_a8beec4f8974466e,train,O=c1oc2ccccc2cc1Cc1cc2ccccc2oc1=O
mol_a8d1f3da14ad6005,train,O=C(Oc1ccccc1)Oc1ccccc1
mol_a8e72cd4b8dfa80a,train,O=C(NC1N=C(c2ccccc2)c2cccc3c2N(CC3)C1=O)c1cc2ccccc2[nH]1
mol_a8ecdab7923fe628,train,c1ccccc1
mol_a8ef197eb1e69561,train,O=C(Nc1ccccc1)NC1CCCCC1
mol_a910e51b8ef4ac4d,train,ACYCLIC:ClCCl
mol_a926579096e31872,train,c1ccccc1
mol_a940b1f847c8ad52,train,c1ccccc1
mol_a9496f1543e11caf,train,ACYCLIC:CCCCC(CC)CCC(CC(C)C)OS(=O)(=O)O
mol_a94ca0fb70dccf45,train,ACYCLIC:CCCCCCCCCCCCCCNCCO
mol_a94cce7a08552094,train,O=C1Nc2ccccc2N(C(=O)CN2CCNCC2)c2cscc21
mol_a9510a47fbf4e3cd,train,ACYCLIC:CCCCC(CC)COP(=O)(O)OCC(CC)CCCC
mol_a97661d9260d026c,train,ACYCLIC:O=C(O)C(F)(F)C(F)(F)C(F)(F)C(F)(F)C(F)(F)C(F)(F)F
mol_a97d1aab664dcf11,train,O=C1CC(c2ccccc2)Sc2ccccc2N1
mol_a98a87e836dad929,train,O=C(NOCC1CC1)c1ccccc1Nc1ccccc1
mol_a98c2bb7af79ea37,train,ACYCLIC:CCS(=O)(=O)CCSP(=O)(OC)OC
mol_a992e5e56a458743,train,ACYCLIC:Cl/C=C\Cl
mol_a99406e8be01bf7c,train,ACYCLIC:NNC(N)=S
mol_a9b5f6c3e98db693,train,C=C(c1ccccc1)c1ccccc1
mol_a9b824efc5796b47,train,c1ccccc1
mol_a9bb02a9890afcb1,train,O=C(Nc1ncccn1)NS(=O)(=O)Cc1ccccc1
mol_a9bbc69cea45d149,train,c1ccccc1
mol_a9c91ba7949c4a36,train,ACYCLIC:CCCCC(CC)CNCC(CC)CCCC
mol_a9ce389b4f238472,train,C1CCC(NC2CCCCC2)CC1
mol_a9cf31f505b6d54e,train,O=C1NCNc2ccccc21
mol_a9d8aee66b7846b7,train,ACYCLIC:CC(=O)O[Si](C)(OC(C)=O)OC(C)=O
mol_a9dab5c90fbc34dc,train,c1ccc(CN2CCN(C(c3ccccc3)c3ccccc3)CC2)cc1
mol_a9dcb804276ff418,train,c1ccccc1
mol_a9de5eb9f55b8bab,train,ACYCLIC:C=C(CC(=O)O)C(=O)O
mol_a9f32493765670c6,train,C1CCC1
mol_aa03a83f4c5212e6,train,O=C(CCc1c[nH]c2ccccc12)NCC(=O)NCC(=O)NCCc1ccccc1
mol_aa0e4f20a9427f7c,train,ACYCLIC:C/C=C(\C)C(C)=O
mol_aa19d3d92caffd6c,train,c1ccc(-c2ncon2)cc1
mol_aa1d4317fe720270,train,ACYCLIC:N=C(N)S(=O)O
mol_aa2bd330a7496c47,train,c1ccccc1
mol_aa5130f1b438b19c,train,ACYCLIC:C=CCO
mol_aa54153d0497c493,train,ACYCLIC:[As]#[In]
mol_aa67df5223004e98,train,ACYCLIC:C[S+](C)[O-]
mol_aa71bf466a57146c,train,O=C1c2ccccc2Cc2ccccc21
mol_aa72512872f8a52f,train,ACYCLIC:COC(=O)CCCCC(=O)O
mol_aa776d017a7413ea,train,ACYCLIC:CCOC(C)=O
mol_aa83d5a4a89bc296,train,O=C(CC12CCCN1CCC2)Nc1ccccc1
mol_aa852d0f24f6e9d6,train,c1ccccc1
mol_aa97e95231aab91c,train,ACYCLIC:CCCCCCC(=O)OCC
mol_aa9a47a2b6a82217,train,O=C1c2ccccc2CN2C(=O)c3ccccc3CN12
mol_aaa6acb965f9408d,train,ACYCLIC:CCCCCCCCCCCC(C)=O
mol_aaab8afcf47f397a,train,O=C1C=C2CCC3C4CCC5(CCC(=O)O5)C4CC4OC43C2CC1
mol_aab525664729143e,train,O=C(NC1CCCCC1)NS(=O)(=O)c1ccc(CCN2C(=O)Cc3ccccc3C2=O)cc1
mol_aac828b305aeea26,train,O=P(Oc1ccccc1)(Oc1ccccc1)Oc1ccccc1
mol_aae0ab0ae404760e,train,c1ccccc1
mol_aaf3cbd52bafc2fb,train,c1ccccc1
mol_ab0a79a156d9ac23,train,c1ccccc1
mol_ab11d2c66328577f,train,C1CCC2(CO2)C(C2CO2)C1
mol_ab1dc0c53db8250c,train,ACYCLIC:NC(=O)NC(N)=O
mol_ab1de819ede91df4,train,ACYCLIC:CCO
mol_ab29b0792fa353d3,train,O=C(Nc1cccc2c(=O)cc(-c3nnn[nH]3)oc12)c1ccc(OCCCCc2ccccc2)cc1
mol_ab32e7fa06a3f265,train,ACYCLIC:OCCSCCO
mol_ab5754b604fa4110,train,c1ccccc1
mol_ab6106ba032618ff,train,c1ccccc1
mol_ab6b5da98f52bb59,train,O=C1C=C2C=CC3C(CCC4C3CCC43CCC(=O)O3)C2CC1
mol_ab729505b74c0db8,train,O=C(NN1CCCCCC1)NS(=O)(=O)c1ccccc1
mol_ab89ca6995a541a0,train,c1cc2ccc3ccc4ccc5cccc6c(c1)c2c3c4c56
mol_ab8f09fbaae8ac5a,train,c1ccccc1
mol_ab9139a165f23db4,train,c1ccccc1
mol_ab99e763c249dbbf,train,c1ccc2[s+]c3ccccc3nc2c1
mol_ab9a61d1d225e5c3,train,O=C(c1cccs1)N1CCC(c2ccccc2)CC1
mol_ab9f3f644cc89b5a,train,ACYCLIC:CC(=O)C(=O)CC(C)C
mol_ab9f5016a9ccf3a1,train,O=C(C(=O)c1ccccc1)c1ccccc1
mol_aba07cebf5a3ac67,train,c1ccc(Nc2ncncn2)cc1
mol_abb491bdac48b114,train,N=C(C(=O)NC1C(=O)N2C=C(CSc3nc(=O)cn[nH]3)CSC12)c1cscn1
mol_abb75c1241c69241,train,O=C(Cc1ccccc1)OC1CC2[NH2+]C(C1)C1OC21
mol_abbfe2935b834342,train,ACYCLIC:CCCCCCCCCCCCN
mol_abc5689329e30b9a,train,O=C(Nc1ccccn1)c1ccc2[nH]c(CNc3ccccc3)nc2c1
mol_abe6a8eadb8a9d64,train,ACYCLIC:CCCCCCCCCO
mol_abeccfa28d49cc45,train,c1ccc(CCCNCCc2ccccc2)cc1
mol_abf8e71a0cb31de5,train,ACYCLIC:CCCCCCCCCCCC(=O)N(C)CC(=O)O
mol_abfcbecbb5c031f4,train,ACYCLIC:CCCC(=O)OC(=O)CCC
mol_ac086e30893f7833,train,O=S(=O)(Nc1ccccn1)c1ccc(N=Nc2ccccc2)cc1
mol_ac0976888542f6ed,train,ACYCLIC:OCC(F)(F)F
mol_ac18bd0cfc60600c,train,c1ccc(-n2nc3ccccc3n2)cc1
mol_ac19d0e742bf9097,train,ACYCLIC:N[C@@H](CSSC[C@H](N)C(=O)O)C(=O)O
mol_ac1e2f5412fe39c0,train,ACYCLIC:C=COCC(C)C
mol_ac24c60c14754071,train,O=C1C=C2C=CC3CC2(O1)C1CCCCN31
mol_ac345419a8a5341a,train,c1ccc(C[NH2+]CCOCCOc2ccccc2)cc1
mol_ac350946e1025020,train,O=C1OCC(Cc2ccccc2)C1Cc1ccccc1
mol_ac4310c2671b430f,train,O=C1OC(CCc2ccccc2)CC=C1Sc1ccccc1
mol_ac45f5317855408b,train,C1=Cc2ccccc2C1=Cc1ccccc1
mol_ac4bea70f2c3519c,train,ACYCLIC:C=C(C)CNCC
mol_ac507b8a7a9d9575,train,O=C1CC2CCCC3CCC4OOC32C(O1)O4
mol_ac5e64b331962cec,train,O=C1CC2N1CCS2(=O)=O
mol_ac65be04a36a6480,train,c1ccccc1
mol_ac6ab5de78b51f8e,train,c1ccccc1
mol_ac80007a9099d738,train,ACYCLIC:CCCCC(CC)CO[N+](=O)[O-]
mol_ac9c7652142449dc,train,O=c1[nH]c(=O)[nH]c(=O)[nH]1
mol_acb47f725c157022,train,c1nnn[nH]1
mol_acdcb5e5ac40be7e,train,c1ccccc1
mol_ace9bc49f41d65a0,train,S=C(Nc1ccccc1)Nc1ccccc1
mol_acea9bbeb39f5ff3,train,ACYCLIC:CCCCCCCC
mol_acfdaa02d2fa8d27,train,c1ccc2c(c1)ccc1c3ccccc3ccc21
mol_ad030058b342fc09,train,O=C1OC(c2ccccc2)CN1CCCN1CCCCCC1
mol_ad0698c174d43577,train,c1ccccc1
mol_ad122848c8944ae9,train,O=C(OC1CN(C(c2ccccc2)c2ccccc2)C1)C1=CNC=CC1c1ccccc1
mol_ad20bdc18825f5e0,train,O=C(CN1CCCCCC1)Nc1ccccc1
mol_ad2e64dffedc6a11,train,ACYCLIC:CC(C)CO
mol_ad2fcf8dfc12c54a,train,O=C(OC1CCNCC1)C(Oc1ccccc1)Oc1ccccc1
mol_ad3ef032f8a17559,train,O=c1cnnc[nH]1
mol_ad3fd1e7d7019515,train,O=c1c2ccccc2c(Cc2ccccc2)nn1C1CCCNCC1
mol_ad8c170394bb6320,train,S=c1[nH]cc[nH]1
mol_ad8e01965b99e4b3,train,O=C(Nc1ccc(C(=O)N2CCCCc3ccccc32)cc1)c1ccccc1
mol_ad92837b8413d7ff,train,ACYCLIC:C#CCO
mol_adad590f8c8f23c5,train,ACYCLIC:CCC(OCCCOC)OC(C)=O
mol_adae747a54e7e764,train,ACYCLIC:N#CCCN(CCO)CCO
mol_adbba96650a1347b,train,O=c1ccc2c(-c3ccccc3)c3ccccc3oc-2c1
mol_adca02740ad62a88,train,c1ccc(-c2cncnn2)cc1
mol_add4757fb77db09a,train,ACYCLIC:CCCCCCCCCC
mol_add8c558013de474,train,ACYCLIC:CCC(C)N
mol_addcda8c929bf016,train,O=c1[nH]nnn1CCN1CCC(Nc2ccccc2)CC1
mol_ade084200163805b,train,c1ccc2c(c1)C[NH2+]C2
mol_ade9686cfdc757b0,train,O=C1CN=C(c2ccccc2)c2ccccc2N1CC1CC1
mol_adeae1d244527961,train,ACYCLIC:C=CC(=O)NCOCCCC
mol_adec4e7696937966,train,O=C(OCCN1CCN(C(c2ccccc2)c2ccccc2)CC1)C1=CNC=CC1c1ccccc1
mol_adf618afaa85de0e,train,O=C1C=CC(=O)N1c1ccccc1
mol_adf6bbcd157e2247,train,C=C(c1ccccc1)c1ccccc1
mol_ae0e5c360ace485a,train,c1ccccc1
mol_ae0fc1b8731dc1b1,train,c1ccc(CCCNCCc2ccccc2)cc1
mol_ae21a946d1d857ab,train,c1ccccc1
mol_ae29e7c31b56198a,train,ACYCLIC:C=CC(=O)OCCO
mol_ae3f25fc4530263a,train,O=C(Cc1ccccc1)NC1CCC2(CCCO2)CC1N1CCCC1
mol_ae53e6e1a00d26cd,train,ACYCLIC:NC(=O)C(Cl)(Cl)Cl
mol_ae5f0b7df441d6a4,train,O=S(=O)(Cc1ccc2[nH]ccc2c1)N1CCCC1
mol_ae64ef76dffd48a0,train,O=C1CCO1
mol_ae6c2499582a686c,train,C1=CC(NC2CCC(OC3CCC(OC4CCCOC4)OC3)OC2)CCC1
mol_ae7a0259a7d15f21,train,c1ccc(C(OC2CC3CCC(C2)N3)c2ccccc2)cc1
mol_ae8311a9cd4736bd,train,c1ccc(Oc2cnc3ccccc3n2)cc1
mol_ae934a242ea81ad7,train,ACYCLIC:CCC(C)(C)C(=O)O
mol_aea3687162773fe5,train,c1ccccc1
mol_aeb19f450bee80fb,train,ACYCLIC:N#CCCCl
mol_aeb2e86e450d0fab,train,ACYCLIC:CN(C)C=O
mol_aece2e97a54d8057,train,ACYCLIC:NCCCCCCN
mol_aed2020e894df41c,train,ACYCLIC:COC(=O)CCCC(=O)O
mol_aed9f7b216168ca9,train,ACYCLIC:CC(C)NC(=O)NC(C)C
mol_aee1a22cbd429796,train,c1ccc(-n2cccc2)cc1
mol_aef8f4680ebe01d1,train,C1CCC(OC2CCCCO2)CC1
mol_aefec0ebd287531b,train,c1ccccc1
mol_aeffae2d0acd3682,train,c1ccc2cnncc2c1
mol_af01294bf40355c4,train,C1CCC(OC2CCOC2)OC1
mol_af137fc90515c352,train,ACYCLIC:CN(C)CCCN(C)CCCN(C)C
mol_af165d91437a81be,train,c1ccccc1
mol_af16704bdc7aa3ac,train,c1ccccc1
mol_af3bb92a8fbf4070,train,ACYCLIC:FC(F)(F)C(F)(F)C(F)(F)C(F)(F)C(F)(F)F
mol_af41550b829a0e4d,train,O=C1C=CC(=O)CC1
mol_af4601e3cc14c7af,train,ACYCLIC:CCOC(=O)C(C)(C)C
mol_af4a866801efb1e1,train,O=C(Nc1ccc(S(=O)(=O)N2CCOCC2)cc1)c1ccccc1NS(=O)(=O)c1cccs1
mol_af4bad4640428512,train,c1ncsn1
mol_af52e41395c3b29c,train,ACYCLIC:C=C(C)C(=O)OCCC(C)OC(=O)C(=C)C
mol_af5acad6c9d932a2,train,O=C(NC1C(=O)N2CCSC12)c1ccccc1
mol_af74e5a092a84a04,train,ACYCLIC:O=C(O)CCCCCCC(=O)O
mol_af7558d5b3695d49,train,O=C(NN1CCCC1)NS(=O)(=O)c1ccccc1
mol_af7fa1e8c34206da,train,O=C1CNC(=O)CNC(=O)C(Cc2ccccc2)NC(=O)CCSSCC(C(=O)N2CCCC2)NC(=O)CN1
mol_af8939b1c4bba9ec,train,ACYCLIC:O=P(OC(CCl)CCl)(OC(CCl)CCl)OC(CCl)CCl
mol_af988318753da926,train,c1ccc(-c2ccc3ccccc3n2)cc1
mol_afab001928bc03f2,train,O=c1ccs[nH]1
mol_afb59c516b9039ad,train,O=C(Cc1ccccc1)c1ccccc1
mol_afb64d4dd3d69b6a,train,c1ccc(C[SH+]c2nc3ccccc3[nH]2)nc1
mol_afbbcc6d06d4688e,train,O=[PH](c1ccccc1)c1ccccc1
mol_afbec095b745034d,train,ACYCLIC:CC/C=C\C/C=C\C/C=C\CCCCCCCC(=O)O
mol_afc330288265acad,train,ACYCLIC:COC(=O)CCCCCCCCC(=O)OC
mol_afcd08cbdcc23f29,train,ACYCLIC:CCCCCCCCCCCO
mol_afd77d783e9aba5a,train,ACYCLIC:CC(C)CCCCCOC(=O)CCS
mol_afdd76fade355888,train,C1CCC(OC2CCCOC2)OC1
mol_afe5e67d3b34eea0,train,c1ccccc1
mol_b00014bedbaba3c9,train,ACYCLIC:CC(=O)O
mol_b0076350f76a6a54,train,ACYCLIC:C[C@@H](O)[C@H](N)C(=O)O
mol_b00b6dcc21c3bf4d,train,O=C(Nc1cccc(Nc2nccc(-c3cccnc3)n2)c1)c1ccc(CN2CCNCC2)cc1
mol_b015d4fa0c9527f9,train,N=C(C(=O)NC1C(=O)N2C=C(C[NH+]3CCCC3)CSC12)c1cscn1
mol_b0228affa95407b6,train,c1ccccc1
mol_b03dfb77a54788f2,train,C(=C(OCCOc1ccccc1)c1ccccc1)n1ccnc1
mol_b05331e03c94173c,train,ACYCLIC:C=C(C)C(=O)NCCCN(C)C
mol_b063b5cbc4f7ffef,train,ACYCLIC:C=COCCCCO
mol_b072c82bbb7af80e,train,O=C(NNCc1ccccc1)c1ccon1
mol_b07c617ef4c57b3a,train,O=C1OC(=O)c2cc(Oc3ccc(Cc4ccc(Oc5ccc6c(c5)C(=O)OC6=O)cc4)cc3)ccc21
mol_b0bf8f2a449878ff,train,ACYCLIC:N#CC(Br)(Br)C(N)=O
mol_b0c1010f63db2051,train,ACYCLIC:OCCCCCO
mol_b0ee9477e392ec9b,train,O=c1ccc2cc3ccoc3cc2o1
mol_b0f8fc5519a1ce63,train,O=C(NCC1CCCN1)C(c1ccccc1)c1ccccc1
mol_b10eddbf9ae2daee,train,c1ccccc1
mol_b1107da5e3fbe344,train,c1ccc2c(c1)N=C(N1CCNCC1)c1ccccc1S2
mol_b12740bfd05e5d2f,train,c1ccccc1
mol_b12cd5c156c144a9,train,c1ccccc1
mol_b15dcc9db4527031,train,ACYCLIC:C=CCOC(=O)COCCC(C)C
mol_b16587e1d1f0cec1,train,ACYCLIC:O=NO
mol_b16e4579df0ad092,train,ACYCLIC:N=C(N)NCCCCNC(=N)N
mol_b16f0c8aa399e819,train,ACYCLIC:COS(=O)(=O)C(F)(F)F
mol_b17903289da47204,train,O=c1nccc[nH]1
mol_b179bd420339ad6a,train,O=[PH](Oc1ccccc1)Oc1ccccc1
mol_b180139706775343,train,c1ccc(NNc2ccccc2)cc1
mol_b193b41ad1b145bd,train,c1ccccc1
mol_b1948cb7f406ef0d,train,ACYCLIC:CCOC(=O)N(C)C(=O)CSP(=S)(OCC)OCC
mol_b1cef776bea87f25,train,c1ccccc1
mol_b1cf48a0299ac4da,train,c1ccc(C(OCCN2CCCCC2)c2ccccc2)cc1
mol_b1d59c7b566c8e4e,train,ACYCLIC:CCOC(=O)/C=C(\C)O
mol_b1e84af38615924c,train,ACYCLIC:CCOC(=O)CC
mol_b1ea03f696836de3,train,O=C(Cc1ccsc1)NC1C(=O)N2CCSC12
mol_b1ed323f2cc0977e,train,O=C(Nc1ccc(C(=O)N2CCCC(=CC(=O)N3CCC(N4CCCCC4)CC3)c3ccccc32)cc1)c1ccoc1
mol_b1f93553f5fdb06b,train,O=C1c2ccccc2C(=O)C1c1ccccc1
mol_b20276e411af4d8f,train,O=C1c2ccccc2S(=O)(=O)N1CCCCN1CCN(c2ncccn2)CC1
mol_b20b8289d65b6f76,train,O=C1Cc2ccccc2N1
mol_b21738d234de6ef0,train,c1ccc(Cc2ccc(Nc3ccc(Cc4ccccc4)cc3)cc2)cc1
mol_b225e583df6a2c80,train,ACYCLIC:C=C(C)C(=O)O
mol_b2269c817c9d666f,train,O=C(Nc1ccc(Oc2cccnc2)nc1)N1CCc2ccccc21
mol_b24478a8f1b2baad,train,O=c1cc[nH]c(=O)[nH]1
mol_b277823a48ddacea,train,O=C1CCC2C1CCC1C3CCCCC3=CCC21
mol_b277c6aa7682e5b7,train,O=C(Oc1ccc2ccccc2c1)c1ccccc1
mol_b27f3095a12e9005,train,c1ccc(Cc2cncnc2)cc1
mol_b2a3a44280d7a116,train,C1=Cc2ccccc2C1=Cc1ccccc1
mol_b2aaf103ad9d79bf,train,O=C1OC2CC(CC=CCCC=CC=C3COC4CC=CC1C34)OC1(CCCCO1)C2
mol_b2d2932aa3f5565b,train,c1ccccc1
mol_b2e46e2ea2e00384,train,c1ccc(-c2ccccc2-c2nnn[nH]2)cc1
mol_b2e6f8808028fa24,train,ACYCLIC:CCOP(=O)(OCC)OCC
mol_b2eb8a1ce78f4743,train,ACYCLIC:C=CC(=C)CCCC(C)(C)OC(C)=O
mol_b2fb2fef326d6328,train,c1ccccc1
mol_b301593dc62dba07,train,c1ccccc1
mol_b31187938fe098c3,train,C1CCC2CCCCC2C1
mol_b31c431c3d8a94b7,train,c1ncnc(NC2CC2)n1
mol_b3236f3e3235be5d,train,c1ccccc1
mol_b3240527ad29fe56,train,ACYCLIC:CC(=O)CCC=C(C)CC/C=C(\C)CC/C=C(\C)CCC=C(C)C
mol_b32f213e573a05bd,train,c1ccccc1
mol_b336526087302099,train,c1ccccc1
mol_b349a4b5ab354ac8,train,c1ccc(CNc2ccccn2)cc1
mol_b34c6c03a969e758,train,O=C(c1ccccc1)c1ccccc1NCCc1ccc(OCCc2coc(-c3ccccc3)n2)cc1
mol_b34c7698c0379d96,train,c1ccc2c(CC3CC4CCN3CC4)ccnc2c1
mol_b351ad47ee42490e,train,C1CSSSC1
mol_b356392b3289a421,train,c1ccc(CCCOc2cccc3ccccc23)cc1
mol_b3662b568a4d5ddc,train,O=C1CC(c2ccccc2)Oc2cc(OC3CCCC(COC4CCCCO4)O3)ccc21
mol_b3730e4cbcbfae36,train,c1ccc2c(c1)CN1CCCCCC1=N2
mol_b37c6cce92058952,train,O=C(CNC(=O)CNC(=O)CNC(=O)CNC(=O)C1CCCN1C(=O)C1CCC(=O)N1)NCCc1ccccc1
mol_b37da3155950b296,train,O=c1[nH]c2ccccc2n1CCCN1CCN(C(c2ccccc2)c2ccccc2)CC1
mol_b38979b2c611fd34,train,C1CNCNC1
mol_b39165ef45dbe10e,train,c1ccc2c(c1)CCCO2
mol_b396b6861392c3eb,train,ACYCLIC:CC(C)[N+](=O)[O-]
mol_b39b517a452b8b20,train,O=c1ccn(-c2ccccc2)c2cc(N3CCNCC3)ccc12
mol_b3a65796be8d3f4d,train,O=C(NC(CCN1C2CCC1CC(n1cnnc1)C2)c1ccccc1)C1CCCCC1
mol_b3a6b7c633f6e2d6,train,O=c1cccc[nH]1
mol_b3ac181a2b45ca92,train,ACYCLIC:CC(C)(C)NC(N)=O
mol_b3df6321b36868eb,train,ACYCLIC:CCC[CH2][Sn]([Cl])([Cl])[CH2]CCC
mol_b3e07b9153f55382,train,O=C(CCC=CCc1ccc2c(c1)C(=O)OC2)OCCN1CCOCC1
mol_b3eaf3348f6594c1,train,c1ccc(C2OCCO2)cc1
mol_b405a26e2861b1a3,train,O=C1CCCC(OC2CCC(OC3CCCCO3)CO2)CCCCC=CC=CCCO1
mol_b40981367d8fc6dc,train,c1ccc(CCNCc2ccccc2)cc1
mol_b427a90a01a96fea,train,O=C(c1ccccc1)c1cccs1
mol_b441f66d9d4af5ba,train,c1ccccc1
mol_b45882b9927c27a6,train,c1ccc2c(c1)CCc1ccccc1N2
mol_b46eb44668868ce2,train,O=C1CCS(=O)(=O)C(c2ccccc2)N1
mol_b47e582d262ee4fd,train,c1ccc(-c2ccncc2)cc1
mol_b488f418db36d9e5,train,O=C(OC1Cc2ccccc2OC1c1ccccc1)c1ccccc1
mol_b49523e35126db96,train,O=c1ncccn1C1CCCO1
mol_b497de807147abcc,train,ACYCLIC:CC(=O)OC(C)=O
mol_b4a00828a660241b,train,c1ccccc1
mol_b4b1cf60aaf10a27,train,ACYCLIC:COC(C)(C)CC(C)=O
mol_b4cf53638906d785,train,c1ccccc1
mol_b4deb2b1185ec63d,train,c1ccc(CN2CCc3sccc3C2)cc1
mol_b4e290c186cc6969,train,ACYCLIC:OCC(Br)=C(Br)CO
mol_b4e816ad97e6757a,train,ACYCLIC:CCCCCCCCCCCCCCCCCCO
mol_b4f7cdd4d341144f,train,c1ccc2c(c1)CCc1ccccc1C2
mol_b50c5c800ee5f728,train,ACYCLIC:CC(C)(CO)C(O)C(=O)NCCCO
mol_b5516f01c6bfbbfa,train,C1=COC(OC2CCCC(OC3CCCCO3)C2)CC1
mol_b5610395d195521b,train,O=C1NC(=O)c2cccc3cccc1c23
mol_b567103dc04a3bc9,train,c1ccc2c(c1)sc1nncn12
mol_b57be8bedf1ce35c,train,c1ccc(Oc2ccc(OCCOc3ccccn3)cc2)cc1
mol_b580fc76011ab6de,train,O=C1C=CC2OC2CCCC2CCCC(CC(OC3CCCCO3)C=CC=CC=CC=CCCO1)O2
mol_b58632b336170bd8,train,ACYCLIC:COC(C)(C)C
mol_b5910a8082c87a13,train,c1ccccc1
mol_b59f9a070e460228,train,C(=CSSCC1CCCO1)NCc1cncnc1
mol_b5a0554dcf96e05e,train,O=C(Nc1ncncn1)NS(=O)(=O)c1ccccc1
mol_b5a28838fa5037ab,train,C1C2C3C4CC5C3C1C5C24
mol_b5a300ac21a248b2,train,ACYCLIC:CNC(=O)ON=C(SC)C(=O)N(C)C
mol_b5b542e5297947d3,train,c1ccccc1
mol_b5b9c172edd323e1,train,ACYCLIC:CCCCC(CC)COCCO
mol_b5bc3c2f7ca3b2ee,train,ACYCLIC:CC(=O)CN(CC(C)=O)N=O
mol_b5c1059827cdc558,train,O=C1CCC2C3Cc4cccc5c4C2(CCN3)C1O5
mol_b5e5f50ee1045090,train,ACYCLIC:CS(=O)(=O)OCCCCOS(C)(=O)=O
mol_b5f7cfdb631d7d2c,train,ACYCLIC:CC(C)C[P+](C)(CC(C)C)CC(C)C
mol_b60968bdb76a6f55,train,N=C(C(=O)NC1C(=O)N2C=C(CSC(=O)c3ccco3)CSC12)c1cscn1
mol_b61f617d2cb31f78,train,O=C1NCCN1
mol_b623ecbf41e2f721,train,ACYCLIC:CC/C=C/C/C=C/C/C=C/CCCCCCCC(=O)OCC
mol_b629cd8488475d12,train,C(=CC=C1Nc2ccccc2S1)C=Cc1[nH+]c2ccccc2s1
mol_b630d5529918bed4,train,ACYCLIC:C[N+](C)=CCl
mol_b631dfe3f61864b1,train,O=C(CNCCCc1ccccc1)N1CCc2ccccc2C1
mol_b63df53e2f899bb5,train,C1CC2C[NH2+]CC1C2
mol_b6486c58b7c098fc,train,C1=Cc2ccccc2Sc2ccccc21
mol_b6533a219393f112,train,O=P(Oc1ccccc1)(Oc1ccccc1)Oc1ccccc1
mol_b66ddca39c2f7d14,train,ACYCLIC:CCOCCOCCO
mol_b66fbf1565b4af45,train,ACYCLIC:CC(=O)OCC(COC(C)=O)OC(C)=O
mol_b6723bd9c5f60d19,train,c1ccccc1
mol_b67e04e0f566e179,train,c1ccc2c(c1)Cc1ccccc1C(N1CCNCC1)=N2
mol_b691b59411269958,train,c1ccccc1
mol_b6a3ba93c56de33d,train,c1ccccc1
mol_b6bba8f3a91254b0,train,c1ccccc1
mol_b6d3048fa5980583,train,O=C(c1ccccc1)C1CCN(CCn2c(=S)[nH]c3ccccc3c2=O)CC1
mol_b6d796e29271921c,train,c1ccccc1
mol_b6d942e5717f6a27,train,O=C(Nc1ccccc1)c1c[nH]c(-c2ccccc2)c1-c1ccccc1
mol_b6d98a5ce2a12821,train,ACYCLIC:NNC(=O)CCCCC(=O)NN
mol_b6da530255279367,train,c1ccccc1
mol_b6f4932adf54276d,train,ACYCLIC:CC(N)=S
mol_b6f56047a4f9f45b,train,N=C(C(=O)NC1C(=O)N2C=C(CSc3nccs3)CSC12)c1cscn1
mol_b6ff5dca7e25a91b,train,O=c1c(CCN2CCC(c3noc4ccccc34)CC2)cnc2n1CCCC2
mol_b7031646ac4f6d50,train,c1ccccc1
mol_b70a5f6fdf0c8d71,train,O=S(=O)(Nc1ncccn1)c1ccccc1
mol_b70eb2d722dcb004,train,O=c1oc2ccccc2cc1Cc1ccccc1
mol_b71cbbd4c9df5ab8,train,O=C1CCCCCO1
mol_b7224916c5d8f3c2,train,c1ccc2nccnc2c1
mol_b73183c0d64d25f3,train,O=C(CNCCCN1c2ccccc2CCc2ccccc21)c1ccccc1
mol_b7391db810024da6,train,ACYCLIC:C[N+](C)(C)CC(O)CCl
mol_b7451cc259fe28f0,train,O=C1C=C2C3CCCCC3CCC2C2CCC3CCCCC3C12
mol_b745bc190886676c,train,O=C(Cc1ccccc1)NC1C(=O)N2C=C(CSc3nnn[nH]3)COC12
mol_b74815533e364c37,train,O=C(Nc1ccccc1CCC1CCCCN1)c1ccccc1
mol_b755fd509ad8611f,train,c1ccccc1
mol_b7681a7ef4a755d1,train,O=C1c2ccccc2C(C2c3ccccc3C(=O)c3c(OC4CCCCO4)cccc32)c2cccc(OC3CCCCO3)c21
mol_b7834eedf126d926,train,c1ccc(OCCCOc2ccccc2)cc1
mol_b78467a9d0a3b5cf,train,O=C(NC1CCOc2ccccc21)c1ccccc1
mol_b78f818608268820,train,c1ccccc1
mol_b79643ec58c04266,train,c1ccccc1
mol_b79e34f1224cc4cc,train,c1ccccc1
mol_b7a0d732130b3e1b,train,ACYCLIC:CCCCOC(=O)CCC(C)=O
mol_b7a6633adc491b9a,train,ACYCLIC:CCNC(=S)NCC
mol_b7aa55fd9338f69f,train,c1ccc(C2(c3ccccc3)CCCCC2)cc1
mol_b7ac0db93c3bee56,train,c1ccccc1
mol_b7b148aa39612639,train,C1CC[NH2+]C1
mol_b7b55dcd10b0cd68,train,ACYCLIC:CC(Cl)C(C)Cl
mol_b7bcb4dd579e99fd,train,c1ccc(N=Nc2cccc(N=Nc3ccccc3)c2)cc1
mol_b7de5b6d9d63a2bc,train,c1ccc2c(CC3CC4CCN3CC4)ccnc2c1
mol_b7f31ee832564413,train,O=C1NC2(C=C1c1ccccc1)CCCCC2
mol_b7f99314648fcbf4,train,O=C(Nc1ccccc1)c1cccnc1Oc1ccccc1
mol_b7fa258ea82b4c7b,train,c1ccc2cc(N=Nc3ccc(-c4ccc(N=Nc5ccc6ccccc6c5)cc4)cc3)ccc2c1
mol_b7ffaac10a259b3b,train,ACYCLIC:CCC(CO)(CO)CO
mol_b8025009eb13a494,train,O=C(NC1CCc2ccccc21)C(CCCN1CCN(Cc2cccnc2)CC1)Cc1ccccc1
mol_b80543948a7e5f74,train,ACYCLIC:O=C(O)CBr
mol_b817537c270bb2d9,train,O=C(CCS(=O)(=O)c1ccccc1)Nc1ccccc1
mol_b8224aef3e6e9ee2,train,c1ccc(-c2ncncn2)cc1
mol_b82eb6ad3b723d79,train,c1ccccc1
mol_b8330b3e108645a1,train,ACYCLIC:CCCOCC(C)O
mol_b83567a5f2349176,train,O=C1[O][Sb]2[O]CC3[O][Sb]([O]CC1[O]2)[O]C3=O
mol_b841b7fda6b12f2c,train,ACYCLIC:CC(C)CCOC(=O)CC(C)C
mol_b84a4fa7aeea22b3,train,c1ccccc1
mol_b8508335d7261990,train,c1ccccc1
mol_b86d2f4a5f73999e,train,O=C1C=CC2C(=C1)CCC1C3CCCC3CC(=O)C21
mol_b880a19706d9c377,train,N=C1C=CC(=C(c2ccccc2)c2ccccc2)C=C1
mol_b8849aa35b78bc8a,train,c1ccccc1
mol_b88c5257c97de4a4,train,ACYCLIC:CC[N+](CC)(CC)CC
mol_b8b08b7c22f8d40a,train,c1ccccc1
mol_b8b94ed063c61f99,train,c1cnc2c(c1)CCCCC2[SH+]c1nc2ccccc2[nH]1
mol_b8bb80bb41bc9396,train,ACYCLIC:C=O
mol_b8c2e32921cd4c26,train,ACYCLIC:CC=CC=O
mol_b8d98c41dc1b6d64,train,O=C(CNCCCc1ccccc1)N1CCc2ccccc2C1
mol_b8da512e84889281,train,ACYCLIC:C[S+](C)CCC(N)C(=O)O
mol_b8e38a2ca7c03cf0,train,c1ccccc1
mol_b8e892d12252db5f,train,c1ccccc1
mol_b8f55433bd191e49,train,O=C1CC2(CCCC2)CC(=O)N1CCCCN1CCN(c2ncccn2)CC1
mol_b8f9c2227c234edc,train,O=C(C=Cc1ccccc1)OCCc1ccccc1
mol_b915af549f884274,train,ACYCLIC:CC(C)=CCC/C(C)=C/CO
mol_b91fe9e9e58e7001,train,ACYCLIC:NC(=O)CCCCC(N)=O
mol_b92238a0e57e585d,train,c1ccccc1
mol_b92add0d6701bebc,train,ACYCLIC:N=C(N)N[N+](=O)[O-]
mol_b93d861f01a655cb,train,ACYCLIC:COS(=O)(=O)OC
mol_b9454266ff816d92,train,c1ccccc1
mol_b969f605cf8be360,train,C1CCC(OC2CCCC(OC3CCCCO3)C2)OC1
mol_b973a67080217e92,train,c1ccccc1
mol_b984b15abb2db1fd,train,ACYCLIC:CCCCC(CC)COC(=O)/C=C\C(=O)OCC(CC)CCCC
mol_b98a17497697ca59,train,ACYCLIC:COC(=O)CC(C)CCC=C(C)C
mol_b9904ac414ca16f5,train,O=c1c(-c2ccccc2)coc2ccccc12
mol_b9919b9b106bf3d4,train,O=c1c(CCN2CCC(=C(c3ccccc3)c3ccccc3)CC2)cnc2sccn12
mol_b99d105320a716a9,train,c1ccccc1
mol_b9a098dcf89893f3,train,ACYCLIC:[Cl][Ba][Cl]
mol_b9b654edfe23bb95,train,ACYCLIC:CCCC(=O)CC
mol_b9dadef3afb4f098,train,c1ccccc1
mol_b9db286c1b2a639b,train,C1NCNCN1
mol_b9dfd3b064a96d4f,train,c1ccc(-c2ncncn2)cc1
mol_b9eaa8aa28e35519,train,ACYCLIC:CCCCCCCCCCCCCCCCC
mol_b9f100c74a0c4608,train,c1ccccc1
mol_b9f348471f5ee680,train,O=C1C=CC(OC(=O)C2CC2)C1
mol_b9f62ce9ff5d8790,train,O=C1CCN(c2ccccc2)N1
mol_ba03d68585f2b81f,train,O=C(NNCc1ccccc1)c1ccccc1
mol_ba0648fb02396ce7,train,c1ccccc1
mol_ba199de2ef211afb,train,C1=C2CCCCC2CC1
mol_ba1e0a5e461a5360,train,ACYCLIC:C=CC(=O)OC(C)(C)C
mol_ba2834ce55b83469,train,ACYCLIC:C=CCCCCCCCCC=O
mol_ba32f470de57593d,train,c1ccccc1
mol_ba3e5efc8a9fe813,train,C(=Cc1ccc2ccccc2n1)c1cccc(C(CCc2ccccc2)SCC2CC2)c1
mol_ba5086d872d8c9cc,train,O=c1ccs[nH]1
mol_ba50daffa221cda8,train,c1ccccc1
mol_ba6c40d3726d1691,train,ACYCLIC:O=C(O)C(F)(F)C(F)(F)C(F)(F)C(F)(F)C(F)(F)C(F)(F)C(F)(F)C(F)(F)C(F)(F)C(F)(F)F
mol_ba79c4d02a6e70f7,train,ACYCLIC:CCCCN(CC)C(=O)SCCC
mol_ba826380b26ae911,train,O=C1C=CCO1
mol_ba8be2773fe52e01,train,C(=Cc1ccncc1)c1ccccc1
mol_ba90eac9a1f9f1af,train,c1ccc(-c2ccc[nH]2)cc1
mol_ba988f58ecb80994,train,c1ccc(CC2=NCCN2)cc1
mol_ba9932d3a7503f54,train,c1ccc(CCN2CCC(Nc3ccccc3)CC2)cc1
mol_ba9b0e9687c50733,train,C=C1CC2CCC3C4CCC(=O)C=C4C=CC3C2C1
mol_baabef0b99dbdd02,train,C1=C2CCCCC2C2CCC3CCCC3C2C1
mol_baae960eed4e457d,train,ACYCLIC:CCCCC(CC)COC(=O)CCCCCCCCC(=O)OCC(CC)CCCC
mol_baaf961c1118557d,train,S=c1nc[nH][nH]1
mol_bab7bb4aa0249bfd,train,ACYCLIC:CCN(N=O)C(N)=O
mol_babad5ffdf214666,train,c1ccccc1
mol_babbce6cf56c6737,train,O=C(C1CC1)C(c1ccccc1)N1CCc2sccc2C1
mol_baccfc49542fdc74,train,S=C(Nc1ccccc1)Oc1ccc2c(c1)C1CCC2C1
mol_baf4c3fc3a238679,train,O=C(CCCCCc1ccccc1)CC1CCC(C2CCCCO2)O1
mol_bafba6d689a049a2,train,O=C(CCN1CCOCC1)N1c2ccccc2Sc2ccccc21
mol_bafbdb906911fbb0,train,c1ccccc1
mol_bb0996fdfd0c95e8,train,O=C1Nc2ccccc2C1C(=O)c1cccs1
mol_bb0df04ce91e14af,train,ACYCLIC:COCCCCCCCCOCCC[Si](C)(O[Si](C)(C)C)O[Si](C)(C)C
mol_bb10d8bed0c8c8da,train,ACYCLIC:N#CCCCC(C#N)CCC#N
mol_bb1a027e28e50a56,train,O=c1[nH]c(-c2cccc(S(=O)(=O)N3CCNCC3)c2)nc2cn[nH]c12
mol_bb36e186d83e4160,train,ACYCLIC:CC(O)CO
mol_bb3a095e1283a2d1,train,c1ccccc1
mol_bb3aa39bf22d518c,train,O=C(COc1ccccc1)OC1CCC2CC3c4[nH]c5ccccc5c4CCN3CC2C1
mol_bb4a09122773b897,train,c1ccc(CCN2CCC(Nc3ccccc3)CC2)cc1
mol_bb5c95d311594c16,train,c1ccccc1
mol_bb60d9237323eab9,train,c1ccc(-n2nc3ccccc3n2)cc1
mol_bb6204221e9f8060,train,c1ccc2[nH]c(-c3n[nH]c4ncncc34)cc2c1
mol_bb6dae2852832aeb,train,O=C(c1ccccc1)c1ccc[nH]1
mol_bb7748a94b7d851a,train,c1ccccc1
mol_bb798d5cebb81783,train,O=c1cc[nH]c2cc(N3CCNCC3)ccc12
mol_bb7a40b8bd1206fe,train,N=C1NCCN1Cc1cccnc1
mol_bb7dbca626f5373b,train,O=C(CCCN1CCC(N2CCCCC2)CC1)c1ccccc1
mol_bb86e5fb9ddc301e,train,ACYCLIC:O=[N+]([O-])C(Br)Br
mol_bb918007648d9e7c,train,c1ccccc1
mol_bb97203dd7234ecd,train,O=c1[nH]c2ccccc2o1
mol_bb9c4bbb31b1947e,train,ACYCLIC:CC(C)CCCC(C)NCCC(C)C
mol_bba74c38626cfccc,train,c1ccccc1
mol_bbc2c6b3b4250414,train,c1ccccc1
mol_bbd6f0dd128da536,train,ACYCLIC:CC(=O)OC/C=C(\C)CC/C=C(\C)CCC=C(C)C
mol_bbf764bb13851bfc,train,ACYCLIC:CC[C@@H](N)CO
mol_bc0088af86523cd4,train,C1CCC2NCCC2C1
mol_bc06d113b4c84c61,train,ACYCLIC:CC(C)CCO
mol_bc26303cdcb2227a,train,ACYCLIC:O=S(=O)(O)C(F)(F)F
mol_bc29eb84366ffc8c,train,ACYCLIC:CCCC(C)(COC(N)=O)COC(=O)NC(C)C
mol_bc356533acd91a27,train,O=S(=O)(NCCNS(=O)(=O)c1ccccc1)c1ccccc1
mol_bc392fc5485b60c1,train,O=C1CN(N=Cc2ccc(-c3ccccc3)o2)C(=O)N1
mol_bc4024a8130eff52,train,c1cncc(C2CC3CCC2N3)c1
mol_bc70ce5c2c088e41,train,O=C1CC2N1CCS2(=O)=O
mol_bc73b00aba1fb2c1,train,c1ccccc1
mol_bc86bc8ee5ffbb62,train,c1ccc(Oc2ccccn2)cc1
mol_bc93c8b1f7bca50e,train,O=C(Oc1ccc2c(c1)CCC1C2CCC2CCCC21)c1ccccc1
mol_bca1aa12d025f4be,train,ACYCLIC:CCCCCCCCCCCl
mol_bca34f13a2b12e50,train,ACYCLIC:C=CC(C)(O)CC/C=C(\C)CC
mol_bcb7008e719775ee,train,O=C(Cc1ccccc1)NC1C(=O)N2C(C(=O)Oc3ccccc3)CSC12
mol_bced412de85a67d8,train,ACYCLIC:CCCCCCCCBr
mol_bcedc582b9c4b941,train,c1ccccc1
mol_bceecb70c481670f,train,S=c1nccc[nH]1
mol_bd01d466b4f435e4,train,c1ccccc1
mol_bd08a8e954e4b6f9,train,O=c1oc2ccccc2cc1C(CCc1ccc(-c2ccccc2)cc1)c1ccccc1
mol_bd1130f9f32d5aa3,train,O=C(c1cc2ccccc2[nH]1)N1CCN(c2ccccn2)CC1
mol_bd15fd0fff668c02,train,c1ccccc1
mol_bd173ff15f24a0ec,train,ACYCLIC:CS(=O)(=O)OCC(O)C(O)COS(C)(=O)=O
mol_bd37287ed1561ae6,train,c1ccccc1
mol_bd383d23b25fd929,train,ACYCLIC:[Cl][Bi+2]
mol_bd40313b99a82edd,train,c1ccccc1
mol_bd4cc5bbe947da1b,train,ACYCLIC:C=C(C)C(=O)OCCOC(=O)C(=C)C
mol_bd4e7784a14dddc3,train,ACYCLIC:CCCCCCCC/C=C\CCCCCCCC(=O)N(C)CC(=O)O
mol_bd581d87e4f7a623,train,O=C(OC(=O)c1ccccc1)c1ccccc1
mol_bd6841acace61804,train,c1ccccc1
mol_bd757b8ff6ade6e2,train,c1ccc(C2CCCc3ccccc32)cc1
mol_bd82b487c207161b,train,ACYCLIC:C[C@@H](O)C(=O)O
mol_bd8738e725253037,train,c1ccccc1
mol_bd9932e9eaeec38c,train,c1ccccc1
mol_bda07aeb6a66eafc,train,O=C1N=COC1c1ccccc1
mol_bdb80fab9c120a25,train,C(CN1CCCC1)=C(c1ccccc1)c1ccccn1
mol_bdba6dad8c824a51,train,O=C(Cc1ccccc1)OCCc1ccccc1
mol_bdbca34a430f9193,train,ACYCLIC:COC(C)(OC)OC
mol_bdc90bfd4873219f,train,c1ccccc1
mol_bdddf602cba120e5,train,c1ccc(Sc2ncccn2)cc1
mol_bde0582f4e1d08b5,train,O=S1(=O)NC=Nc2ccccc21
mol_bde84d64cec49b97,train,O=C1CC2CC(SC3Cn4cnc[n+]4C3)=CN12
mol_bdee45772a2116d4,train,c1ccccc1
mol_bdf858ced4f6867e,train,O=C(Nc1ccon1)C1=Cc2ccccc2S(=O)(=O)N1
mol_bdfbfc8bbe7ac321,train,c1ccccc1
mol_be03ac1d361fbbf7,train,O=C1CNC(=O)C(Cc2ccccc2)NC(=O)C(Cc2ccccc2)NC(=O)CCSSCC(C(=O)N2CCCC2)NC(=O)CN1
mol_be298e8688bf4091,train,c1ccccc1
mol_be308e4eec025597,train,ACYCLIC:C=CCCCCCCCCCCCCCC
mol_be311152625242b8,train,O=C(NC1CCCC1)NS(=O)(=O)c1ccccc1
mol_be36ee60e60e1856,train,c1ccccc1
mol_be4718db499bbbeb,train,c1ccccc1
mol_be49aad8fca43996,train,O=C(NC(=O)c1ccccc1)Nc1ccccc1N1CCCCC1
mol_be4e66c9e0476d5d,train,C1CN2CCC1CC2
mol_be626b1ab104d2eb,train,C(=NC1CCCCC1)=NC1CCCCC1
mol_be7e9e8214f4749e,train,c1ccccc1
mol_be849a7e4890e5fe,train,ACYCLIC:CC(Cl)(Cl)Cl
mol_be87ef8378fe6cc1,train,C1=C(c2ccccc2)CCN(CCCCc2c[nH]c3ccccc23)C1
mol_be9bd2eaa59b6e4e,train,ACYCLIC:C=CC(C)CCCC(C)(C)O
mol_bec32e66440b585f,train,c1ccc(CCCc2ccccn2)cc1
mol_becb619c190c7b86,train,c1ccccc1
mol_bed7353c1242ec06,train,N=C(C1=NOCCO1)c1ccccc1Oc1cc(Oc2ccccc2)ncn1
mol_bedb0e144fed8a8c,train,O=C1CNC(c2ccccc2)=N1
mol_bee8a9174ce3fb66,train,ACYCLIC:ClCCBr
mol_beea7e37023706f1,train,ACYCLIC:CCCCCCCC/C=C\CCCCCCCC(=O)N(CCO)CCO
mol_bef9817d6eefd038,train,O=C1CCC2C1CCC1c3ccccc3CCC12
mol_bf125ee270f3d26d,train,O=c1oc2ccccc2cc1Cc1ccccc1
mol_bf13bb3ae9314b43,train,c1ccn2nccc2c1
mol_bf16993efbde6568,train,O=C(C[NH2+]Cc1ccccc1)Nc1ccccc1
mol_bf60968d3a093c21,train,c1ccccc1
mol_bf65008b0eb8ac14,train,c1ccccc1
mol_bf6f20f32157b127,train,O=c1cc[nH]c2nc(N3CCCC3)ncc12
mol_bf700d8859b32054,train,ACYCLIC:CCCCCCCC(=O)OCCCCCC
mol_bf8d37d641ac6be2,train,c1ccccc1
mol_bf9a0e386a35251a,train,O=c1ccn(-c2ccccc2)c2nc(N3CC4CC4C3)ccc12
mol_bf9c228d23f1fd20,train,ACYCLIC:CCCCOC(=O)C(=O)OCCCC
mol_bfa6bcdbfd30c853,train,ACYCLIC:O=C(O)CC(=O)O
mol_bfa8dc9c1a2fd5b2,train,c1ccccc1
mol_bfadb7a8692a318a,train,c1ccccc1
mol_bfb3773583207813,train,c1ccc(-c2ccon2)cc1
mol_bfb569cad8518490,train,O=C1CCC2C(CCC3C4CCCC4CCC23)C1
mol_bfdd95bc956f4a3f,train,ACYCLIC:COC(C)CCO
mol_bfedda9ba1d7fc00,train,c1ccccc1
mol_bff51b8caba739b3,train,c1ccccc1
mol_bfff09cff7ab88dc,train,O=c1ccoc2cccc(OCCCOc3cccc4occc(=O)c34)c12
mol_c0053795bad520fc,train,c1ccccc1
mol_c012ba313852d009,train,O=C(COc1ccccc1)OCCNC12CC3CC(CC(C3)C1)C2
mol_c03178ee08278dfb,train,c1ccc(C(c2ccccc2)N2CCNCC2)cc1
mol_c03ccc039d027e50,train,c1ccc(C2OC2(Cn2cncn2)c2ccccc2)cc1
mol_c058bc5eacfa15ef,train,c1ccccc1
mol_c05d23bfec4982a7,train,c1ccc(C(CCN2CCCCC2)c2ccccc2)cc1
mol_c06aefc8748934fe,train,ACYCLIC:C[N+](C)(C)CCCl
mol_c06bf743d5189f4c,train,O=c1ncccn1C1CCCO1
mol_c06d63669cfde8c7,train,ACYCLIC:NCCS
mol_c080dc3d5f5ca095,train,c1ccc2c(c1)CC[n+]1cc3ccccc3cc1-2
mol_c096de4facc03cdf,train,O=C(Cc1ccccc1)OC1CC2[NH2+]C(C1)C1OC21
mol_c097d185b89ba4a0,train,O=c1[nH]c2ccccc2n1C1CCNCC1
mol_c0a04447956b8da2,train,ACYCLIC:COCCOCCOC
mol_c0aa7fecf0f757cb,train,c1ccc(COc2ccccc2)cc1
mol_c0c4a2e3d3f69fe0,train,O=C1CC2CC(SC3CCNC3)=CN12
mol_c0cdb23618b30eb1,train,O=S(=O)(NC1CCCC1)c1ccc(Oc2ccccc2)cc1
mol_c0d22b5f44c4ee10,train,ACYCLIC:CCCCCC(=O)O
mol_c0d2783c561863c7,train,c1ccccc1
mol_c0d36dfb5d1831d2,train,C1=CCCC=CCCC=CCC1
mol_c0d98529a2fa0b1b,train,O=C(Nc1nc(-c2ccccc2)c(CCC2CCCCC2)s1)c1cc2ccccc2[nH]1
mol_c0dc5a858a9b1a61,train,c1c[nH+]ccn1
mol_c0de9eba324133c6,train,c1ccccc1
mol_c0e84699024be2b2,train,O=C1C=CC2C(=C1)CCC1C2CCC2C(OC(=O)c3ccco3)CCC21
mol_c0e94a62e910239e,train,c1ccc2c(c1)CC(N1CCNCC1)c1ccccc1S2
mol_c0ec24cf974e28bb,train,ACYCLIC:CC(=O)N[C@@H](CC(C)C)C(=O)O
mol_c0fbd0b5fcf30c1a,train,c1ccc(OCCCNCCOc2ccccc2)cc1
mol_c10d80cf6583928a,train,O=C(c1ccccc1)C1CNCCC1c1ccccc1
mol_c1136ae42dbd4374,train,ACYCLIC:CCCCCCCCCCCCCCCCO
mol_c113f5faa94410e3,train,ACYCLIC:C=C(Cl)CSC(=S)N(CC)CC
mol_c11ee9f9d3308344,train,C1=CC2(CCC1)CCCO2
mol_c1207e83adc97ce1,train,c1ccccc1
mol_c12d347d6bb17cc0,train,c1cc2c(o1)CCCC2
mol_c1371293259286f1,train,c1ccccc1
mol_c14b2f336ad439bb,train,ACYCLIC:CCCC=NO
mol_c14f881f184ede89,train,O=c1ccn2c3c(cccc13)CCC2
mol_c151a13686fa55f4,train,ACYCLIC:CCC(Cl)CCC(Cl)C(Cl)CC(Cl)C(Cl)C(Cl)CCl
mol_c159c203d6b952a1,train,O=c1nc[nH]c(=O)n1C1CCCCC1
mol_c15af1b1e4f8f1b7,train,C1CC2OCCC2O1
mol_c1636109563232f7,train,O=C(CNCCCc1ccccc1)N1CCC2CCCC21
mol_c18861b0a4ddd636,train,C1=C2c3cccc4[nH]cc(c34)CC2NCC1
mol_c18d019b55b35de4,train,c1ccccc1
mol_c19eca31ed131725,train,O=C1OC2CC(CC=CC(OC3CCC(OC4CCCCO4)CO3)CC=CC=C3COC4CC=CC1C34)OC1(CCCCO1)C2
mol_c1a52d99df1c3f69,train,O=C(OC1CCCNC1)C(c1ccccc1)c1ccccc1
mol_c1b43fb4f5dfe082,train,c1ccccc1
mol_c1b950b3b212427e,train,C=C1C2CCC3C1CCCCC23
mol_c1d616b6431c0042,train,c1ccccc1
mol_c1e70822ca354564,train,O=C1CCNCC1
mol_c1fe2ec6e1a42f26,train,C1=C2CCCCC2CC1
mol_c1febe65424a8d1e,train,O=[PH]1NCCCO1
mol_c206b077842ba91b,train,ACYCLIC:CCCCCCCC/C=C\CCCCCCCCN
mol_c208adb38d658e40,train,c1ccccc1
mol_c21cb18ec7199e1a,train,c1ccccc1
mol_c22c093dfa676290,train,N=C1NC(=N)c2cc3ccccc3cc21
mol_c22ef2a944ed3172,train,ACYCLIC:CCC(CO)CO
mol_c2384e9da973ff26,train,c1ccccc1
mol_c2438c74cf7cd677,train,N=C1NC(=O)C(=Cc2ccccc2)S1
mol_c243b2eb5a6d7512,train,O=C1NCc2c1c1c3ccccc3n3c1c1c2c2ccccc2n1C1CCC3O1
mol_c24f741e87091fc4,train,c1ccc2c(c1)CCC2
mol_c24ffa8675f80930,train,O=c1ccocc1
mol_c2542340ccc853d1,train,O=C(C=Cc1ccccc1)Nc1ccccc1
mol_c2554e2004988a77,train,c1ccccc1
mol_c25bed65e12d1007,train,c1ccc(C(c2ccccc2)n2cncn2)cc1
mol_c26b44d53faff8e4,train,c1ccc(CCNCCCOc2ccccc2)cc1
mol_c26cb43890decb50,train,c1ccccc1
mol_c27567481a4becf1,train,ACYCLIC:NCCCCCCNCCCCCCN
mol_c285d17579b0442a,train,O=c1[nH]nnc2cncn12
mol_c2902c8400002e5e,train,ACYCLIC:C=CC(=O)OCCOCCOC(=O)C=C
mol_c29085349d6e3640,train,ACYCLIC:CCCC(=O)O
mol_c291977df16681d5,train,C(=NOCC1OCCO1)c1ccccc1
mol_c295bf8d723aff5a,train,ACYCLIC:CC(C)CP(=S)(S)CC(C)C
mol_c29b7dadb8a94d73,train,c1ccccc1
mol_c2a1ce1bda9acfc7,train,ACYCLIC:CC(C)C(=O)OCC(C)(C)C(OC(=O)C(C)C)C(C)C
mol_c2a79942d6f3c59a,train,c1ccccc1
mol_c2b478c0288b35e9,train,c1ccccc1
mol_c2c0df9e89b8a7d3,train,c1ccccc1
mol_c2d0c2bea50dd620,train,ACYCLIC:CC(C)OP(C)(=O)OC(C)C
mol_c2d70d53fb049a87,train,ACYCLIC:COC(=O)CCC[N+](C)(C)C
mol_c2d9e360545b7b0f,train,c1ccccc1
mol_c2dfd1b450ec07b8,train,ACYCLIC:C=C(C)C(=O)OCC
mol_c2e1d4f46e0286c1,train,c1ccc(CCNCCOc2ccccc2)cc1
mol_c2e3f498c009ea56,train,O=C1CCCS1
mol_c2fc6037d360eb6d,train,O=C(Cc1ccccc1)OCc1ccccc1
mol_c31099fb57fd2bcb,train,O=C1NC(Cc2ccc3[nH]ccc3c2)CO1
mol_c31113a27f1eda2c,train,c1ccccc1
mol_c31388593dee8da9,train,c1ccccc1
mol_c316cf4e361d81c8,train,ACYCLIC:CCCCCCCCN(C)CCCCCCCC
mol_c322d9578739cb75,train,c1ccc(CCN2CCC3CC2Cc2ccccc23)cc1
mol_c32ce00651db48a3,train,c1ccccc1
mol_c34205f6fe7c2095,train,O=C1CC2CCCC2C2CCC3CCCCC3C12
mol_c36ee430bb5ed8cc,train,C1CCC(OC2CCCCO2)CC1
mol_c3881ec32d352ffc,train,C1CCC2(CC1)OCCO2
mol_c388e55219dce9a1,train,c1ccccc1
mol_c3993384e224a08e,train,c1ccccc1
mol_c3a4c6f6d22d3e1a,train,O=C1CCCC(OC2CCC(OC3CCCCO3)CO2)CCCCC=CC=CCCO1
mol_c3ac92c8da929ef3,train,O=C1OCCN1N=Cc1ccco1
mol_c3b147b3f6eb677d,train,c1ccccc1
mol_c3b3083d15dc8133,train,O=C1CC(CCC2CCCCC2=O)CC(=O)N1
mol_c3bce36fd6d6e045,train,ACYCLIC:CCCCCCC#CC(=O)OC
mol_c3c7532c524badbc,train,ACYCLIC:CCC/C=C/C=O
mol_c3e363d55fc00e2b,train,O=C(NC(=O)c1ccccc1)Nc1ccccc1
mol_c3e97130f734e200,train,c1ccccc1
mol_c402a4f69a26a14c,train,c1ccccc1
mol_c40482a59f2914b7,train,c1ccccc1
mol_c4067126deb7ff4c,train,c1ccccc1
mol_c41359fc385eb52e,train,O=C(NCC1CNC2Cc3c[nH]c4cccc(c34)C2C1)OCc1ccccc1
mol_c413c13bbc24d162,train,ACYCLIC:C=CC(=O)OCC(CC)(COC(=O)C=C)COC(=O)C=C
mol_c417fad5099772ce,train,O=C(NC(=O)c1ccccc1)Nc1ccc(Oc2ccccn2)cc1
mol_c41857d7f55f4650,train,ACYCLIC:C=C(C)C(=O)OCCCCCCCCCCOC(=O)C(=C)C
mol_c4218fe51fa1e547,train,ACYCLIC:N[C@@H](CCC(=O)N[C@@H](CS)C(=O)NCC(=O)O)C(=O)O
mol_c43d9e1f426f4185,train,ACYCLIC:OCCOCCOCCO
mol_c447682c0a0f96d3,train,c1ccccc1
mol_c45830a1b1d926ac,train,c1ccccc1
mol_c458c472531fe405,train,c1ccccc1
mol_c45ef401c6776d4d,train,ACYCLIC:CN(C)NC(=O)CCC(=O)O
mol_c46aab0487d992b1,train,O=C(NC1CCCCC1)NS(=O)(=O)c1ccccc1
mol_c471b9239f6b0b4c,train,c1ccccc1
mol_c49b034cf58a0b17,train,ACYCLIC:C=C(C)C(=O)OCCCC
mol_c4a1601b1a8edab0,train,c1ccc(-c2noc(-c3ccccc3)n2)cc1
mol_c4ab98ec6de9558c,train,O=C(NN1CC2C3CCC(C3)C2C1)c1ccccc1
mol_c4b2c4e22a08fb32,train,c1ccc(-c2nnn[nH]2)cc1
mol_c4bfb1695aca1e08,train,O=C(CCNNC(=O)c1ccncc1)NCc1ccccc1
mol_c4cc9df065bf38a1,train,ACYCLIC:COC(=O)C(C)O
mol_c4f3eb7c309bdb9d,train,c1ccccc1
mol_c5004b1379ecc7bd,train,c1ccccc1
mol_c51ef5b002d9675b,train,c1ccccc1
mol_c521c0d67302f8db,train,C=C1CC2CCC1C2
mol_c524ceb2bd4e9226,train,ACYCLIC:C=C[Si](OC(C)=O)(OC(C)=O)OC(C)=O
mol_c528a8b6819c0ed8,train,ACYCLIC:C=C(C)C#N
mol_c53f40452fdb7f20,train,ACYCLIC:CCCCCOC(C)=O
mol_c540b5073a4b4349,train,ACYCLIC:CCCCCC/C=C/CCCCCCCC(=O)O
mol_c5487931d6c62f46,train,c1ccc(C2CCCNC2)cc1
mol_c549ebe3eb6de863,train,C1CC2CC(C1)C2
mol_c5583fa18895c84d,train,c1ccc(-c2c[nH]c3ccccc23)cc1
mol_c55cbfa928ffb1fb,train,c1cncc(C2CCCN2)c1
mol_c5625a5c825d46fa,train,c1ccccc1
mol_c56da1fccd5dc9d1,train,ACYCLIC:C=C(C)C(=O)OCCN(C)C
mol_c56fa960f36f625d,train,c1ccccc1
mol_c57d2273a6e07dbe,train,ACYCLIC:C=C[Si](OC)(OC)OC
mol_c57dc96081d76b12,train,C1CC[NH2+]CC1
mol_c589f49a2948d81f,train,ACYCLIC:CCCCCCCCS
mol_c58a116c2999ec25,train,O=C(Nc1nc(-c2ccccc2)cs1)c1cc2ccccc2[nH]1
mol_c5903e99b2034bda,train,c1ccccc1
mol_c5a5173264a9d3f8,train,N=C(Nc1ccccc1)Nc1cccc2ccccc12
mol_c5b7b4484930ebcc,train,c1ccc2sc(SNC3CCCCC3)nc2c1
mol_c5cd699135f27184,train,c1ccccc1
mol_c5d371b76f00554b,train,c1ccc(CCC2CO2)cc1
mol_c6119165a4544d84,train,c1ncn(C2CCCO2)n1
mol_c61d1efd349614d5,train,c1ccc2c(c1)OCCO2
mol_c61f1375bb4a2e79,train,c1ccccc1
mol_c62a62cf7734fbb6,train,c1ccc(COC2CC3CCC2O3)cc1
mol_c62c8858c8b2efcb,train,O=C(NCc1ccccc1)c1cc(=O)[nH]c(CNC(=O)c2nnco2)n1
mol_c63b5353850fec7e,train,ACYCLIC:N#CCC(=O)NN
mol_c63e0c69c4ea1af1,train,O=[PH](Oc1ccccc1)Oc1ccccc1
mol_c63ec018d728e790,train,ACYCLIC:C=CCOC(=O)CCCCCC
mol_c64bea1e811023f0,train,c1ccccc1
mol_c65140f4ef2a3f5a,train,c1ccc(C[SH+]c2nc3ccccc3[nH]2)nc1
mol_c66b12b90dc9dc6e,train,ACYCLIC:COCCC#N
mol_c66bf5258218e5ba,train,O=C1CNC(=O)C2CCCN2C(=O)CNC(=O)C(NC(=O)c2cc(=O)cc3oc4cccc(C(=O)NC5COC(=O)CNC(=O)CNC(=O)C6CCCN6C(=O)CNC5=O)c4nc2-3)COC(=O)CN1
mol_c67059c1d062dac8,train,ACYCLIC:CCCC(C)C(=O)OCC
mol_c6783a47fe06e7a4,train,c1ccccc1
mol_c67d013e55846446,train,c1ccccc1
mol_c688391a852288a6,train,ACYCLIC:CCC(C)C=O
mol_c69874c922b888ec,train,c1ccccc1
mol_c699535c8a54a975,train,ACYCLIC:CC(Cl)CCl
mol_c69af49093c741ce,train,c1ccccc1
mol_c69d96a97e0c500c,train,c1ccccc1
mol_c6b241fee6ed1b39,train,c1ccc2c(c1)CC1ON2CC2NC21
mol_c6b399a018c57c1a,train,ACYCLIC:CC(=N\O)/C(C)=N/O
mol_c6b581b477de2a58,train,c1ccccc1
mol_c6b64b5a019a3981,train,c1ccccc1
mol_c6bee725b36c730f,train,c1ccccc1
mol_c6cb34bc0b448437,train,ACYCLIC:CCCCCCCCCCCCCCCCCCOCCO
mol_c6d016c9207ec7de,train,c1ccc(-c2ccon2)cc1
mol_c6dbf2dd71e6e988,train,ACYCLIC:CCCCNC(=N)NC(=N)N
mol_c6e008c01b99300d,train,c1ccc2c(c1)ccc1ncccc12
mol_c6e4c102a8ddf740,train,ACYCLIC:COP(=O)(OC)OC
mol_c6ec268e1bd97224,train,c1ccccc1
mol_c6f9296d8bce581d,train,O=C(Nc1ccccc1)N(Cc1ccccc1)C1CCCC1
mol_c6fd7756c467100a,train,ACYCLIC:CCCCOC(=O)CO
mol_c727a86de97c8788,train,c1ccc(SC2CCNCC2)nc1
mol_c72d8472ed2ea4a4,train,C1CCC(N=NC2CCCCC2)CC1
mol_c74dc8a7fac979a4,train,O=C(NN1CCCCC1)c1ccccc1
mol_c75a9471fe0c4ffd,train,c1ccc(CCNCCc2ccccc2)cc1
mol_c75ddd94b9c037b6,train,ACYCLIC:C=CC(Cl)CCl
mol_c774c772b03a5bd2,train,c1ccc(-c2cscn2)cc1
mol_c779f72fa45391ec,train,O=c1[nH]c2ccccc2nc1Cc1ccccc1
mol_c784b3b88dad3f81,train,ACYCLIC:CCCCCCCCCCCCCCN(C)C
mol_c7a8c74cb60ad6fa,train,O=C1c2ccccc2CN1c1ccccc1
mol_c7ae7445b899574b,train,O=[PH](OCC1CCC(n2cnc3cncnc32)O1)O[PH](=O)OCC1CCC([n+]2ccccc2)O1
mol_c7b02b09e8602cc0,train,c1ccccc1
mol_c7c1127fb8d56177,train,ACYCLIC:CCCC(=O)OCCC(C)CCC=C(C)C
mol_c7c3b08fcea030c0,train,c1ccc2c(c1)CCc1ccccc1N2
mol_c7c5eaff27daecef,train,O=C1OC2(C=C1c1ccccc1)CCCCC2
mol_c7c63df1a42eac8a,train,c1ccccc1
mol_c7ce0b59c88b1f3d,train,O=c1ncccn1C1CSCO1
mol_c7e1907423d790cf,train,C1CCC(OC2CCC(OC3CCCOC3)OC2)OC1
mol_c7ed3a416341a6a1,train,ACYCLIC:NC(=O)CF
mol_c801f2c5e8739271,train,c1ccccc1
mol_c81005e2c0b444b4,train,O=C1C=C2C=CC3C4CCCC4CCC3C2CC1
mol_c81985d667bb4e97,train,ACYCLIC:C=C(C)OC(C)=O
mol_c8260cadcfea7f4f,train,c1ccccc1
mol_c83047efa13f9cbb,train,c1ccccc1
mol_c84a4d0afa637ac1,train,ACYCLIC:Cl/C=C/Cl
mol_c87505c7f294f742,train,c1ccccc1
mol_c878286e6fd6c824,train,C(=NCc1ccccc1)c1ccccc1
mol_c87b7a7a34ed4cbe,train,C1COC1
mol_c895c4c4f979f5b6,train,ACYCLIC:CCCCOCCOCCO
mol_c8a33c10b1bbd5e6,train,ACYCLIC:O=C(O)C(=O)O
mol_c8b57425d6e3530f,train,c1ccccc1
mol_c8b73a79c7faf37a,train,ACYCLIC:CCOCCOCCOCC
mol_c8b83a9595ee3ff5,train,O=c1ccc2cc(OC3CCCCO3)ccc2o1
mol_c8bb32f23be16320,train,c1ccccc1
mol_c8bc2c8efae50278,train,C=C1CCC=CCCC2CCC12
mol_c8c06bca0d2e0377,train,c1ccc(CN2CCNCC2)cc1
mol_c8c586b465f15c18,train,c1cc[nH]c1
mol_c8c7d737b37cad85,train,O=C1CCC(C(=O)N2CCSC2)N1
mol_c8d97483e569a0f4,train,C(=Cc1ccccc1)C(C=Cc1ccccc1)=NN=C1NCCCN1
mol_c8f1649d24815ab6,train,O=C(OCCOc1cccc2[nH]ccc12)c1ccccc1
mol_c904dc74429a6a74,train,c1ccc2c(c1)oc1ccccc12
mol_c90c73f1c6c8260f,train,c1ccccc1
mol_c9161eebdaae1f7e,train,O=S(=O)(Nc1ncccn1)c1ccccc1
mol_c9234c7b8f5e4ea7,train,ACYCLIC:CCCCCCCC(=O)Cl
mol_c9451141b652ca79,train,c1ccc(CCN2CCC(c3nc4ccccc4[nH]3)CC2)cc1
mol_c947df2298db3138,train,O=C1C=CC2C(CCC3C4CCCC4CCC23)C1
mol_c94a61695a214f1b,train,O=C(C1CCCO1)N1CCN(c2ncc3ccccc3n2)CC1
mol_c96ad21e0913425f,train,c1coc(CNc2[nH]cnc3ncnc2-3)c1
mol_c9797f751bed0ef2,train,O=S(=O)(Nc1nncs1)c1ccccc1
mol_c9845382129739a6,train,C(CCN1CCNCC1)=C1c2ccccc2Sc2ccccc21
mol_c9901107617731f9,train,c1ccccc1
mol_c994275595686f89,train,c1ccccc1
mol_c9957317b1444b67,train,c1ccc2[nH]nnc2c1
mol_c9a865c7ae67d09a,train,C1CC1
mol_c9b7b94015fa0130,train,c1ccc(Oc2ccccn2)cc1
mol_c9ba49f8e5c7b1af,train,C(=C(c1ccccc1)c1ccccc1)c1ccccc1
mol_c9c5b90e8a71c501,train,c1cnc2[nH]ncc2c1
mol_c9c7bd9a09f443de,train,c1ccccc1
mol_c9d9e789f723c6a3,train,ACYCLIC:CCCC(CCC)C(N)=O
mol_c9dc1676aa0893fb,train,c1ccc(C(OC2CCNCC2)c2ccccc2)cc1
mol_c9dded409f6b60d9,train,c1ccc(-c2cc(-c3ccccc3)[nH+][nH]2)cc1
mol_c9e0abcf015674d6,train,c1ccccc1
mol_c9e22f873b29391c,train,ACYCLIC:C=C(C)C(=O)OCC(CC)(COC(=O)C(=C)C)COC(=O)C(=C)C
mol_ca0302c76acc3620,train,c1ccccc1
mol_ca2dabb7cedb821f,train,c1ccccc1
mol_ca33322fc576b5c7,train,c1ccccc1
mol_ca3f1c441006a965,train,O=C(Oc1ccc2c(c1)CCC1C2CCC2CCCC21)c1ccccc1
mol_ca49c24ac4e9f2ae,train,c1ccc(C2=NC3c4ccccc4CC3S2)cc1
mol_ca4a70fa3a62f868,train,c1ccccc1
mol_ca5d797ef70692b1,train,c1ccccc1
mol_ca6ded55867f2090,train,c1ccccc1
mol_ca7b1160fe94b4dd,train,ACYCLIC:CCCCCCCCCCCCN(C)C
mol_ca7e2b6b9d5a3d85,train,c1ccccc1
mol_ca80ed839e02a63a,train,ACYCLIC:[Br][Ca][Br]
mol_ca82ffc672efeb88,train,O=c1cccnn1-c1ccccc1
mol_ca8379edb9a8f247,train,ACYCLIC:CCCSC(=O)N(CCC)CCC
mol_ca860115e4082cbd,train,O=C(NC1CCNCC1)c1cccc2c1OCC2
mol_ca8f7875ff40523d,train,ACYCLIC:[Pd+2]
mol_ca8f78da4d573c00,train,ACYCLIC:CCCCCCCO
mol_ca95021ace7920e9,train,ACYCLIC:CCC/C=C/CO
mol_ca9efc65f85ce751,train,c1ccccc1
mol_caa1e49477bd1c39,train,c1ccc2c(c1)CCO2
mol_caa227bf8d0a8a86,train,c1ccc(Nc2nnc(Cc3ccncc3)c3ccccc23)cc1
mol_caa492e9bb0fc37e,train,c1ccccc1
mol_caacbdebc63ac3f3,train,ACYCLIC:CCN(C=O)CC
mol_caafd6ba967acba7,train,ACYCLIC:O=C(O)C(Cl)(Cl)Cl
mol_cab44470ea1d730d,train,O=C(C=Cc1ccccc1)OCc1ccccc1
mol_cab722165edfd08e,train,O=c1ccn2c3c(c(C4CC4)ccc13)OCC2
mol_cad27fb0495b6eec,train,c1ccc(Cn2cnc3cncnc32)cc1
mol_caea56d0bbcc7a28,train,C1=CC2CCC3Nc4ccc(C5CC6CCCN(CCc7c5[nH]c5ccccc75)C6)cc4C34CCN(C1)C24
mol_caefb483801cc9b3,train,c1cc(Sc2ccc(-n3ccnc3)cc2)cc(C2CCOCC2)c1
mol_cb16645a4cf5a10d,train,ACYCLIC:CCSCCCl
mol_cb17cb07af09b213,train,c1ccccc1
mol_cb19b6420e5620e4,train,ACYCLIC:CCCCC(CC)C(=O)Cl
mol_cb1d70666e2c2f11,train,c1ccccc1
mol_cb22b89b84cc58f8,train,ACYCLIC:NCCOCCO
mol_cb246065f8d4fe45,train,c1ccc(-n2cccn2)cc1
mol_cb372ad0cf51e063,train,c1ccc2c(c1)ncc1nc[nH]c12
mol_cb51ccd748b95da3,train,O=C1NCN(c2ccccc2)C12CCN(CC1COc3ccccc3O1)CC2
mol_cb55ab1c82eb6c5c,train,ACYCLIC:CCC(C)COC(=O)CC(C)C
mol_cb63c64f51b5828c,train,O=C1CC2OCC(CSc3nnn[nH]3)=CN12
mol_cb705f74200e48ba,train,ACYCLIC:CC=C(Cl)Cl
mol_cb914130909d54b2,train,O=C1c2ccccc2C(=O)C1c1ccccc1
mol_cb9cc56561229a8c,train,c1ccccc1
mol_cb9edcf4cbe9366e,train,O=C(C=Cc1ccccc1)OC1CCCCC1
mol_cbe9af794068ed75,train,c1ccccc1
mol_cbeb44475dd43d29,train,S=C(c1ccccc1)N1CCOCC1
mol_cbf1b954a93c0d6b,train,O=C(CCc1ccccc1)NCC(=O)OCc1ccccc1
mol_cbf1d882151e954b,train,O=S1(=O)NC(CSCc2ccccc2)=Nc2ccccc21
mol_cbfb9fb1fb9d8b24,train,c1ccccc1
mol_cc0cd4d7a8d47f7c,train,c1ccccc1
mol_cc1e4b3a487cacf2,train,O=C(NC(c1ccccc1)C1CN2CCC1CC2)c1ccccc1
mol_cc3a69313d732a53,train,c1ccccc1
mol_cc3de63ea0592d60,train,c1ccccc1
mol_cc56bb0c712fba8f,train,ACYCLIC:CCCCCCCCCCOC(C)=O
mol_cc5c37543bcabd9b,train,ACYCLIC:C=C(C)C(=O)OCCCCCCCCCCCCC
mol_cc663b3764c00cb5,train,ACYCLIC:O=C(O)CC(S)C(=O)O
mol_cc6fa7dbad7adebc,train,c1ccccc1
mol_cc792e85132d8ccd,train,ACYCLIC:CCOC(=O)C=CC(=O)O
mol_cc7b2436ffe27c77,train,O=C1c2ccccc2C(=O)c2cc3c(cc21)CCCC3OC1CCCCO1
mol_cc7ff821e794b5d8,train,c1ccccc1
mol_cc838867c197450e,train,c1ccc2c(c1)OC1CCC3CCCCC34COC2C14
mol_cc84234a9370cb87,train,c1ccccc1
mol_cc93b07e41dcba9b,train,c1ccc(SCc2sc(-c3ccccc3)nc2CN2CCN(c3ccccc3)CC2)cc1
mol_cca397c2f357fd58,train,O=C1CC(=O)c2ccccc21
mol_cca7e3ccf2b90f7b,train,c1ccccc1
mol_cca82c1e8f43f7ed,train,ACYCLIC:CC(N)CN
mol_cca86da38a87318d,train,ACYCLIC:NC(=O)NO
mol_cca8a8035dfca0b0,train,c1ccccc1
mol_ccab294a4cf37a5e,train,c1ccc(CC2CCCCCC2)cc1
mol_ccc51878bebf4306,train,ACYCLIC:CCC(=O)OC
mol_cccd397134e53e8e,train,c1ccccc1
mol_cccfb4940dfd1ea5,train,c1ccccc1
mol_ccd82f2763f2a9d3,train,O=C1C=CCC(C=Cc2ccc3c(c2)OCO3)O1
mol_cce6c97621b98bd0,train,c1ccccc1
mol_cce8369217edfcf3,train,c1ccc(C2CCNCC2)cc1
mol_cce937559094fc61,train,ACYCLIC:[Cd+2]
mol_ccec7aadc39f9caf,train,c1ccc(C2CC2)cc1
mol_cd03188759596b79,train,O=c1n(CC2CO2)c(=O)n(CC2CO2)c(=O)n1CC1CO1
mol_cd17cc2f58ca4c56,train,c1ccc(-c2nnn[nH]2)c(-c2ccc(Cn3cnc4ccccc43)cc2)c1
mol_cd1d05e9eee14d0e,train,ACYCLIC:CC(=O)NCCCS(=O)(=O)O
mol_cd1f11329cfe031f,train,O=C(c1cc2ccccc2o1)N1CCN(Cc2ccccc2)CC1
mol_cd29682f0a05dfe7,train,ACYCLIC:CC(Cl)C(Cl)Cl
mol_cd35089bdaa37357,train,c1ccccc1
mol_cd43e60b007952d6,train,O=c1[nH]c(=O)[nH]c(=O)[nH]1
mol_cd48717d1210bed4,train,C1CCC2=NCCCN2CC1
mol_cd595acda1e1c490,train,O=C1c2cc3ccc(OC4CC(OC5CCCCO5)CCO4)cc3cc2CCC1OC1CC(OC2CC(OC3CCCCO3)CCO2)CCO1
mol_cd59874f292973b7,train,ACYCLIC:O=S(O)CO
mol_cd5cbaefc555aae2,train,N=C1SCCN1Cc1cccnc1
mol_cd6b61467c1a9563,train,O=C1C=C2CCC3C4CCC(=O)C4CCC3C2CC1
mol_cd6fbb7e874f775d,train,c1ccccc1
mol_cd7159d52b0abe7c,train,c1ccc(OCCn2ccnc2)cc1
mol_cd89f9e43020b808,train,O=C1COC(=O)N1
mol_cd9448c480514ee5,train,ACYCLIC:CC/C=C\CCO
mol_cdc327033eeea935,train,c1ccccc1
mol_cdc6998e4b84ad08,train,ACYCLIC:CCCCCC(CO)CCC
mol_cdc90ab05e4a4be6,train,O=C(c1ccc(C#Cc2ccccc2)o1)N1CCC(c2ccccc2)CC1
mol_cde012544980e620,train,c1ccccc1
mol_cdf9a85ca5915222,train,ACYCLIC:C[N+](C)(C)CC(=O)[O-]
mol_ce0df2733d537c64,train,O=C(NCCNC(=O)c1cccnc1)c1cccnc1
mol_ce132f083ba44e1c,train,c1ccccc1
mol_ce17c9ec55003612,train,ACYCLIC:ClCCOCCCl
mol_ce1ad7da1c115450,train,O=C(NS(=O)(=O)C=Cc1ccccc1)c1ccccc1
mol_ce2590cc8d256557,train,O=C(Cc1ccccc1)NCc1ccncc1
mol_ce37c7d7cffd6849,train,O=C1CCC(=O)O1
mol_ce38f62773c67bd2,train,c1ccc(NCc2cnc3ncncc3n2)cc1
mol_ce4b16122532bddd,train,ACYCLIC:O=S(=O)(O)S
mol_ce54069ec8946c4c,train,c1ccc(C2CCCc3cncn32)cc1
mol_ce548cec318b463f,train,ACYCLIC:CCCCCCCCC=O
mol_ce564a4bc280054e,train,O=C1CCC(C(=O)N2CCCCC2)N1
mol_ce58e95e786fc87e,train,ACYCLIC:CCCCCCC=O
mol_ce5fe49a4cb19a65,train,c1ccccc1
mol_ce88fec6f579e2a6,train,O=[PH](OCc1ccccc1)OCc1ccccc1
mol_ce8f24a16399a775,train,C=C1c2ccccc2C(=O)C2=CC3C(=O)C=CCC3CC12
mol_ce95524e5120b106,train,c1ccccc1
mol_ce9cf1a81e695b49,train,O=c1[nH]ncn1-c1ccc(N2CCN(c3ccc(OCC4COC(Cn5cncn5)(c5ccccc5)C4)cc3)CC2)cc1
mol_cebfc6ddc7951a4d,train,ACYCLIC:CCCCC#N
mol_cec2d376bac47f85,train,c1ccccc1
mol_cecb216fda244a31,train,O=C1NC2(CCN(Cc3ccc(Oc4ccccc4)cc3)CC2)C(=O)NC1CC1CCCCC1
mol_cecc746ec1917270,train,c1ccccc1
mol_cecd6f06163d4779,train,O=c1ccn(C2CC2)c2cc(-c3ccc4c(c3)CNC4)ccc12
mol_ced10074b3a497ab,train,c1cn[nH]c1
mol_ced1b284c3f22cab,train,c1ccccc1
mol_ced805b93e9bf4cd,train,c1ccccc1
mol_cefe8a6e15c7d51a,train,C1COCO1
mol_ceff35958bf51ef1,train,ACYCLIC:CCCC(=O)C(C)=O
mol_cf08e032282ef83b,train,C1=Cc2ccccc2NC1
mol_cf0cfe8c271b6b64,train,ACYCLIC:CCCCCCCCCCCCCCCCCCN(C)C
mol_cf15b4e61eb4fd4a,train,c1ccccc1
mol_cf26a17c1bae111b,train,O=c1[nH]c2ccccc2[nH]1
mol_cf398d5aa273c0ef,train,c1ccc(C2=NCc3nncn3-c3ccccc32)cc1
mol_cf3a3e568e35c3f6,train,ACYCLIC:CNC(=O)CSP(=S)(OC)OC
mol_cf42d420190ad1ab,train,O=C(Nc1ccccn1)C1=Cc2ccccc2S(=O)(=O)N1
mol_cf4bb6c636110dc6,train,c1ccccc1
mol_cf53188314d8db37,train,ACYCLIC:CC(C)C(C)C
mol_cf5e910417a820c4,train,ACYCLIC:O=C(O)CCCCCCCCCCC(=O)O
mol_cf70aac81bb9dd84,train,C1CC[NH2+]CC1
mol_cf8585ba1b6202f4,train,ACYCLIC:CCNP(=S)(OC)O/C(C)=C/C(=O)OC(C)C
mol_cf8bb123433d161c,train,O=C(OCC1CO1)C1CCCCC1C(=O)OCC1CO1
mol_cf8d060f1d2d605f,train,C1=CC2C3Cc4cccc5c4C2(CCN3)C(C1)O5
mol_cfab6a11d1275383,train,O=C(Nc1ccccc1)NC1CCCCC1
mol_cfaf8acf7c7ab4c8,train,ACYCLIC:CCOP(=O)(O)C(N)=O
mol_cfc2cbf876566820,train,O=C(NC1CCN(Cc2ccccc2)C1)c1ccccc1
mol_cfc43744fac6c266,train,O=C(Nc1cccc2ccccc12)c1ccccc1
mol_cfd894e50fdfcefa,train,c1ccc2c(c1)CC1NCCC23CCCCC13
mol_cfdde373a2a8c046,train,ACYCLIC:O=S(=O)(O)C(F)(F)C(F)(F)C(F)(F)C(F)(F)C(F)(F)C(F)(F)C(F)(F)C(F)(F)F
mol_cfde0905ca76b817,train,c1ccc2c(c1)N=C(N1CCNCC1)c1ccccc1O2
mol_cfeead94950704a5,train,O=C(SCCC(=O)N1CCC(Sc2ccccc2)C1)c1ccccc1
mol_cff9fcb861b29552,train,O=C1CCCC(OC2CCC(OC3CCCCO3)CO2)CCCCC=CC=CCCO1
mol_d002f7fbe74ce2df,train,c1ccccc1
mol_d00f1979b2415c91,train,C(CCN1CCCCC1)=C(c1cccs1)c1cccs1
mol_d011924504f7f0d9,train,ACYCLIC:CCCCN(CCO)CCCC
mol_d02b9c32d01ed3b2,train,C1=CC2C3Cc4cccc5c4C2(CCN3)C(C1)O5
mol_d0328f156f404b7c,train,ACYCLIC:C=C(C)C(=O)OCCOCCOC(=O)C(=C)C
mol_d03eeed5a4cbbe6e,train,c1ccccc1
mol_d046a859721ff024,train,ACYCLIC:CC(=O)N(O)CCCCCNC(=O)CCC(=O)N(O)CCCCCNC(=O)CCC(=O)N(O)CCCCCN
mol_d04738462de3508f,train,O=S1(=O)CCCc2ccccc21
mol_d0478c173535bbc3,train,c1ccc2c(c1)Oc1ccccc1O2
mol_d053f17a422370b6,train,ACYCLIC:CCCCCCCCCCCCCCCCCl
mol_d059c6d522c74ede,train,ACYCLIC:CC(CO)(CO)[N+](=O)[O-]
mol_d06390cfc35f7375,train,ACYCLIC:CC(C)CCC(=O)CCC(C)C
mol_d068289ff320d518,train,c1ccccc1
mol_d06ec87f23878147,train,c1ccc(-c2cc3ccccc3n2Cc2ccc(OCCN3CCCCCC3)cc2)cc1
mol_d07101abfee03efb,train,ACYCLIC:CC(C)(CO)[N+](=O)[O-]
mol_d0882325d5fa021c,train,c1ccccc1
mol_d098d7bae6befdee,train,ACYCLIC:COC(=O)C(C)=O
mol_d0ba2611b6e2b5de,train,c1ccc(Oc2ccc(Oc3ccccn3)cc2)nc1
mol_d0c1107c68480785,train,c1ccc(NC2Cc3ccccc3C2)cc1
mol_d0d551daaf01c594,train,O=C(CNC(=O)NCc1cscn1)NC(CCC(Cc1ccccc1)NC(=O)OCc1cncs1)Cc1ccccc1
mol_d0db2d3e9ab84e70,train,O=C1CCC23CCCCCC(CCC2)C13
mol_d0e8f5de9bc91b3d,train,c1ccc(CCC(Cn2ccnc2)Sc2ccccc2)cc1
mol_d0f5f2efca69e57b,train,O=C1COC(CCN2CCC(c3ccccc3)CC2)(c2ccccc2)CN1c1ccccc1
mol_d0f7bcb9ff12b417,train,c1ccc(CC2=NCCN2)cc1
mol_d0fb2413f6873dda,train,C1=CC2CC3CCCC3(C1)C2
mol_d0fc67ab7ee391b3,train,c1ccccc1
mol_d104b6fa2b82b460,train,ACYCLIC:CCCC(CCC)C(=O)O
mol_d104d2f4fca3f957,train,c1ccccc1
mol_d107362c2f05cc05,train,c1ccc(Cn2ccnn2)cc1
mol_d108d052f717abae,train,O=C(NCCc1ccccc1)C1CCCN1
mol_d120d0bbcb43f030,train,ACYCLIC:O=C(Cl)C(Cl)Cl
mol_d12e031e5ea6d24f,train,O=C(Cc1cccc2occc12)NC1CCC2(CCCO2)CC1N1CCCC1
mol_d137ad00add52107,train,c1ccccc1
mol_d1394131ad2d6a3c,train,O=C(NC(Cc1ccccc1)C(=O)Nc1ccccc1)c1ccccc1
mol_d149982fe8e1032d,train,ACYCLIC:CC(C)=CCCC(C)=CC(=O)O
mol_d1519fa7f10932f4,train,N=C(Nc1ccccc1)Nc1ccccc1
mol_d15476494a0d85af,train,C1CCCNCCC1
mol_d156c7f61581a866,train,ACYCLIC:O=C(O)C(F)(F)C(F)(F)C(F)(F)C(F)(F)C(F)(F)C(F)(F)C(F)(F)F
mol_d16d5b383ac3b2f3,train,c1ccc(CN2CCc3ccsc3C2)cc1
mol_d17ae2b6d371ee0a,train,O=C(Nc1ccccc1)N(Cc1ccccc1)Cc1oc2ccccc2c1-c1ccccc1
mol_d17cae0f37deae64,train,O=C1C=CC(=O)N1
mol_d1804144c49488f4,train,O=c1[nH]cnnc1-c1ccccc1
mol_d18311a51b429b6d,train,ACYCLIC:CCN(O)CC
mol_d18376dafc25a2fa,train,c1ccccc1
mol_d184d59c80d98750,train,c1ccc(-c2nccc3ccccc23)cc1
mol_d1890d19e444708a,train,c1cncc(C2=NCCS2)c1
mol_d1b6e2f6074a3afe,train,ACYCLIC:CCC(=O)C(=O)CC
mol_d1bc7839b699642e,train,c1ccccc1
mol_d1c762ad73b514e9,train,c1ccc(-c2ccccn2)nc1
mol_d1c96b6b2cf21ed2,train,c1ccccc1
mol_d1cf7fb693b553ee,train,ACYCLIC:CCCCCCC
mol_d1dc6708cf489d13,train,O=C(Nc1ccccc1SSc1ccccc1NC(=O)c1ccccc1)c1ccccc1
mol_d1e496a0bcc7f960,train,O=C1CCCC(OC2CCC(OC3CCCCO3)CO2)CCCC(OC2CCCCO2)C=CC=CCCO1
mol_d1e7762c46378474,train,c1ccccc1
mol_d1eceb278b4002f5,train,ACYCLIC:CC(C)CC(=O)CC(C)C
mol_d1f087a967b8f0d5,train,c1cn(C2CCCO2)cn1
mol_d1f99e0d6a300441,train,ACYCLIC:CN(C)CCCNCCCN(C)C
mol_d203510713340f57,train,O=C1NCC(c2ccccc2)=Nc2cn[nH]c21
mol_d2052b2245985f67,train,O=C1C=C2CCC3C4CCCC4CC(=O)C3C2CC1
mol_d20b799c5b5eb6f8,train,ACYCLIC:C=C(C)C(=O)OCCCCOC(=O)C(=C)C
mol_d21ccf9a47b080d2,train,O=C1CCCC(=O)C1
mol_d227e9be25f3f17d,train,O=C(c1ccccc1)C1CCN(CCc2cnc3n(c2=O)CCS3)CC1
mol_d22f483f6a37edb8,train,O=S(=O)(Nc1ccon1)c1ccccc1
mol_d239c03806a385bb,train,ACYCLIC:CCCCCCCOC(C)=O
mol_d2479fc11409e28e,train,ACYCLIC:ClCCOP(OCCCl)OCCCl
mol_d2483c3d6b4b429c,train,C(=C1SCC(c2ccccc2)S1)n1ccnc1
mol_d24ee5813f5accff,train,C(=Cn1cncn1)c1ccccc1
mol_d27ecce1e330f1fa,train,O=C(NCc1ccc(OCCc2coc(-c3ccccc3)n2)cc1)Oc1ccccc1
mol_d290530043b6f115,train,c1ccccc1
mol_d29de9b2993364ed,train,c1ccccc1
mol_d2b508bf7ec9e65c,train,ACYCLIC:CCCCCCCCOC(C)=O
mol_d2b84b096869004e,train,O=C(c1cccs1)c1c[nH]c2ccccc12
mol_d2c393572108b3c9,train,c1ccc(C(c2ccc3nc[nH]c3c2)n2ccnc2)cc1
mol_d2d2a20c88ae6878,train,O=C(OC1CC2CCCC(C1)N2)C(c1cccs1)c1cccs1
mol_d2d603908bf8f79f,train,ACYCLIC:BrC(Br)Br
mol_d2dcc23bcdd9ae0e,train,C1CCC(C2CCCCC2)CC1
mol_d2deede8d241ff2c,train,C1=COC(OC2CCCC(OC3CCCCO3)C2)CC1
mol_d2e640ec6c308b6d,train,ACYCLIC:CC(=O)CCC(C)C
mol_d2fa40284b5eda70,train,N=C1C=C2CCC3C4CCCC4CCC3C2CC1
mol_d2fbc77ac9728c1f,train,c1ccccc1
mol_d2fe1165f821c17b,train,ACYCLIC:CCCCOC(=O)/C=C\C(=O)OCCCC
mol_d2fecd1e28a4d739,train,ACYCLIC:CC(S)C(C)S
mol_d31603a18b309793,train,O=C1CNC(=O)N1c1ccccc1
mol_d321e1af18c5d530,train,c1ccccc1
mol_d3227c91d5a94d30,train,C(COc1ccc2c(c1)[nH]c1ccccc12)=C1CN2CCC1CC2
mol_d32371c79f172ca8,train,c1ncc2[nH]cnc2n1
mol_d323e3200180eb7a,train,S=C1NC(c2ccccc2)N2C(=S)NC(c3ccccc3)N12
mol_d32affeb05e1d6c1,train,O=C1CC2C(CCC3CCCCC32)O1
mol_d331c0e7513c5c46,train,c1ccccc1
mol_d333c60fe417c342,train,ACYCLIC:CCCCCCCCCCCCOC(C)=O
mol_d3459563c53792ce,train,c1coc(-c2nc3ccccc3[nH]2)c1
mol_d346c422d3daee0d,train,O=C(CN1CCN(Cc2ccc3c(c2)OCO3)CC1)N1c2ccccc2Sc2ccccc21
mol_d34700adbed4b39c,train,C1CC2CCC3C4Cc5nonc5CC4CCC3C2C1
mol_d35cce149b356219,train,c1ccccc1
mol_d35fdcb410222114,train,ACYCLIC:COC(=O)CCCCCCCC(=O)OC
mol_d382b48603438c95,train,ACYCLIC:FC(F)(F)C(F)(F)C(F)(F)C(F)(F)C(F)(F)C(F)(F)F
mol_d398c4893b3a70ad,train,O=C(Nc1ccccc1)c1cnoc1
mol_d3c3022298f0a342,train,ACYCLIC:CCCCN=C=O
mol_d3c5df7dbe0b0e2a,train,ACYCLIC:OCCC(F)(F)C(F)(F)C(F)(F)C(F)(F)C(F)(F)C(F)(F)F
mol_d3cb778de1d4e91a,train,ACYCLIC:CCCCCCCCCC(=O)OC
mol_d3cd41e66be72a4a,train,c1ccc(Nc2ncnc3ccc(OCCCN4CCOCC4)cc23)cc1
mol_d3d6eae8c36d171e,train,N=c1[nH]ncs1
mol_d3e39a5e3048aad8,train,c1ccc(-c2ccc(CC3COc4cc(C5CCCC5)ccc4C3)cc2)cc1
mol_d3e3df8944c97149,train,c1ccccc1
mol_d3ec69fc95ba3ab0,train,c1nsnc1N1CCOCC1
mol_d3ef055281dd452c,train,ACYCLIC:CCCC(CC)CCCCCCCN
mol_d3f0dfda002b80f7,train,c1ccccc1
mol_d3f1fd5a3801b9c2,train,C=C1CCC2CCCCC2C1CC=C1CCOC1=O
mol_d4030381944ba4b0,train,c1ccccc1
mol_d40c87c8ea09b47b,train,ACYCLIC:CC(C)(C)N
mol_d411b377c03bbabd,train,c1ccc2nc3ccccc3cc2c1
mol_d41b2817e8bb2799,train,c1ccccc1
mol_d431cd4278380475,train,ACYCLIC:COC(OC)OC
mol_d43eb71c56e1c2e1,train,c1ccccc1
mol_d444a6291092dc8d,train,O=C(CCCN1CCCCC1)c1ccccc1
mol_d44ec1b16d48d970,train,c1ccccc1
mol_d463b83201f69d02,train,O=C(OCCN1CCCCC1)c1cccc2c(=O)cc(-c3ccccc3)oc12
mol_d47151dc7b157cab,train,ACYCLIC:CC(C)(Cl)[N+](=O)[O-]
mol_d47688b243cf58d6,train,c1ccccc1
mol_d4819ea6e9a4988d,train,c1ccc2c3c([nH]c2c1)C1CC2CCCCC2CN1CC3
mol_d49a1a035d4ba740,train,c1ccccc1
mol_d4a0e80164978e2b,train,O=C(CCCC1CCCCO1)CC1CCCC2(C=CCC3(CCC(C4CCCCO4)O3)O2)O1
mol_d4a73c43e83a7866,train,O=c1[nH]c(=O)[nH]c(=O)[nH]1
mol_d4a8a0ec1389b1ed,train,ACYCLIC:CCCCC(CC)COC(=O)CS
mol_d4b24555e0cf6972,train,c1ccccc1
mol_d4b29a00767e2c41,train,N=c1ccc2c(-c3ccccc3)c3ccccc3oc-2c1
mol_d4b9602f5a9d0c85,train,c1ccc2nc3c(cc2c1)CCCC3
mol_d4d91c72de0aa9c0,train,ACYCLIC:CC(C)CNCC(C)C
mol_d4e85946bba50b51,train,O=C(NC(=O)c1ccccc1)Nc1ccccc1
mol_d4eb99670fc258ab,train,O=c1[nH]ncn1-c1ccc(N2CCN(c3ccc(OCC4COC(Cn5cncn5)(c5ccccc5)O4)cc3)CC2)cc1
mol_d500e557a52d56e9,train,c1ccccc1
mol_d502004caaab1b0a,train,ACYCLIC:CC(=O)N[C@@H](CCC(=O)O)C(=O)O
mol_d508d851c0b3aedf,train,O=C(Oc1ccc2c(c1)CCCO2)c1cccnc1
mol_d50c1329419e3631,train,c1csc(CNc2ccccc2-c2nnn[nH]2)c1
mol_d523c3f02945f66b,train,c1ccccc1
mol_d52c434682069b9f,train,ACYCLIC:O=C(Cl)/C=C/C(=O)Cl
mol_d52f1cf974c92ce3,train,ACYCLIC:CN(C)CCCN
mol_d5580f2ca0899a8d,train,c1ccccc1
mol_d567876e2ef8b713,train,ACYCLIC:CCCCCC(=O)OCC
mol_d57fa3e8a552681c,train,ACYCLIC:CC(CCl)OC(C)CCl
mol_d57fbecf80f02f61,train,C(=Cc1cccs1)C1=NCCCN1
mol_d5803dfb5815ccb7,train,ACYCLIC:C#CC(C)(O)CC(C)C
mol_d587191e11d166bb,train,O=C(NN1CCCCCC1)NS(=O)(=O)c1ccc(CCNC(=O)c2ccon2)cc1
mol_d5891aae6b75c9e0,train,O=C(NC1CCCCC1)NS(=O)(=O)c1ccc(CCNC(=O)c2cnccn2)cc1
mol_d58c76073f5aad04,train,C(=C1CCCC1Cn1cncn1)c1ccccc1
mol_d598de200f762efe,train,C1CCN2CCCC2C1
mol_d5a5b8ebaa90e8d6,train,O=c1ccc2ccc(OC3CCCCS3)cc2o1
mol_d5c11eea541daa0b,train,ACYCLIC:CC(O)C(CO)C(C)O
mol_d5d54a0fc6a1dd74,train,O=C(OC1CC2CCC(C1)N2)c1ccccc1
mol_d5f4e1486b5da847,train,c1ccccc1
mol_d5faafe22a9b19ee,train,c1ccccc1
mol_d5fbe9dc63078090,train,ACYCLIC:O=C(O)[C@H](O)[C@H](O)[C@@H](O)[C@H](O)[C@H](O)CO
mol_d5ff2591f8295a49,train,C1CCC(SSC2CCCCC2)CC1
mol_d60270e23b94e1c0,train,c1ccc(OCCCCCOc2ccccc2)cc1
mol_d6044096af0493cf,train,c1ccccc1
mol_d60874160182fd69,train,c1ccccc1
mol_d61492df8eba21a9,train,c1ccccc1
mol_d6156b7bacc109e8,train,O=c1[nH]sc2ccccc12
mol_d620ba0283a96660,train,ACYCLIC:CCC(C)COC(C)=O
mol_d626084134052fbe,train,ACYCLIC:CC(CCC(=O)O)C(=O)O
mol_d629abbf25d3cd0f,train,ACYCLIC:OCCCCCCCCCCCCBr
mol_d62a7522d7261a98,train,O=C(CNC(=O)CNC(=O)C(Cc1ccccc1)NC(=O)CNC(=O)C(Cc1c[nH]c2ccccc12)NC(=O)C(Cc1c[nH]cn1)NC(=O)C1CCC(=O)N1)NCC(=O)N1CCCC1
mol_d6317f480fe510db,train,C1CSCN1
mol_d633c399a4a714bb,train,O=S1(=O)OCC2C3C=CC(C3)C2CO1
mol_d63ed9fb078c65c6,train,ACYCLIC:CC=CCC#N
mol_d645aa79f55e85d0,train,ACYCLIC:O=C(O)C(F)(F)C(F)(F)C(F)(F)C(F)(F)C(F)(F)F
mol_d64b77dd8dcb6f5d,train,ACYCLIC:COCC(C)OC(C)=O
mol_d658427b8441a50e,train,O=C(CCOCCOCCOCCOCCC(=O)Nc1ccccc1)Nc1ccccc1
mol_d6646ff3c2be5353,train,ACYCLIC:O=P(O)(O)OP(=O)(O)O
mol_d67030aec6fae8fb,train,c1ccccc1
mol_d6917c44b43ccfff,train,O=C1CNc2ccc(C(=O)N3CCC(C4CCNCC4)CC3)cc2CN1
mol_d6c80d9e2e1682df,train,ACYCLIC:[CH3][Sn]([CH3])([Cl])[Cl]
mol_d6ccff5f39d6ee59,train,O=C(CCCc1ccccc1)N1CC2CCCCC2C1
mol_d6d8ed63edfab07d,train,O=C1OCC(c2ccccc2)=C1c1ccccc1
mol_d6ecae49e4e17c17,train,c1ccccc1
mol_d6f08fb798f93150,train,O=C1CCCc2ccccc21
mol_d6f213baa94a981e,train,ACYCLIC:COC(=O)CCC(=O)O
mol_d6f378adb9799352,train,c1ccccc1
mol_d72ee934d45647f2,train,c1ccccc1
mol_d73209f4675f0552,train,O=C(CNCCCc1ccccc1)N1CCNC1=O
mol_d73f38ac3ee399a0,train,c1ccc(Cn2ncc3ccccc32)cc1
mol_d741f25d664cfd37,train,ACYCLIC:CCC(C)C(N)C(=O)O
mol_d75b77dd2cf3c390,train,ACYCLIC:CCCCCC(O)/C=C/C=O
mol_d75bac1024d88c90,train,O=C1CCc2ccccc2N1
mol_d763bc3cdb5d7b8b,train,c1ccccc1
mol_d7663eadbc02ce72,train,O=C1CCC2C(CCC3C4CC=CC4CCC23)C1
mol_d77334497c94c3b2,train,c1ccc2c(c1)OCC(C1=NCCN1)O2
mol_d773e3e4edf166aa,train,O=C(Cc1ccccc1)OC1CC2NC(C1)C1OC21
mol_d779b4374acb4b83,train,ACYCLIC:[Mn+2]
mol_d77cf3f7fb6a5c92,train,c1ccccc1
mol_d785225849b82092,train,O=C(Nc1ccccc1)Nc1ccncc1
mol_d7932a0e3dd6b3ff,train,C=C1CC2C(CCC3C(=O)CCC32)C2C=CC(=O)C=C12
mol_d79e18f34bcd03a2,train,O=C1CCCCCCCCCCCCCC1
mol_d7a50fc5c118718c,train,O=C1OC(CN2CCOCC2)CN1N=Cc1ccco1
mol_d7b85abaf506f064,train,O=C1CCC(C2CCCCC2)CC1
mol_d7c479b38bcd8e11,train,C1CCCNCCC1
mol_d7c5e44f66fe041f,train,c1ccc(C(Cc2ccncn2)Cn2cncn2)cc1
mol_d7d249456301c2a1,train,O=c1cc[nH]cn1
mol_d7d95ab4eb70949f,train,C1COCC(CC2CO2)C1
mol_d7de016363424bb8,train,O=C1C(CCCc2ccccc2)C(c2ccccc2)N1c1ccccc1
mol_d7e879d1b52602ae,train,O=c1cc(-c2ccccc2)oc2cc(OC3CCCC(COC4CCCCO4)O3)ccc12
mol_d80727959931315b,train,ACYCLIC:CCCCS
mol_d80b5f1307dc2579,train,c1ccccc1
mol_d81f6a8e21ccab3a,train,O=C1NC(=O)C(=O)C(=O)N1
mol_d82e61fbf1b52b0a,train,O=C1CCC(c2ccccc2)C(=O)N1
mol_d833abf653fb494f,train,O=C1CC=NN1c1ccccc1
mol_d834484f4933d58e,train,c1ccccc1
mol_d8491a8e91cffe41,train,O=C(CCCNC(=O)C(NC(=O)c1ccncn1)C(OC1OCCCC1OC1CCCCO1)c1cnc[nH]1)NCC(=O)NCCc1nc(-c2nccs2)cs1
mol_d849ad86f5427e0f,train,O=C1NCC(COc2ccccc2)O1
mol_d861918f924d6610,train,ACYCLIC:CCCCCCCCCCCCCCCCOP(=O)([O-])OCC[N+](C)(C)C
mol_d86314c0a32111d9,train,ACYCLIC:N#CCCC(Br)(C#N)CBr
mol_d8679165dc9c3b35,train,c1ccc(NC2CCNCC2)cc1
mol_d86cdb1f75bfb8d0,train,c1ccc(CNCc2ccccc2)cc1
mol_d8710fdaade795cc,train,c1ccccc1
mol_d88189f7b9cf9448,train,c1ccc(Nc2ccnc3ccccc23)cc1
mol_d88bbbcb0437b856,train,ACYCLIC:CCOC(=O)/C=C(C)/C=C/C[C@@H](C)CCCC(C)C
mol_d88caa9389cbb04e,train,O=C(Nc1ccccc1)c1ccc2ccccc2c1
mol_d8aa7f6e13ff0567,train,ACYCLIC:CCCCCCOC(=O)CC
mol_d8c52d0b648926b3,train,O=C1C=CC2C(=C1)CCC1C3CCC(=O)OC3CCC21
mol_d8c557d6cb72a83b,train,ACYCLIC:CCCCCCCCCCCCOS(=O)(=O)O
mol_d8f29901390e8641,train,ACYCLIC:CCCCCCI
mol_d8f3c16b0bf51376,train,c1ccc(C2CCN(CCC(c3ccccc3)c3ccccc3)CC2)cc1
mol_d8f567c481764446,train,c1ccc(C2CCCCC2)cc1
mol_d8f992e92d3ca135,train,c1ncc2nc[nH]c2n1
mol_d8ff7e2c2debcfa5,train,ACYCLIC:CN(C)C(=S)S
mol_d90051f76ab1947d,train,ACYCLIC:CCCCOCCOCCSC#N
mol_d903847bf9617d92,train,ACYCLIC:CCOC(=N)CC(=O)OCC
mol_d9041972c1d141de,train,O=c1cc[nH]c2nc(N3CCNCC3)ncc12
mol_d927794cccc51f4e,train,ACYCLIC:C=CC(=O)OCCOCC(CC)(COCCOC(=O)C=C)COCCOC(=O)C=C
mol_d92c52b2256ace9f,train,c1ccccc1
mol_d92cd1c8285e32b7,train,O=C(CN1CCCC1=O)Nc1ccccc1
mol_d93bf56a09e3634f,train,ACYCLIC:CCCCCC#CC(=O)OC
mol_d9465fc9ed360215,train,c1ccccc1
mol_d949ff3b0033d88e,train,O=C1CCC(=O)O1
mol_d951825a4641bb33,train,O=C1CCC2C1CCC1c3ccccc3CCC12
mol_d95756cf95d39df6,train,O=C1OC(=O)c2cc(-c3ccc4c(c3)C(=O)OC4=O)ccc21
mol_d9667a7c8695647a,train,O=c1c(OC2CCCC(COC3CCCCO3)O2)c(-c2ccccc2)oc2ccccc12
mol_d967dfca2c9b8c16,train,O=S(=O)(NCC[n+]1ccccc1)c1ccccc1N=Nc1ccccc1
mol_d9816eeec9695d9f,train,c1ccccc1
mol_d9976def946c882e,train,c1ccccc1
mol_d999fe7641be4d50,train,O=C1CC(=O)c2ccccc21
mol_d99c7b90596ef616,train,c1ccccc1
mol_d9a84f606efa62de,train,O=C1CCC2C1CCC1C3CCCCC3=CCC21
mol_d9ae4caedae4fb5a,train,ACYCLIC:CO[Si](CCCNCCN)(OC)OC
mol_d9bcfa2e82a16446,train,c1ccccc1
mol_d9bd03cc379a5ac3,train,c1ccccc1
mol_d9cebd1ea68e6505,train,c1cn[nH]c1
mol_d9d0c4def1475a1b,train,c1ccc(CCCNCc2cccc3ccccc23)cc1
mol_d9f2d56927a5d5c8,train,O=C1C=CC2C(CCC3C4CCCC4CCC23)N1
mol_d9f3a2c8dec5330d,train,ACYCLIC:NCCNCCNCCNCCN
mol_d9fdab810753d757,train,C1CCC(C(CC2CCCCN2)C2CCCCC2)CC1
mol_da0e6c4f46ea7903,train,ACYCLIC:CC(C)(C)CC(C)(C)N
mol_da1a9f6ec5ce0e9b,train,ACYCLIC:CCOS(=O)(=O)OCC
mol_da2763cf0195291d,train,ACYCLIC:C[Si](C)(CCCN)O[Si](C)(C)CCCN
mol_da2ee699dc10dec3,train,ACYCLIC:CCCCN(CCCC)N=O
mol_da439e8d1f71148c,train,c1ccccc1
mol_da4da44919038f4e,train,O=C1C(=Cc2ccccc2)C2CCC1C2
mol_da57761d5c394752,train,c1ccccc1
mol_da5be4d51dd28d2d,train,ACYCLIC:CC(O)CN(CC(C)O)CC(C)O
mol_da633633b1fee40f,train,O=C1COc2ccccc2OC1
mol_da6ae5fe9b42cc96,train,O=S(=O)(Nc1ccccc1)c1ccccc1
mol_da6ba91bab4346e8,train,ACYCLIC:CCCCOC(O)CC
mol_da6baac14f5df51f,train,ACYCLIC:OCCCBr
mol_da6c4767955d453e,train,O=C(c1ccccc1)N1CCCC(CCCN2CCC(c3ccccc3)CC2)(c2ccccc2)C1
mol_da70315b1f6968c6,train,ACYCLIC:CCCCCCNCCCCCC
mol_da712e62deeb1e28,train,O1[As]2O[As]3O[As]1O[As](O2)O3
mol_da733ef910924fb0,train,c1cc2c3c(c1)OC1C4CCC5(CC4)C(C2)N(CC2CC2)CCC315
mol_da751c8ddc983902,train,ACYCLIC:CCCCC(C=O)CC
mol_da859f640a84a0de,train,O=C(c1ccccc1)C1CCN(CCn2c(=O)[nH]c3ccccc3c2=O)CC1
mol_da8f08afbbddb678,train,c1ccccc1
mol_daa3add1d0d7f5ab,train,c1ccccc1
mol_daa59397e74d4eb6,train,ACYCLIC:O=CNNC=O
mol_dabb3f41137ed1bb,train,O=S(=O)(Nc1ccncn1)c1ccccc1
mol_dac9fc34d91ab638,train,c1ccccc1
mol_dae6e5c4fe161142,train,c1ccccc1
mol_dae80e07d8675368,train,C1=CCC=C1
mol_db02db380704f2e6,train,C1=CCCC=CCC1
mol_db19fb59dfbee5a5,train,c1c2c(nc3c1CCC3)CCCC2
mol_db24fc5e631a4026,train,O=c1ccn(-c2ccccc2)c2cc(N3CCNCC3)ccc12
mol_db28f05c04cea254,train,c1ccccc1
mol_db290bca77593690,train,c1ccccc1
mol_db30093b3abc5350,train,ACYCLIC:C=CCCCCCC
mol_db39c03210f0b6a0,train,O=c1ncccn1C1CSCO1
mol_db48d59776c5e0ba,train,c1ccc(CNCCNCc2ccccc2)cc1
mol_db4ef98e0cdd1357,train,C1=CC2CC1CC2C(CCN1CCCCC1)c1ccccc1
mol_db5274aeb43763c3,train,ACYCLIC:COCCOCCOCCOCCOCCO
mol_db6de2fd6561aa41,train,ACYCLIC:CCCC=O
mol_db6f02cdca78ae15,train,c1ccccc1
mol_db70f933df9972b9,train,c1ccccc1
mol_db7a4b45e3ced1c0,train,c1ccc2c(c1)CCc1ccccc1C2
mol_db8edb5710f55d5c,train,c1ccccc1
mol_db9acd091bbba521,train,ACYCLIC:[Zr+4]
mol_db9e8b7acc2922d1,train,c1ccccc1
mol_dba89c2f6ce6de6a,train,O=[PH]1NCCCO1
mol_dbaf1c8c29f4ab93,train,ACYCLIC:C=C(C)C(=O)OCCCCCCCCCCCCCCCCCC
mol_dbb1469d402c508f,train,c1ccccc1
mol_dbb1ac6e5de73597,train,ACYCLIC:CC(C)O
mol_dbb37b9fe1142c69,train,c1ccccc1
mol_dbbf1a3baa70a697,train,c1ccccc1
mol_dbd1ca04d9aeb451,train,c1ccccc1
mol_dbd92c5a023a2591,train,ACYCLIC:[O-][Cl+3]([O-])([O-])O
mol_dbda28347183c8af,train,ACYCLIC:CCOC(=O)CBr
mol_dbea805364da93a2,train,O=C(Nc1c[nH]c(C(=O)Nc2cc[nH]c2)c1)c1ccc[nH]1
mol_dbec028171980b3d,train,c1ccccc1
mol_dbef9252ddda89a4,train,O=C(NC(c1ccccc1)C1CCCCN1)c1ccccc1
mol_dbefc2d9d69d9f3a,train,c1ccccc1
mol_dc02afcddc12e328,train,O=C1CNC(=O)CNC(=O)C(Cc2ccccc2)NC(=O)CCSSCC(C(=O)N2CCCC2)NC(=O)CN1
mol_dc12fa2a93aa9f45,train,O=C(NC(CCN1CCC2CCCCC2C1)CSc1ccccc1)c1ccccc1
mol_dc1e0bb097b7f9fe,train,ACYCLIC:O[C@@H]([C@H](O)[C@H](O)CBr)[C@H](O)CBr
mol_dc207d19d6722327,train,O=C1c2ccccc2CN1c1ccccc1
mol_dc20a7a48cb3ea65,train,c1ccccc1
mol_dc418f0671acce98,train,O=C(NCCc1cc(=O)[nH]c2ccccc12)c1ccccc1
mol_dc6f5602bfc7c258,train,O=S1(=O)NC(Cc2ccccc2)Nc2ccccc21
mol_dc8165373cb94496,train,O=C(Nc1cccc2ccoc12)c1ccccc1
mol_dc95ed86fb31a69a,train,O=C(Cc1ccccc1)Oc1ccccc1
mol_dcac9a0357262aca,train,O=C(Nc1ccccc1)N1CCN(c2ncnc3cc(OCCCN4CCCCC4)ccc23)CC1
mol_dcadf567fa55423a,train,C=C1C(=O)OC2C1CCC=CCCC1OC12
mol_dcc73bf631f9be42,train,ACYCLIC:NCCN
mol_dcc91eabe275b4b7,train,c1ccc(COc2ccc3c(c2)OCC3)cc1
mol_dce9679bde4a275e,train,O=C1C=CC2C(=C1)CCC1C2CCC2C1CC1OC(C3CCCCC3)OC12
mol_dd00ba1abe4a91f3,train,ACYCLIC:CCOP(=S)(Cl)OCC
mol_dd044326e6d7d3ab,train,c1ccc(C2CCc3ccccc3O2)cc1
mol_dd1198d897bd6d73,train,c1ccccc1
mol_dd13d7c4242dfdf1,train,S=c1[nH]c2ccccc2[nH]1
mol_dd15f635d3c8292d,train,c1ccccc1
mol_dd1bf5d24be9170f,train,ACYCLIC:CS(=O)(=O)O
mol_dd2f6c7d28684932,train,c1ccccc1
mol_dd366f2795eefed3,train,O=C(CCCN1CCC2(CC1)C(=O)NCN2c1ccccc1)c1ccccc1
mol_dd37700cb7621151,train,O=C(c1ccccc1)c1coc2ccccc12
mol_dd3d2c15cfcb9575,train,C1CCC2C(C1)CCC1CCCCC12
mol_dd427bbec8754b3d,train,c1ccc(CCN2CCC(Nc3ccccc3)CC2)cc1
mol_dd46cbf72d76fe62,train,c1ccc(OCCCN2CCOCC2)cc1
mol_dd5b0229099dcd74,train,c1ccccc1
mol_dd64eb2c5949adf2,train,c1ccc(COc2ccccc2)cc1
mol_dd70801a3dbb4d08,train,c1ccccc1
mol_dd80faacda44e2b4,train,O=C1CC=NN1c1ccccc1
mol_dd952671d6f09946,train,O=C(CN1CCN(CCCC(c2ccccc2)c2ccccc2)CC1)Nc1ccccc1
mol_ddace9cc97a30ce4,train,c1ccccc1
mol_ddbd22d5f303aec6,train,O=C(Cc1cccs1)NC1C(=O)N2C=C(C[n+]3ccccc3)CSC12
mol_ddbf3e5e2a057af3,train,O=C1C(N=CN2CCCCCC2)C2SCCN12
mol_ddc2ea0628890f77,train,c1ccccc1
mol_ddcb622f27542a2a,train,O=C(c1ccccc1)c1ccccc1-n1ccnc1
mol_ddcd93175ddeab20,train,ACYCLIC:CCCCOC(=O)CCCCCCCCC(=O)OCCCC
mol_ddd3c826aa8b17b0,train,c1ccccc1
mol_dde82b371c048344,train,O=C1CCCc2c1cc1ccc3cccc4ccc2c1c34
mol_dde8fb0cab54d70f,train,c1ccccc1
mol_ddf1fba0950903d2,train,O=C1NC(=O)C2(CCOc3ccccc32)N1
mol_de03e114a04a7807,train,ACYCLIC:CN(C)CCOCCO
mol_de084a80eace962a,train,c1ccccc1
mol_de13fe54af66d525,train,c1ccccc1
mol_de1efe73850d62ae,train,ACYCLIC:CCCCOCC(C)OCC(C)O
mol_de3980893afa3def,train,O=C(CCN1CCN2CCCC2C1)N1c2ccccc2Sc2ccccc21
mol_de50a2e7ac45b23f,train,c1ccccc1
mol_de53b5d841efafc1,train,O=C(NCc1ccccc1)c1c[nH]c2cccnc2c1=O
mol_de59df6341892aae,train,c1ccccc1
mol_de5c78199ad20616,train,ACYCLIC:O=CC(Br)(Br)Br
mol_de727e85f2cc4755,train,O=C1NC(=O)C(c2ccccc2)C(=O)N1
mol_de74aba20ea27add,train,O=C1NCN(c2ccccc2)C12CCN(CCCC(c1ccccc1)c1ccccc1)CC2
mol_de76b806fe9e7d2d,train,ACYCLIC:CCCCCCCCCC(=O)O
mol_de84a3a5e7d86fb5,train,ACYCLIC:CC(C)=O
mol_de94a081ecbd4cd4,train,C(CC[NH+]1CCCC1)CC[NH+]1CCCC1
mol_de9598d3da430106,train,c1ccc(CCOc2ncnc3ccccc23)cc1
mol_deac791e97515488,train,ACYCLIC:C=CCCCCCCCCCCCC
mol_dead2ad07a4fa66b,train,O=c1oc2cccc3c(=O)oc4cccc1c4c23
mol_debadd8164ec83a0,train,c1ccccc1
mol_ded0d32238a3aeaf,train,O=c1nc[nH]c2c1NC(CNc1ccccc1)CN2
mol_dedac7de255bd7f2,train,c1ccc(CCCCNCCc2ccccc2)cc1
mol_dedf880e0edc88a9,train,c1ccccc1
mol_dee097a2f3d7e55e,train,O=S1(=O)NC(Cc2ccccc2)Nc2ccccc21
mol_dee14dabba28e3d7,train,c1ccc(CNCCOc2ccccc2)cc1
mol_dee151563622fa11,train,ACYCLIC:[Na][I]
mol_dee318892afbb6aa,train,O=C1c2ccccc2C(=O)C1C(=O)C(c1ccccc1)c1ccccc1
mol_dee9bd7aa80fd759,train,c1cc(-c2ccncc2)ccn1
mol_deeec9e3c3d26201,train,c1ccc(-c2ncco2)cc1
mol_df16dfb89d159c2c,train,c1ccc2c(c1)Oc1ccccc1O2
mol_df38a92d7a16d1dd,train,O=C(Cc1ccccc1)c1ccccc1
mol_df3bd8ccf30287e8,train,O=c1ccn(C2CC2)c2cc(N3CCCCC3)ccc12
mol_df496afbd1550826,train,O=C1CCO1
mol_df4b335f2f19f4b0,train,c1ccc(-c2ccc(COC3CCC(N4CCCCC4)C3)cc2)cc1
mol_df4d9868e44309d5,train,ACYCLIC:O=[N+]([O-])CCO
mol_df687e49ae6dfe6a,train,ACYCLIC:[SnH4]
mol_df698ef9ea1abf5f,train,c1ccccc1
mol_df6a3d41084cd751,train,C=C1NC(=O)CNC(=O)CNC2C=Cc3ccc(nc3C2)C(=O)OCC2NC(=O)c3csc(n3)CNC(=O)C3CSC(=N3)C(=C)NC(=O)CNC(=O)c3csc(n3)C3(CCC(c4nccs4)=NC3c3csc2n3)NC(=O)CNC1=O
mol_df7a6bc2f076c5ba,train,O=C1CCOC2OC3CCCCC3OC12
mol_df84fdd502985f70,train,O=C1CC2CC2C1
mol_df92b079995d1ad8,train,N=C1NCC(=O)N1
mol_dfa122ea253d3e10,train,c1ccc(Sc2ccc3[nH]cnc3c2)cc1
mol_dfa949ad5081b306,train,O=C(CCc1ccccc1)OCC(COC(=O)CCc1ccccc1)(COC(=O)CCc1ccccc1)COC(=O)CCc1ccccc1
mol_dfd3223c4c1bad14,train,O=S(=O)(Nc1cnccn1)c1ccccc1
mol_dfdbb6101ec1a007,train,c1ccc2c(c1)Cc1ccccc1N2
mol_dfdf589822e1e191,train,c1ccc2c(c1)C1CCC2c2ccccc21
mol_dfe338bd3f79c0da,train,c1ccccc1
mol_dfe565d8b4d0475f,train,c1ccccc1
mol_dfe966f3d57b5bf0,train,c1ccccc1
mol_dff88ef3fea36d74,train,ACYCLIC:COP(=O)(NC(C)=O)SC
mol_e001b6b4a769eca2,train,ACYCLIC:C=C(C)C(=O)OCCCCCCOC(=O)C(=C)C
mol_e008fd7a03ff240f,train,O=C1CCCC(=O)N1
mol_e0090ebb1b80e276,train,ACYCLIC:CCN(CC)CC
mol_e00d9f33df0e463e,train,O=C1CCCCC1c1ccccc1
mol_e01289c2c6291866,train,ACYCLIC:O=NN(CCCl)C(=O)NCCCl
mol_e01c95e77f526de0,train,c1ccc(C2Cc3ccccc3O2)cc1
mol_e0389c32ebcf82e5,train,c1ccccc1
mol_e04680623dae6b67,train,c1ccccc1
mol_e049ee43384c9f85,train,O=C1CCc2ccccc21
mol_e06cf09603424d8b,train,C1CC2C3CCC(C3)C2C1
mol_e06eb8f41382c7cb,train,ACYCLIC:FC(F)(Cl)C(F)(Cl)Cl
mol_e071a409f1e35916,train,c1ccccc1
mol_e093447e70f28cd9,train,c1ccccc1
mol_e09ecbddc6a4357c,train,O=C(NCCc1ccccc1)NS(=O)(=O)c1ccccc1
mol_e0acda5bc06510f0,train,O=S1(=O)CCN(N=Cc2ccco2)CC1
mol_e0ae5b42e2860806,train,c1ccccc1
mol_e0d2e9890ee82b98,train,O=C(NC1OC2C3CCCN3C(=O)CN2C1=O)C1CNC2Cc3c[nH]c4cccc(c34)C2C1
mol_e0d3842da5b36aa7,train,O=C(Nn1ccc2ccccc21)c1cnc(-c2ccccn2)nc1
mol_e0d507ef3a04cb41,train,c1ccccc1
mol_e0dc5db705ef431d,train,ACYCLIC:C=C/C(C)=C/C/C=C(\C)CCC=C(C)C
mol_e0ddb6f6d033ef41,train,O=C(NNC(=O)c1ccccc1)c1ccccc1
mol_e0e0eb08de7f6d45,train,ACYCLIC:C=C(C)C(=O)OCCOP(=O)(O)OCCOC(=O)C(=C)C
mol_e0f3f7c0d299cc83,train,O=C1c2c([nH]c3ccccc23)CCN1Cc1cnc[nH]1
mol_e0f950bf506f4d17,train,O=C(OCCN1CCCCC1)C(c1ccccc1)c1ccccc1
mol_e0fb6fa420201378,train,O=C(c1c[nH]c2ccccc12)C1CCc2[nH]cnc2C1
mol_e1010efe413a2631,train,c1ccccc1
mol_e105695811da9c6d,train,O=c1ccoc2ccc(Oc3ccccc3)cc12
mol_e1129d31f4520bd1,train,C1=CC2CCC3C4CCCCC4=CCC3C2C1
mol_e11b83fc7102aaf0,train,ACYCLIC:CCCCCCCCCCCCCCCC(=O)NCCO
mol_e11eec1df93433f0,train,c1c[n+](N2CCOCC2)no1
mol_e12135758f281c31,train,C1CCC2(CC3C(CC4C3CCC3C5CCC(OC6CCC(OC7OCCC(OC8CCCCO8)C7OC7CCCCO7)CO6)CC5CCC34)O2)NC1
mol_e1237382e9c360da,train,c1ccc(CN(c2ccccc2)C2CCNCC2)cc1
mol_e13acaec9e5ba9df,train,c1ccc(Oc2nccc(-c3[nH]cnc3-c3ccccc3)n2)cc1
mol_e147721d324fde17,train,c1ccccc1
mol_e149f7b40f4e89e2,train,c1ccc(Oc2ccccn2)cc1
mol_e14d4fb4919ad1e9,train,c1ccccc1
mol_e1504aae8468c2cc,train,O=C(NCc1cccnc1)Nc1ccccc1
mol_e15b44adb8783b0d,train,C1=NCC(c2ccccc2)O1
mol_e1616d8216f64af7,train,O=c1[nH]oc2c1CCNC2
mol_e16204afadbfc1ce,train,ACYCLIC:OC[C@@H](O)[C@H](O)[C@@H](O)[C@@H](O)CO
mol_e1662815da3041c5,train,c1ccccc1
mol_e16cf00bdc42a076,train,c1ccccc1
mol_e17aa998c95141b4,train,O=c1ccn2c3c(c(N4CCNCC4)ccc13)SCC2
mol_e19468d4ac140aa3,train,O=C(OCN1C(=O)C2=C(CCCC2)C1=O)C1CC1
mol_e19a4cde1733df59,train,C1CCC(OC2CCCO2)OC1
mol_e19aaabc9d0157fb,train,c1ccccc1
mol_e19d9ad75946beba,train,ACYCLIC:C=CCCl
mol_e1b2c67bd9f7d8bf,train,c1ccc(Cn2ccc3ccccc32)cc1
mol_e1bf38bb37b3cbee,train,O=c1ccnc(NC2CCN(c3nc4ccccc4n3Cc3ccccc3)CC2)[nH]1
mol_e1d84a18f736e1af,train,C1COC(NC(C2CC2)C2CC2)=N1
mol_e1d9191963f3ec06,train,O=[PH](Oc1ccccc1)Oc1ccccc1
mol_e1df6b91b8ad46b9,train,O=C(Nc1ccccc1)Nc1ccccc1
mol_e1e2d75e7ef50c0e,train,C1CCC(OC2OCCC2OC2CCCCO2)CC1
mol_e1efd725bf9b1c72,train,ACYCLIC:CC(C)N=C=NC(C)C
mol_e1f5f6367214a8eb,train,C(=Cc1ccc2ccccc2[nH+]1)C=C1C=Cc2ccccc2N1
mol_e1fbfb15b5b4a53b,train,O=C1OC(=O)c2ccccc21
mol_e20325838b912aad,train,c1ccccc1
mol_e21e211754b1aeb2,train,ACYCLIC:CC(O)CNCC(C)O
mol_e21f74ff2ce80e80,train,c1ccccc1
mol_e2461a2d3cbf545f,train,c1ccccc1
mol_e24a724dfd7dc901,train,c1ccc2c(Cn3ccnc3)c[nH]c2c1
mol_e24f935bd21da0c5,train,O=C1CC2CCC1C2
mol_e25cbaf26ed59920,train,ACYCLIC:NC(=O)O
mol_e26ea80414f76aad,train,O=c1[nH]nnc2ccccc12
mol_e27261bf65cd1525,train,O=C1C=CC(=O)c2ccccc21
mol_e2749b83f9c48140,train,c1ccc(Oc2ccccn2)cc1
mol_e275ef1d2c3a5226,train,c1ccc(CCN2CCC(c3ccccc3)CC2)cc1
mol_e27940f29c08e1e2,train,O=C(Nc1ccccc1)c1cc2ccccc2[nH]c1=O
mol_e284fd1e12bd33d7,train,c1ccccc1
mol_e288032c12eb3149,train,c1ccccc1
mol_e29a52a8e8e19edc,train,O=C(NCc1ccccc1)c1cccnc1Oc1ccc2nonc2c1
mol_e2b56baedc9d4f5b,train,c1ccccc1
mol_e2bfc2eb295913f9,train,ACYCLIC:C=CCOC(=O)C(=C)C
mol_e2c744cfb5b56128,train,ACYCLIC:CN(CCCl)CCCl
mol_e2cc0d80da7b86d3,train,c1ccccc1
mol_e2e5231094fdc3f0,train,O=c1nc2[nH]c3ccccc3nc-2c(=O)[nH]1
mol_e2e564f95c4bd7b6,train,c1ccccc1
mol_e2e6ec383822e646,train,ACYCLIC:CC(CCO)CCCC(C)(C)O
mol_e2f95e0a6707cca1,train,O=C1Nc2cccnc2N(C2CC2)c2ncccc21
mol_e2fda730cfbf8aa5,train,ACYCLIC:CCCCCCCCCCCCCCCC(=O)O
mol_e31434c34af7a361,train,c1ccc2nccnc2c1
mol_e3161804c5d942ae,train,ACYCLIC:C=CCCCCCCCCC(=O)OC
mol_e316fdd91f3b0b38,train,c1ccccc1
mol_e31ed917016986df,train,ACYCLIC:C#CC(O)CCCCC
mol_e334325a88bc29ac,train,ACYCLIC:CC(C)CCCCCCCCCCCCCCC(=O)O
mol_e33916a0c84001ea,train,O=C(NC1C(=O)N2CCSC12)C1CCCCC1
mol_e33f1d1a7dc248ef,train,c1ccc(-c2cc(N3CCNCC3)nc3c2CCCCCC3)cc1
mol_e365421f0376b6a2,train,O=c1[nH]nnc2ccccc12
mol_e379644c641a0e7c,train,c1ccccc1
mol_e38f8d785d846fdd,train,c1ccccc1
mol_e39374204f621b13,train,c1ccccc1
mol_e3a60af5332b098c,train,O=C1NC(=O)C(c2cn(C3CCN(Cc4ccccn4)CC3)c3ccccc23)=C1c1c[nH]c2ccccc12
mol_e3b2c726c9091de4,train,O=C1c2ccccc2C(C2CCCCO2)c2ccccc21
mol_e3b45534c00fd906,train,c1ccccc1
mol_e3e17968e84eb538,train,c1ccc(CCOCC2CC2)cc1
mol_e3e769664b61a457,train,O=C1CC2CC(SC3CCNC3)=CN12
mol_e3f1cc27055df37e,train,C1CSSC1
mol_e3f27c013fafc791,train,c1ccccc1
mol_e404056a3863a514,train,O=C1C=CNC(=O)C1
mol_e4114801a8fb3dec,train,C1CCc2nnnn2CC1
mol_e4145c1ec0b53317,train,ACYCLIC:CCCCSP(=O)(SCCCC)SCCCC
mol_e417c852c2af9ccf,train,ACYCLIC:CCCC(C)C(=O)O
mol_e43035ed3a7c7a3c,train,c1ccccc1
mol_e4306a05b1e08d6e,train,O=S1(=O)NC=Nc2ccccc21
mol_e445a997eb4fa17d,train,O=C(CCN1CCCCC1)c1ccccc1
mol_e449b0845fe8ce4c,train,c1ccccc1
mol_e4503d019f55f65c,train,ACYCLIC:CCCCCCOC(=O)CCCCC
mol_e45c4456725800f8,train,c1ccc2c(c1)c1c3n2CCNC3CCC1
mol_e477a4e8f16839b0,train,O=C(c1ccccc1)N1CCCCCCC1
mol_e47e40ae15adf984,train,c1ccc(NCc2cnc3ncncc3n2)cc1
mol_e482cb90b0b334c1,train,ACYCLIC:OC(CCl)CCl
mol_e490602a7c961be6,train,O=c1[nH]c(=O)n(Cc2ccco2)c2nc[nH]c12
mol_e491cb9cd78f70ef,train,ACYCLIC:CCOC(=O)C(=O)OCC
mol_e4a360e07f40f3f7,train,O=C1C=COC1
mol_e4acea44fe6a0ca5,train,c1ccccc1
mol_e4b68f94868a81cf,train,C1CC2OCOC2O1
mol_e4d2dd943edba2b8,train,c1ccc(OCCOc2ccccc2)cc1
mol_e4db360ee9109690,train,C1=C2c3cccc4[nH]cc(c34)CC2NCC1
mol_e4dc0eada9af64df,train,O=C1CCCCCN1
mol_e4de116a36cabf1d,train,c1ccc(C2=Nc3c[nH]nc3Nc3ccccc32)cc1
mol_e4e35bb9f92f1a84,train,c1ccc(N=Nc2ccc3ccccc3c2)cc1
mol_e4fe02152f9c53db,train,ACYCLIC:CCOC(=O)CC(=O)CCl
mol_e4fe6dc3b7e55f57,train,c1ccccc1
mol_e518b966af1d9da8,train,c1ccccc1
mol_e51a19569ad3e2b5,train,c1ccccc1
mol_e51d863a383d6102,train,N=C(C(=O)NC1C(=O)N2C=CCSC12)c1ccco1
mol_e532e52ed21dae6a,train,ACYCLIC:C=CC(OCC)OCC
mol_e53d2d589d85af05,train,ACYCLIC:BrCCCCBr
mol_e54b7e5800a854b8,train,C1=C(c2ccccc2)CCN(CCCCc2c[nH]c3ccccc23)C1
mol_e55c11b5defa61cd,train,ACYCLIC:[Mo+6]
mol_e564cbf8359491b8,train,O=C(OC1CN2CCC1CC2)c1ccccc1
mol_e58d72fc7945b7a6,train,c1ccccc1
mol_e59ff946b7b75b19,train,c1ccccc1
mol_e5b22a4ede539f76,train,c1ccc(-n2ccnc2)cc1
mol_e5b26403fc039d73,train,O=c1oc2ccccc2cc1Cc1cc2ccccc2oc1=O
mol_e5ba84ce1f046dfc,train,ACYCLIC:CP(=O)(O)OCCC[Si](O)(O)O
mol_e5c1345123d7bf03,train,c1ccccc1
mol_e5c64560d04731b3,train,c1ccc2c(c1)CCO2
mol_e5c671a7712a7a1d,train,O=c1cc[nH]c(=O)[nH]1
mol_e5d183c2c89e19e4,train,ACYCLIC:CC(=O)OCCOCCOCCOC(C)=O
mol_e5db3204903e7793,train,ACYCLIC:CC/C=C\CCCCCO
mol_e5fdd17e9097a896,train,O=C(Cc1ccccc1)c1ccccc1
mol_e6039cf24ee80ac1,train,c1ccn2ccnc2c1
mol_e60f5a33b55f0472,train,c1ccccc1
mol_e61f68b5b5369df4,train,ACYCLIC:CC(C)(CC(=O)O)C(=O)O
mol_e623b8ade0ba9a09,train,ACYCLIC:CCCCC(CC)C(=O)OCCOCCOCCOC(=O)C(CC)CCCC
mol_e6242d3784cf45a1,train,ACYCLIC:CC/C=C\CC/C=C/CO
mol_e631383a2a416468,train,ACYCLIC:C=CC/C=C/C
mol_e63e7709eea0cc05,train,c1ccccc1
mol_e647f2356b4e41e8,train,c1csc(SSc2cccs2)c1
mol_e6503e139274c426,train,C1CCN(C2CCC3CCC4C5CC(N6CCCCC6)CC5CCC4C3C2)CC1
mol_e658110abba95df7,train,c1[nH]nc2c1CC1NCCCC1C2
mol_e66184cc70d0ac4f,train,ACYCLIC:CCCCOCCOC(=O)CCCCCCCCC(=O)OCCOCCCC
mol_e6633aab455279c1,train,O=c1cccc(C2CCCCC2)[nH]1
mol_e66aba9ba2f1201e,train,c1ccccc1
mol_e678825414f631a2,train,O=C1OC(=O)c2ccccc21
mol_e68ff00ab22aaad2,train,c1ccccc1
mol_e696b50e36279d2b,train,O=c1[nH]cnc2c1[nH]c(=O)n2C1CCCO1
mol_e6a01444baf1d49c,train,c1ccc(-c2nnn[nH]2)cc1
mol_e6ae2f01aea09752,train,c1ccccc1
mol_e6d92b62ed26c88f,train,ACYCLIC:CC/C=C\CCOC(=O)CC
mol_e6e52f91e6b509da,train,c1ccc(Cn2ccnc2)cc1
mol_e7025d7e0f1bffe0,train,c1ccccc1
mol_e709a94c78ae6b80,train,c1ccccc1
mol_e71f52f3a4594357,train,c1ccccc1
mol_e7272eaba647a4e4,train,O=C(OC1CC[NH2+]C1)C(c1ccccc1)C1CCCC1
mol_e733a992f5b9c7b3,train,c1ccc(Nc2ccc(Nc3ccccc3)cc2)cc1
mol_e76126a2c0be75cd,train,O=C(OCCCN1CCC(c2ccccc2)(c2ccccc2)CC1)C1=CNC=CC1c1ccccc1
mol_e76813f554ee91dd,train,c1ccccc1
mol_e7686e8ded177015,train,O=C(Cc1ccccc1)OC1CC2CCC(C1)[NH2+]2
mol_e77febfcb78ee7fa,train,ACYCLIC:CCCCCCCCCCCC(=O)N(CCO)CCO
mol_e784b9e77cd6a3c5,train,c1ccc(CCNC2CCc3ccccc3C2)cc1
mol_e78bd6d37cea3345,train,O=c1cc(CNCCc2ccccc2)[nH]n1-c1ccccc1
mol_e793a1d1614f7177,train,ACYCLIC:C=CCCCCCCCCCCC
mol_e794bb73456d53e4,train,C1OCOCO1
mol_e7aaa0033558120a,train,c1ccc(N=Nc2ccc3ccccc3c2)cc1
mol_e7ac8c2694242e1c,train,c1ccc(C2=NCc3nncn3-c3sccc32)cc1
mol_e7c692f5157b1975,train,c1ccccc1
mol_e7e930d24fa6c599,train,ACYCLIC:C=C(Cl)CCl
mol_e7eab218570a48dd,train,c1ccccc1
mol_e8034c11c6558158,train,ACYCLIC:ClC(Br)Br
mol_e80d2c6737c0cb67,train,c1ccccc1
mol_e8162b65072ddaa7,train,ACYCLIC:CCC=O
mol_e81b0f1d83ffca99,train,ACYCLIC:CC[Si](OC(C)=O)(OC(C)=O)OC(C)=O
mol_e81b776ccb59056c,train,c1ccc2c(c1)CCCC2
mol_e8216e9af4fcda58,train,c1ccc2c[n+]3c(cc2c1)-c1cc2c(cc1CC3)OCO2
mol_e83bb7f7f8a2eb92,train,ACYCLIC:ClC(Cl)(Cl)Cl
mol_e878a3b989c0dc0c,train,c1ccccc1
mol_e89f634788003381,train,ACYCLIC:OCC(O)CS
mol_e8a34e84ce5a8423,train,C1CCC(OC2CCOC(OC3C(OC4CCCCO4)CCOC3OC3CCC(OC4CCC5C(CCC6C5CCC5C7CC8(CCCCO8)OC7CC56)C4)OC3)C2)OC1
mol_e8a5bbfafd232cb6,train,c1ccccc1
mol_e8aa14cd8b5f8255,train,c1ccccc1
mol_e8b0541baec2e2c7,train,c1ccccc1
mol_e8b4167c990e7eb6,train,O=C(Nc1ccccc1)Oc1ccccc1
mol_e8b98bcee3111257,train,ACYCLIC:CCCCCOC(=O)CCCC
mol_e8babb48a8e969e1,train,ACYCLIC:NNC(=S)NN
mol_e8c520ba3a293f6a,train,ACYCLIC:C=COCCOCCOC=C
mol_e8d0361dc68f5811,train,O=C1C(N=CN2CCCCCC2)C2SCCN12
mol_e8d1d9a839f61e1e,train,ACYCLIC:O=C(O)CC(=O)C(=O)O
mol_e8d8627f39c39f65,train,O=C1Cc2ccccc2CCN1CCCNCC1Cc2ccccc21
mol_e8e5212ea44ffd70,train,c1ccc(CNCc2ccccc2)cc1
mol_e8efc454411a43ca,train,O=C(CSc1ccncc1)NC1C(=O)N2C=CCSC12
mol_e910a3bf6e7935c1,train,ACYCLIC:BrCCCCCBr
mol_e91409b5cac1644b,train,O=C1C=C2CCC3C(=C2CC1)C=CC1CCCC13
mol_e9158dc964a10b5c,train,O=C1CCCC1
mol_e919ae9fa8a81c11,train,ACYCLIC:CC(C)(C)C(=O)CC(=O)C(C)(C)C
mol_e91abc14af2f6237,train,c1ccc2c3c([nH]c2c1)C1CC2CCCCC2CN1CC3
mol_e924e7104ed798fc,train,c1ccccc1
mol_e928b5cc47332878,train,O=C1CCC(OC2CCC(OC3CCC(OC4CCCc5cc6c(cc54)C(=O)c4ccccc4C6=O)OC3)OC2)OC1
mol_e95d4293f7d53ed1,train,ACYCLIC:O=NN(CCO)CCO
mol_e96fa9101a8b27d8,train,C1=CC2c3ccccc3OCC2CC1
mol_e985bc4ea4fd3c92,train,c1ccccc1
mol_e9900ab9b1464b99,train,c1ccc(C(Cn2ccnc2)OCc2ccsc2)cc1
mol_e995accbadd79bc6,train,O=C(NC1CN2CCC1CC2)c1cc2ccoc2cn1
mol_e9aa782c8a5c5c25,train,c1ccc(-c2ccc3ccccc3n2)cc1
mol_e9c5cecbe1bd00b3,train,ACYCLIC:COS(C)(=O)=O
mol_e9caeaaf77bb9e33,train,c1ccccc1
mol_e9cc8eb9caf4cb5c,train,c1ccc(C[N+]2(CCOCCC3CCC4CC3C4)CCOCC2)cc1
mol_e9d1635b02ca7c48,train,c1ccccc1
mol_e9d7124e22bce0ed,train,C(=Cc1ccccc1)CN1CCN(C(c2ccccc2)c2ccccc2)CC1
mol_e9d92b28db6a4f52,train,c1ccccc1
mol_e9d9dd6b9513bf92,train,ACYCLIC:C/C=C(/C)C#N
mol_e9d9e59253f8981c,train,c1ccccc1
mol_e9e216a04317b8eb,train,c1ccccc1
mol_e9f6d6c1b30482c4,train,c1ccc2cc3c(ccc4ccccc43)cc2c1
mol_e9fd3a3250dc2e0b,train,c1ccccc1
mol_ea1158498681a8b3,train,c1ccc(Nc2ccccn2)cc1
mol_ea125439622451c0,train,O=c1c(-c2nnn[nH]2)cnc2ccccn12
mol_ea1e563c377fef78,train,N=C(C(=O)NC1C(=O)N2C=CCSC12)c1cscn1
mol_ea20f45fc5dafe9b,train,c1ccc(Cn2cc[nH+]c2)cc1
mol_ea29c43bde3f3841,train,ACYCLIC:CCCCCCCCCCCCCCCC[N+](C)(C)CC
mol_ea39784829ccbf35,train,ACYCLIC:C=C(C)C(=O)OCCC[Si](OC)(OC)OC
mol_ea41328694e99204,train,c1ccccc1
mol_ea4b4d3e052d2f10,train,O=C1Nc2ccccc2Oc2ccccc21
mol_ea5640862740f8cf,train,c1cc(N(CC2CO2)CC2CO2)ccc1OCC1CO1
mol_ea5e6c7ce74bdd23,train,c1ccccc1
mol_ea7a30395bbbe2aa,train,ACYCLIC:CCCCCCCCCCCCCCCCN(C)C
mol_ea844d76d3339573,train,ACYCLIC:CCCCCC
mol_ea85a7134058aafc,train,c1ccc2c(c1)CCc1cccnc1C2=C1CCNCC1
mol_ea9344c147c312f4,train,c1ccc2c(c1)NC1CCNCC21
mol_ea96a7adece08c48,train,C1CCCNCC1
mol_ea986e1a52aa3c43,train,c1ccc(CCN2CCC(Nc3ccccc3)CC2)cc1
mol_eaaa3d4bbf8770f1,train,C1CCCCCCCCCCC1
mol_eaab3cf351a02d81,train,ACYCLIC:C=CCSSCC=C
mol_eacf9d5e3a14d674,train,O=C1C=CC=CC(COC2CCCCO2)COC(=O)CCCC(OC2CCC(OC3CCCCO3)CO2)CCC1
mol_ead4067c73fe5925,train,O=c1ccc(C2CC3OC34C2CCC2C3CCCCC3CCC24)co1
mol_ead5f97f5ac8dc12,train,O=C1C=C2CCC3C(CCC4C3CC3OCOC34)C2CC1
mol_ead87cfe4f50efdc,train,ACYCLIC:C=C(C)C(=O)NCCC[N+](C)(C)C
mol_eaf617f8939062a2,train,ACYCLIC:C=CC(=O)NC(C)(C)C
mol_eafc7465638d36d2,train,c1ccc2c(c1)N=C(N1CCNCC1)c1ccccc1S2
mol_eafd1163c90913fb,train,c1ccccc1
mol_eb13e045b773bce6,train,O=C(OCc1ccccc1)c1cccnc1
mol_eb20aa3b1b5980c5,train,O=C(Nc1ccccc1)c1ccoc1
mol_eb29a96b71ea022e,train,ACYCLIC:N#CCC(=O)O
mol_eb325d00ba65a888,train,c1ccccc1
mol_eb329ef39075583a,train,O=C1C=CC(=O)C(Cc2ccccc2)=C1
mol_eb431ba3a2ed6f50,train,C1CCN(C2CCC3CCC4C5CC([NH+]6CCCCC6)CC5CCC4C3C2)CC1
mol_eb5779912f82b1fe,train,ACYCLIC:CC(C)=CC(=O)C=C(C)C
mol_eb5a81c5edbb076a,train,c1ccccc1
mol_eb66b47afefc0bc0,train,c1ccccc1
mol_eb7af3b9a6951797,train,O=C(OC1CC2CCC(C1)N2)c1ccccc1
mol_eb85cc5b9b9e15fd,train,C1=C(Cc2ccccn2)c2ccccc2C1
mol_eb8ad5f596609321,train,C=C1NC(=O)CNC(=O)CNC(=O)CCNC(=O)C(C2CCNC=N2)NC1=O
mol_eb967d85adbb6e51,train,ACYCLIC:NCCCC(O)(P(=O)(O)O)P(=O)(O)O
mol_eb9e5f8601e851ee,train,O=c1cc[nH]c2cc3c(cc12)OCO3
mol_eba28e7b61370bb2,train,ACYCLIC:CN=C=S
mol_eba430b0aa0b6340,train,c1ccccc1
mol_eba8c3ad7edb6645,train,c1ccccc1
mol_ebabdd11825c2004,train,O=C(OCCCCCCOC(=O)c1ccccc1)c1ccccc1
mol_ebbb93f67b81c27f,train,O=C(Cc1ccccc1)OC1CC2[NH2+]C(C1)C1OC21
mol_ebc78f0795c71ec3,train,c1nc[nH]n1
mol_ebcfec7ca31af9da,train,O=C1C=COS(=O)(=O)N1
mol_ebda873e14be85b4,train,O=C1c2ccccc2CC1CC1CCN(Cc2ccccc2)CC1
mol_ebdc4a582a1bc0d0,train,c1ccccc1
mol_ebe7696cde12fc93,train,c1ccccc1
mol_ebee02af874e044b,train,O=C1CC(=O)N(c2ccccc2)N1c1ccccc1
mol_ebf32f03310db85a,train,ACYCLIC:CN(C)CCN(C)C
mol_ebf349bdad7aae2f,train,c1ccccc1
mol_ebf42e5e8340c5f2,train,c1ccccc1
mol_ebfee24e355bbf30,train,c1ccccc1
mol_ec09b9d1e20f291f,train,ACYCLIC:O=C(O)CS
mol_ec110652002ebca3,train,O=C(NN=Cc1ccccc1)c1ccncc1
mol_ec1c682ef124495d,train,c1ccccc1
mol_ec1d02beab3677cf,train,O=c1nc[nH]c2[nH]cnc12
mol_ec36fd9b8549975e,train,ACYCLIC:O=C(O)O
mol_ec50dc47a6095637,train,ACYCLIC:CC(=O)C(C)O
mol_ec52f7ec450fb953,train,c1ccccc1
mol_ec539511bc367529,train,ACYCLIC:CCOC(=O)C(Cl)C(C)=O
mol_ec574bb4b441547e,train,O=C1CCc2cc(OCCCCc3nnnn3C3CCCCC3)ccc2N1
mol_ec5a22b37c103e75,train,c1ccccc1
mol_ec6981c2500d0a31,train,O=C(OCCCN1CCCCC1)c1ccccc1
mol_ec8137cfb82e4a19,train,ACYCLIC:CC(CC=O)CCCC(C)(C)O
mol_ec85fd52a4f0c75f,train,c1ccccc1
mol_ec9377327915c18d,train,O=C(N1CCCC1)C(CCN1CCOCC1)(c1ccccc1)c1ccccc1
mol_ecb48200993ea30d,train,ACYCLIC:OC(O)C(Cl)(Cl)Cl
mol_ecb869f81bda6ecb,train,ACYCLIC:CC(C)CCCCCCOC(=O)CCCCC(=O)OCCCCCCC(C)C
mol_eccd9212390d27c3,train,c1ccccc1
mol_ece60e4d8e8ff4f7,train,O=C1CNC(NC(=O)Nc2ccccc2)=N1
mol_ed083bf357b349c7,train,c1ccccc1
mol_ed09e59b406f6eb3,train,O=S1(=O)OC(c2ccccc2)(c2ccccc2)c2ccccc21
mol_ed0c6e693a7a5884,train,ACYCLIC:[Cu+2]
mol_ed0ec44fe9eb8d9e,train,O=C1N=CC2CN12
mol_ed139ad3bf96777e,train,ACYCLIC:O=C(O)C(Br)(Br)Br
mol_ed20d22815c0a9a6,train,c1ccc(CN2CCc3sccc3C2)cc1
mol_ed30eca69c4e2fc6,train,ACYCLIC:COC(=O)Cl
mol_ed3cf26b7abb6da1,train,ACYCLIC:COP(=S)(Cl)OC
mol_ed40b30eba977fcc,train,c1ccccc1
mol_ed43a68816a398d0,train,c1ccccc1
mol_ed46d37038f1efa0,train,c1ccccc1
mol_ed5384a262ddd039,train,O=C(Nc1cccc(C(=O)Nc2cccc(C(=O)Nc3cccc4ccccc34)c2)c1)Nc1cccc(C(=O)Nc2cccc(C(=O)Nc3cccc4ccccc34)c2)c1
mol_ed7131937be57026,train,c1ccccc1
mol_ed7863ab24368932,train,O=C1c2ccccc2C(=O)C1c1ccccc1
mol_ed7ad85bda8f8eea,train,c1ccccc1
mol_ed7e9074c32c6a30,train,O=C(NCCc1ccccc1)C1CCCCC1
mol_ed850098310f8ee2,train,C1CC2CCC3C4CC5SC5CC4CCC3C2C1
mol_ed9181751e8ab33a,train,c1ccc(C(CCN2CCCCC2)C2CCCCC2)cc1
mol_ed9b986757f81b65,train,S=C1NCNCS1
mol_ed9cd48f30996ba8,train,ACYCLIC:O=S(=O)(O)CCS
mol_edbd4e42ebc64764,train,c1ccc(Cn2ccnc2)cc1
mol_edbdf06f44e445d1,train,c1ccc2c(c1)CCCO2
mol_edbe80e2aeebaa1f,train,O=C1CCCCCCCCCCCCCCC=CC=CC=CC=CC=CCCO1
mol_edd9e21f472c4168,train,ACYCLIC:C[N+](C)(C)CC(=O)O
mol_edf995800a313e74,train,c1ccccc1
mol_edfcdbd65421f45f,train,c1ccccc1
mol_ee00d62d78c294ee,train,ACYCLIC:O=C(Cl)C(Cl)(Cl)Cl
mol_ee01eb0892d10098,train,c1ccccc1
mol_ee0650196931b019,train,C(=Nc1ccccc1)Nc1ccccc1
mol_ee0b533e14904cd6,train,c1ccccc1
mol_ee0e3520c87c78a9,train,C(=C(c1ccccc1)c1ccccc1)c1ccccc1
mol_ee15facc962290f7,train,ACYCLIC:CC(C)CC(C)(C)C
mol_ee2e16b1f76a4b20,train,O=C1C=CC2C(=C1)CCC1C2CCC2C1CC1OC3(CCCC3)OC12
mol_ee326fbca8ceea8d,train,c1ccccc1
mol_ee3312fba57f4028,train,c1ccc2[nH+]cc[nH+]c2c1
mol_ee333a351505bb33,train,c1ccc(COc2ccccn2)cc1
mol_ee335e75dea228ee,train,c1ccccc1
mol_ee62a589b398eebc,train,O=C(OC1CC2CCC(C1)[N+]21CCCC1)C(c1ccccc1)c1ccccc1
mol_ee6513123527afef,train,O=C1C=C2C3CCCCC3CCC2C2CCC3CC(OC4OCCCC4OC4CCCCO4)CCC3C12
mol_ee669d529d82c7ee,train,c1ccccc1
mol_ee7396b803c72c81,train,O=C(Nc1ccc(S(=O)(=O)Nc2nccs2)cc1)c1ccccc1
mol_ee784ea07255a007,train,C1=C2CCCCC2C2CCC3CCCC3C2C1
mol_ee840133ce4df48e,train,O=c1cc(N2CCOCC2)cn[nH]1
mol_eea01f44a6dfd851,train,O=c1[nH]nc2c3cc(-c4ccccc4)c(-c4ccc(C5CCC5)cc4)nc3ccn12
mol_eea236861ce0a721,train,C1=CC(=C(c2ccccc2)c2ccc(NCc3ccccc3)cc2)C=CC1=[NH+]Cc1ccccc1
mol_eeb5a8edd92724ed,train,O=C1C=C2C=CC3C4CCCC4CCC3C2CC1
mol_eeb6e0cd8ce6ea06,train,ACYCLIC:CCC(Cl)[N+](=O)[O-]
mol_eebf38895788bc74,train,ACYCLIC:[Co+2]
mol_eed613903157d052,train,ACYCLIC:ClC(Cl)Cl
mol_eed6de67a8e5e080,train,ACYCLIC:CC(C)=CCC[C@H](C)CCO
mol_eee78afb54bb95a7,train,c1ccc(-c2ccc(-c3ccccc3)cc2)cc1
mol_eee8904973f9a605,train,c1ccccc1
mol_ef06d30232c6c420,train,ACYCLIC:O=C(CO)[C@@H](O)[C@H](O)[C@@H](O)C(=O)O
mol_ef0f6f2585fe5726,train,ACYCLIC:C=CC(=O)OCCCCO
mol_ef0fb454466517c8,train,O=C1CCC=CCC(=O)CC(CCC2CCCCC2)OC(=O)C2CCCCN2C(=O)C(=O)C2CCCC(CCC=CC=CC=CCCC1)O2
mol_ef171ec0ab5c6beb,train,ACYCLIC:CO[Si](C)(OC)OC
mol_ef3ae2d5fc4c0b97,train,ACYCLIC:CCCC(O)C(CC)CO
mol_ef3cbfc094c47e96,train,ACYCLIC:CCCCCCCCCCCCCCCCCCCl
mol_ef5518274313febd,train,c1ccccc1
mol_ef5d1d6c7a886a6a,train,c1ccccc1
mol_ef710280dee0319d,train,c1ccccc1
mol_ef92c7ba90ff70eb,train,c1ccccc1
mol_ef9f006162322234,train,c1cnc2ccc3[nH]cnc3c2c1
mol_efa1cb504ebb1b8e,train,ACYCLIC:CSCCC=O
mol_efb7e52f92e714dd,train,c1ccc(C(c2ccccc2)c2ccccn2)cc1
mol_efbf1bd3f7eb5b95,train,c1ccccc1
mol_efc12393353236c3,train,N=C(Nc1ccccc1)Nc1ccccc1
mol_efcf6e49dc9fe01c,train,C1CCC(NC2CCCCC2)CC1
mol_efd1072e3b180572,train,O=C(Nc1cnccn1)C(CC1CCCC1)c1ccccc1
mol_efd9633793d197bb,train,ACYCLIC:CNC(=O)CSP(=O)(OC)OC
mol_efdd75c1071a6a77,train,c1ccc(C2CCCC2)cc1
mol_efedff0792924416,train,ACYCLIC:CCC(C)(S(=O)(=O)CC)S(=O)(=O)CC
mol_eff6011ce43830b0,train,c1ccccc1
mol_eff858d778beecc6,train,O=C(OC1CCCCC1)c1ccccc1C(=O)OC1CCCCC1
mol_f005a3dec98789eb,train,O=C1CN2Cc3ccccc3NC2=N1
mol_f039ac78f54e49b4,train,c1ccccc1
mol_f039d014b36741a1,train,c1ccc(-c2ccnc3ccnn23)cc1
mol_f039d5ed15144784,train,c1ccc(C(c2ccccc2)c2cncnc2)cc1
mol_f0485c1402169bfd,train,O=C1CCOC2CCC3CCCCC3C12
mol_f04cfe6c492e2f84,train,O=C(Cc1ccccc1)NC1CCC2(CCCO2)CC1N1CCCC1
mol_f0779fb74175a276,train,ACYCLIC:CCCCCCCCCC[N+](C)(C)[O-]
mol_f079da49b27e3d96,train,ACYCLIC:BrCC(Br)(Br)Br
mol_f086e9ab41896c5b,train,ACYCLIC:CC(=O)OC(C)C
mol_f08f09c0758065ab,train,c1ccc(CCNCCOc2ccccc2)cc1
mol_f0974e4552d17fd5,train,ACYCLIC:CCCCCCCCCC(=O)OCC
mol_f0982c2a6fb09a23,train,ACYCLIC:N#CCC#N
mol_f098e5c0da3fe925,train,ACYCLIC:CCCC=C(C=O)CC
mol_f0aee7a83e19d05e,train,O=C(NC1CCCCCCC1)NS(=O)(=O)c1ccccc1
mol_f0b33f48e991838d,train,c1ccccc1
mol_f0b5cc55a247f158,train,ACYCLIC:CCCC/C=C\CCCCCCCCCC=O
mol_f0c4c1ccd8c5ba54,train,c1cn(C2CCCO2)cn1
mol_f0c84019bf630f97,train,O=C1C=C2C3CCCCC3CCC2C2CCC3CC(OC4OCCCC4OC4CCCCO4)CCC3C12
mol_f0d253564d8654c3,train,c1ccc(OCc2ccc(CCCN3CCOCC3)cc2)cc1
mol_f0dbd2e8389e0905,train,O=C1OC(C2NCCc3cc4c(cc32)OCO4)c2ccccc21
mol_f0deb5834ecd047d,train,O=C1OC(=O)C2CCCC=C12
mol_f0e5f743f121b972,train,ACYCLIC:CNC(=O)O/N=C/C(C)(C)S(C)(=O)=O
mol_f0eb5aad49ab5b12,train,c1ccc(Nc2ccccn2)cc1
mol_f0ebe24c2820ebc4,train,c1ccc(C2CCCc3ccccc32)cc1
mol_f0ed37ede5e707d5,train,ACYCLIC:CCC(C)C(=O)O
mol_f101bb360fc59539,train,O=C(OC1CC2CC3CC(C1)N2CC3=O)c1c[nH]c2ccccc12
mol_f10aea81d5dc1658,train,ACYCLIC:CC(C)CCON=O
mol_f10b18c3b9698931,train,O=C1CCCC(=O)O1
mol_f110b2c7d42185ee,train,C1CCC(CC2CCCCC2)CC1
mol_f118138188acc5ae,train,C(CCN1CCNCC1)=C1c2ccccc2Sc2ccccc21
mol_f1244a62e080d0f2,train,ACYCLIC:CCCCCCCCCCCCI
mol_f128b36d57e41698,train,ACYCLIC:CC(C)COC(=O)CCCCC(=O)OCC(C)C
mol_f1399e62159f5c1d,train,O=C(C=Cc1ccccc1)Nc1ccccc1
mol_f139adf93a86b889,train,O=C1OC2CC(CC=CC(OC3CCC(OC4CCCCO4)CO3)CC=CC=C3COC4CC=CC1C34)OC1(C=CCCO1)C2
mol_f13ac9394292a07d,train,ACYCLIC:CCN(C)N=O
mol_f13d009d58239918,train,c1ccccc1
mol_f1436dd43b6ed45a,train,O=C1Cc2ccccc2CCN1CCCNCCc1ccccc1
mol_f14394f04a81cb5f,train,O=C1CCC2C3=CCc4ccccc4C3CCC12
mol_f1493e50edd0b7f9,train,c1ccc(C(c2ccccc2)c2cccnc2)cc1
mol_f16e1caf3e06a3fe,train,c1ccc(CCn2cncn2)cc1
mol_f1710a9419d878f2,train,ACYCLIC:COC(=O)C=C(C)N
mol_f1719891c6e0db3a,train,ACYCLIC:C=CC(=O)NC(C)(C)CS(=O)(=O)O
mol_f17354c378e47218,train,C1=CC2C3C=CC(C3)C2C1
mol_f175c9fae175f277,train,O=c1[nH]c(CC2CCCCC2)no1
mol_f182fa5285a74aa6,train,O=C(NNCNNC(=O)c1ccncc1)c1ccncc1
mol_f1894dc95a510927,train,ACYCLIC:CCC(Cl)CC(Cl)C(Cl)C(Cl)C(Cl)C(C)Cl
mol_f18ffd6530aed793,train,O=C(Nc1ccccc1)C1CCCCN1
mol_f1a0b280b076b52c,train,ACYCLIC:C=CCCCCCCCCO
mol_f1a7ec7f05d36a26,train,ACYCLIC:CC(=O)NNC(C)=O
mol_f1b09ca830e9dfa3,train,O=C1C=C(C2CCC3C2CCC2C4CCC(OC5CCC(OC6CCC(OC7CCCCO7)CO6)CO5)CC4CCC23)CO1
mol_f1b0be3ea73346e7,train,O=C1CCCCC1=Cc1ccccc1
mol_f1b21568a5e5bc72,train,O=c1[nH]c2ccccc2n1C1CCN(CC2OCc3ccccc3-n3cccc32)CC1
mol_f1b28718b2ebadec,train,c1ccc2c3c([nH]c2c1)C1CC2CCCCC2CN1CC3
mol_f1bb479b10df9cfd,train,c1ccc(CNc2ccccc2)cc1
mol_f1bfc7b26f7a4cc9,train,c1ccccc1
mol_f1c6353339604ed4,train,c1ccccc1
mol_f1cc275f5446f9d7,train,ACYCLIC:CCOC(=S)SSC(=S)OCC
mol_f1d4fbb1968b6740,train,O=C1OC(=O)C2CC=CCC12
mol_f1d70d9736714e7c,train,O=C1OC2(c3ccccc3Oc3ccccc32)c2ccccc21
mol_f1d9b8c5afd8f635,train,O=C(NCC1CCCCO1)C1CCCN1
mol_f1ddcd39fc280803,train,O=c1[nH]c(=O)c2ccccc2[nH]1
mol_f1df1effabf66789,train,ACYCLIC:CCCCCCCCCCCCCCCCC(C(=O)O)C(O)(CC(=O)O)C(=O)O
mol_f1e2c1fa3483e6d1,train,ACYCLIC:C/C=C(C)/C=C/C=C(C)C
mol_f1e32167b1a5334d,train,c1ccc(-c2ccnn2-c2ccccc2)cc1
mol_f1ee6155c5b86940,train,ACYCLIC:N[C@@H](CS)C(=O)O
mol_f1f7e26dd6d343c5,train,c1ccccc1
mol_f1ff0caf80e9fab4,train,c1ccc(OCC2CO2)cc1
mol_f1ffed9957b79edd,train,ACYCLIC:CCCCOC(=O)[C@H](C)O
mol_f20226db8ed65317,train,C1CCC(OC2OCCC3OC4(CCCCO4)OC32)CC1
mol_f205082e7db34bae,train,ACYCLIC:CCC[Si](OC)(OC)OC
mol_f2149c33a5b5dcfe,train,O=C1CC=NN1c1ccccc1
mol_f216e28c8dd6e36a,train,c1ccc(CNCc2cccc3ccccc23)cc1
mol_f232635bd8e38e37,train,O=C1CC2SC(C3CCCO3)=CN12
mol_f237a2db38b9424f,train,O=C1C=CC=CCCCCCCCCC=COC2Oc3ccc4cc(c(C=NN5CCNCC5)cc4c3C2=O)N1
mol_f24d7be9b98a6d39,train,O=c1c2ccccc2oc2ncccc12
mol_f26ec28440e3cc9a,train,c1ccccc1
mol_f26fb35ca768e1d9,train,C1CC2CC3CCCC3(C1)C2
mol_f26ffb91425f8d78,train,ACYCLIC:NC(=O)CC[C@@H](N)C(=O)O
mol_f279afbd344523fc,train,c1ccccc1
mol_f2823e3b8897210e,train,c1ccc(CCNCCc2ccccc2)cc1
mol_f28cfb56cbf2376c,train,O=c1c(-c2ccccc2)c1-c1ccccc1
mol_f2be4a948386dd38,train,C1=CCC=C1
mol_f2c5dabdfb1ae631,train,c1ccccc1
mol_f2c5f4752701747b,train,c1ccccc1
mol_f2c778695a1604fc,train,O=C(Nc1ccccc1)C1CC1
mol_f2e2b27b22a8c827,train,ACYCLIC:CCCCCCCCCCCCN(CCCCCCCCCCCC)CCCCCCCCCCCC
mol_f2e4a11561daee03,train,O=C1C=CCC(CCc2ccccc2)O1
mol_f2e6e4d5d6399f4b,train,c1ccccc1
mol_f2e7e1356251a091,train,ACYCLIC:CCCOC(C)=O
mol_f2ea1a61be3e7a75,train,c1ccccc1
mol_f2ea8c633b6f92a0,train,O=C1CN(CCN2CC(=O)NC(=O)C2)CC(=O)N1
mol_f2f476b09757a281,train,c1ccccc1
mol_f2fa28551043e655,train,ACYCLIC:CC(C)(O)C(=O)O
mol_f3096c440b010109,train,c1ccccc1
mol_f31438ee8bfd8ee2,train,O=C1C=C2CCC3C(=C2CC1)C=CC1CCCC13
mol_f318ed80acac150d,train,O=C1NC(=O)C(Cc2ccc(OCCc3ccccn3)cc2)S1
mol_f331efde01eaeda3,train,c1ccccc1
mol_f349518403d8d532,train,ACYCLIC:O=S(=O)(O)F
mol_f3497a77d675e5f0,train,ACYCLIC:CCCCOCCOCCOCCCC
mol_f34ee84c0d6e044f,train,ACYCLIC:COCCOCCOCCOCCOC
mol_f355075c9925396e,train,ACYCLIC:OCC(O)CCl
mol_f35c66ae7c876ee6,train,O=C1CCCN1C(=O)c1ccccc1
mol_f36eb24fb182835a,train,c1ccccc1
mol_f377b6d66333479b,train,C1=Cc2cc3ccc(cc4nc(cc5ccc(cc1n2)[nH]5)C=C4)[nH]3
mol_f38a5fec3421bf57,train,ACYCLIC:CCC(COC(=O)CCS)(COC(=O)CCS)COC(=O)CCS
mol_f38d44abf11616c4,train,O=C(Nc1ccccn1)C1=Cc2sccc2S(=O)(=O)N1
mol_f3943e36607a2a09,train,ACYCLIC:CNC(C)=O
mol_f3b3f1f194f39392,train,C1CCC(OC2CCC3OC(OC4CCCCO4)CCC3O2)CC1
mol_f3b7b088112847d7,train,c1ccccc1
mol_f3bcc43bb560eeb8,train,ACYCLIC:N#CC(Br)Br
mol_f3c7fa85da524d06,train,C1COCOC1
mol_f3cf08db4bff496e,train,O=C(COCCOCCOCC(=O)Nc1ccccc1)Nc1ccccc1
mol_f3defcbc31d4433b,train,c1ccccc1
mol_f3e9d0872f22020b,train,ACYCLIC:CCOP(=S)(OCC)SCSCC
mol_f3edec8ec3dbf3da,train,O=C1c2c([nH]c3ccccc23)CCC1Cn1ccnc1
mol_f401d6242488c5cc,train,c1ccc(Nc2c3ccccc3nc3ccccc23)cc1
mol_f4031995dd480eed,train,c1ccc2cnccc2c1
mol_f40faa3b8ede57bb,train,O=C(Nc1nnn[nH]1)c1cc2ccccc2s1
mol_f4167466a2dc82ce,train,c1ccccc1
mol_f41731bf0d08578f,train,c1ccccc1
mol_f423187298b96eba,train,ACYCLIC:CC(C)C#N
mol_f431acfc0a2d0c7f,train,ACYCLIC:CO[Si](CCCS)(OC)OC
mol_f434cf28ca8d93d7,train,ACYCLIC:CC(C)(S)C(=O)N[C@@H](CS)C(=O)O
mol_f43ab131d1817ad1,train,O=C1OC(c2ccccc2)(c2ccccc2)c2ccccc21
mol_f440e6174ce71407,train,O=C(OC1CCCNC1)C(c1ccccc1)c1ccccc1
mol_f47f7740868eb234,train,c1ccccc1
mol_f49924a264032588,train,C1COCOC1
mol_f49e90d6d324d836,train,ACYCLIC:C[Si](C)(C)O[Si](C)(C)O[Si](C)(C)C
mol_f4a22a443a115bd3,train,c1ccc2c(c1)N=C(N1CCNCC1)c1ccccc1O2
mol_f4a234471370601b,train,ACYCLIC:N#CSCC(=O)O
mol_f4a9c6029fa5aea3,train,C=C1c2ccccc2COc2ccccc21
mol_f4cab8d49afebabc,train,N=C(C(=O)NC1C(=O)N2C=C(CSc3nnn[nH]3)CSC12)c1cscn1
mol_f4cc6aa9a3c5a20e,train,ACYCLIC:CC/C=C/CCO
mol_f4cf9c258fcbe8a8,train,O=C1CCC2CCC3C(=C12)CCC1CCCCC13
mol_f4d302cf76c7803c,train,ACYCLIC:CC(C)CCCCCOC(=O)CCCCC(=O)OCCCCCC(C)C
mol_f4d39e5ddbbc1610,train,ACYCLIC:C=CCCCCCCCCC(=O)OCCCC
mol_f4e5bd9cddec9d0b,train,O=c1cccnn1-c1ccccc1
mol_f4f11240afcbd267,train,c1ccccc1
mol_f503dbd01e9e50f7,train,ACYCLIC:O=C/C(Cl)=C(/Cl)C(=O)O
mol_f50474da123ecd19,train,C1=CCNCC1
mol_f50554b8d17075f0,train,O=C(NN=Cc1ccco1)c1ccccc1
mol_f51c8c923229b3b2,train,C1=CC2C3C=CC(C3)C2C1
mol_f533e08745bad20b,train,ACYCLIC:CC(O)(P(=O)(O)O)P(=O)(O)O
mol_f53c772129935618,train,O=C1c2ccccc2COc2ccccc21
mol_f53c8545aaf2f2b9,train,O=C(Nc1ccccc1)Nc1ccccc1
mol_f54db5739d628b5e,train,O=C(C1C(c2ccccc2)c2ccccc2N1S(=O)(=O)c1ccccc1)N1CCCC1
mol_f56034f4a0ff088e,train,c1ccccc1
mol_f563d82cad3ce588,train,c1cc(N(CC2CO2)CC2CO2)ccc1Cc1ccc(N(CC2CO2)CC2CO2)cc1
mol_f5a7316eb21b441b,train,ACYCLIC:[Cr+3]
mol_f5ab294db24a12a1,train,S=C(Nc1ccccc1)Oc1ccc2c(c1)CCC2
mol_f5b42e961829dc52,train,C(=NCc1ccccc1)c1ccccc1
mol_f5b7d2399a367b5d,train,O=C1CCC2C3Cc4cccc5c4C2(CCN3)C1O5
mol_f5bc8342b610e2a5,train,O=C1CC(OC2CCCCO2)CC(OC2CCCCO2)CCCCNCCCCO1
mol_f5bd83f477a53cd0,train,ACYCLIC:CCCNCCC
mol_f5c2fd54d00a3ac8,train,c1ccccc1
mol_f5d41f153e3e2395,train,C1=CC1
mol_f5db50d62d95586c,train,ACYCLIC:O=CC=O
mol_f5e51bd849f222e5,train,O=C(NCN1CCOCC1)c1cnccn1
mol_f5f4ff27805e4369,train,C1COCCO1
mol_f60909cda1c79fd4,train,c1ccccc1
mol_f60a4bed98ac2840,train,O=c1[nH]c2ccc(N3CCOCC3)cc2[nH]c1=O
mol_f62035e9acf8bdc1,train,ACYCLIC:CC(C)CCCCCCN
mol_f6234f8ca1dc58af,train,O=C1CCCCC1CN1CCCCC1
mol_f62afb2090ee81ee,train,c1ccc(C2(c3ccccc3)CC3CC2C2CCCC32)cc1
mol_f62c66309fccad2d,train,ACYCLIC:CCCCOC(=O)C(C)CC
mol_f643e8764186eea9,train,c1ccccc1
mol_f6440f63b7de66b7,train,O=C(c1ccccc1)N1CCC(CCN2C3CCC2CC(n2cnc4ccccc42)C3)(c2ccccc2)CC1
mol_f64bfe3eb818db89,train,c1ccccc1
mol_f650423e0f3e74af,train,ACYCLIC:CCCCC/C=C/C=C/C=O
mol_f666b55c117f3166,train,c1ccccc1
mol_f66e4cb05a7cb292,train,c1cnsc1
mol_f67e4755924f586a,train,c1ccc(-c2cncnc2)cc1
mol_f68a171bd4df1610,train,c1ccccc1
mol_f6a38d4300b49968,train,ACYCLIC:CC(CO)CO
mol_f6a64d51a6172ca6,train,O=C1c2ccccc2C(=O)C1c1ccc2ccccc2n1
mol_f6a7d0fdc6d8caba,train,ACYCLIC:CCCCCCC[CH2][Sn]([Cl])([Cl])[CH2]CCCCCCC
mol_f6ae86bcfbd37021,train,c1ccc(Cc2nccc3ccccc23)cc1
mol_f6af8c64a79bbba7,train,c1ccc2ncncc2c1
mol_f6b776d7812e2e40,train,S=c1[nH]cc[nH]1
mol_f6bce1d4ff8087f9,train,c1ccccc1
mol_f6bde174e24d7f22,train,c1ccc(OCC2CCCO2)cc1
mol_f6cc1b52ab0efef9,train,O=C1COc2ccc(N3C(=O)C4=C(CCCC4)C3=O)cc2N1
mol_f6d11dad8561b40c,train,c1ccccc1
mol_f6e4d9aafee52859,train,c1ccccc1
mol_f7185ae26c4e97c5,train,c1ncc2nc[nH]c2n1
mol_f71ebe3cd893022e,train,c1ccc(Nc2ccccn2)cc1
mol_f7240b11ddd793af,train,c1cc2c(c3c1CCC3)CCO2
mol_f72fe0466d323d68,train,c1ccccc1
mol_f737bc4af72bd67e,train,O=C(CCCCC(=O)Nc1ccccc1)Nc1ccccc1
mol_f7550751a242e4ba,train,O=C1C=C(C2CCC(c3ccccc3)CC2)C(=O)c2ccccc21
mol_f76211980f4f2409,train,ACYCLIC:CCCCCCCCCCCCCCBr
mol_f764c4adb70b8b7f,train,c1ccccc1
mol_f76db574f8f50320,train,c1ccc2c(c1)CC1c3cc4c(cc3CCN1C2)OCO4
mol_f781776157481a1b,train,C1=CC(=C(c2ccccc2)c2ccc(NCc3ccccc3)cc2)C=CC1=[NH+]Cc1ccccc1
mol_f78b87e4b5125996,train,c1cc(N2CCCCC2)nc[nH+]1
mol_f78be9aae4aff603,train,ACYCLIC:N#C/C=C/C#N
mol_f7a976701c048785,train,O=C1CC(c2ccccc2)C(=O)N1
mol_f7aa8842c6738fb0,train,O=c1cc(NCCNCCCc2ccccc2)[nH]c(=O)[nH]1
mol_f7ad3ac9aadf8b20,train,c1ccccc1
mol_f7b5ace979da0925,train,c1ccc([PH+](c2ccccc2)c2ccccc2)cc1
mol_f7b93c359de1fd25,train,c1ccc(OCCCOc2ccccc2)cc1
mol_f7baa28500cc392d,train,c1ccccc1
mol_f7d99d6ff9a5fb03,train,c1ccccc1
mol_f80304c1747f4f73,train,O=C(Cn1c(=O)sc2ccccc21)N1CCNCC1
mol_f81bc2f90f1c57e4,train,O=C(CCCCC(=O)Nc1ccccc1)Nc1ccccc1
mol_f81c11d19c1025c9,train,C=C1C(=O)C=COC1=O
mol_f81c165a34c7d332,train,ACYCLIC:C/C=C/C=C/C=O
mol_f81dce1660e68589,train,ACYCLIC:COP(C)(=O)OC
mol_f8388b971fbeb2da,train,O=c1cccc2c(c1)CCCc1ccccc1-2
mol_f838fd6f557de6fd,train,O=C1N=NC(CN2CCOC(OCc3ccccc3)C2C2CCCCC2)=N1
mol_f846f34ddaeb12fe,train,O=C1CCC23CCCCCC(CCC2)C13
mol_f84827d2f0198e89,train,O=C1NCCN1CCN1CCC(c2cn(-c3ccccc3)c3ccccc23)CC1
mol_f84a14b17befc850,train,ACYCLIC:NC(=O)CI
mol_f859f1466cc873e3,train,ACYCLIC:N[C@@H](CSCCCO)C(=O)O
mol_f85beaa7d4cd4cbd,train,O1[SiH2]O[SiH2]O[SiH2]O[SiH2]O[SiH2]1
mol_f867238a3c621874,train,O=C(COc1ccccc1)N1CCN(C(=O)COc2ccccc2)CC1
mol_f86ca77274949574,train,c1ccccc1
mol_f8784b08fba1d6f1,train,O=C1Nc2cccnc2N(C(=O)CN2CCNCC2)c2ccccc21
mol_f88f7d9fa3a03a04,train,ACYCLIC:CC(=O)OCCC(C)C
mol_f8945b0e15e2b269,train,O=C(Cn1ccnc1)NCc1ccccc1
mol_f8a566cfa848f58f,train,C(=Cc1ccc(N=Nc2ccccc2)cc1)c1ccc(N=Nc2ccccc2)cc1
mol_f8b3615d9555d19e,train,O=C(OCC(COC(=O)c1ccccc1)(COC(=O)c1ccccc1)COC(=O)c1ccccc1)c1ccccc1
mol_f8c73faa36bc3147,train,O=C(Nc1ccc2cc(N=Nc3ccc(N=Nc4ccccc4)cc3)ccc2c1)c1ccccc1
mol_f8dbac824461977b,train,c1ccccc1
mol_f8df6252db84f787,train,O=C1CCCC1
mol_f9010ce80759b4ef,train,c1ccc2c(c1)CC1CC2CCN1
mol_f923cbb4879c8b50,train,O=c1cccc(C=Cc2ccccc2)o1
mol_f93fc84e98f3a580,train,O=C1C=CC(OC(=O)C2CC2)C1
mol_f94063c51786fc5f,train,c1ccc(OC(c2ccccc2)C2CNCCO2)cc1
mol_f95e04da6ad8197d,train,c1ccccc1
mol_f96916ee67bb7b6c,train,O=S1(=O)OC(c2ccccc2)(c2ccccc2)c2ccccc21
mol_f96fb69fd32c6a70,train,c1ccccc1
mol_f977c602202dda05,train,c1ccc(N=Nc2ccc(-c3ccc(N=Nc4ccc5ccc(N=Nc6ccccc6)cc5c4)cc3)cc2)cc1
mol_f97a1a5b8ac40c66,train,ACYCLIC:CCC(C)Br
mol_f97aea37cdcd1478,train,ACYCLIC:CCCCCCCC/C=C\CCCCCCCC(=O)OCCOC(=O)CCCCCCC/C=C\CCCCCCCC
mol_f97bbcfc6a8ee991,train,c1ccccc1
mol_f992fc62b91bfd6c,train,ACYCLIC:CC(=O)CC(C)=O
mol_f99903cc7cfe0450,train,c1ccc(CCNCCCCCCNCCc2ccccc2)cc1
mol_f99cb62860a4576f,train,c1ccc(Nc2ncnc3ccccc23)cc1
mol_f9bf683ab9dc29b2,train,O=C(Oc1ccccc1)c1cccc(C(=O)Oc2ccccc2)c1
mol_f9c289ab2c2182e9,train,O=c1[nH]cnn1-c1ccccc1
mol_f9c330ac5d2c137c,train,ACYCLIC:BrC(Br)C(Br)(Br)Br
mol_f9d23da6ff7e7349,train,ACYCLIC:CC(C)(CO)C(O)C(=O)NCCC(=O)NCCSSCCNC(=O)CCNC(=O)C(O)C(C)(C)CO
mol_f9e10a0243003c0b,train,ACYCLIC:CCCCC(CC)COS(=O)(=O)O
mol_f9e2f075cee775d1,train,ACYCLIC:CC(=O)C(=O)O
mol_fa03e33b71e563fd,train,O=C1C=C(C2CCC3C2CCC2C4CCC(OC5CCC(OC6CCC(OC7CCC(OC8CCCCO8)CO7)CO6)CO5)CC4CCC23)CO1
mol_fa0ce889cf95ea5a,train,O=C(CCCN1CCC(OC(c2ccccc2)c2ccccc2)CC1)c1ccccc1
mol_fa0f086c063b22fc,train,c1ccccc1
mol_fa17861fefb7df77,train,c1ccccc1
mol_fa1febe12dcf96c7,train,ACYCLIC:C=CC(C)(CCC=C(C)C)OC=O
mol_fa39d7c0aafb64fa,train,ACYCLIC:O=C(O)C(Br)Br
mol_fa4357e532d390d0,train,c1ccccc1
mol_fa48421071c7b59c,train,O=[PH]1OCC2OC(n3cnc4cncnc43)CC2O1
mol_fa4a8d273054149b,train,c1ccc(Cn2c3c(c4ccccc42)CNCC3)cc1
mol_fa4ce0add8158ba8,train,c1ccccc1
mol_fa4d2fcff5f03b3b,train,c1ccc(NC2CCN(CCc3cccs3)CC2)cc1
mol_fa594c98a8e9471f,train,O=C1CCCCCN1
mol_fa5cd23902a3ab2b,train,ACYCLIC:CCC(CC)CO
mol_fa67c7fd1194d951,train,O=C1C(Cc2c[nH]cn2)CCc2cc3ccccc3n21
mol_fa85792b3b74ffb3,train,ACYCLIC:C=CC(C)(CCC=C(C)C)OC(=O)CC
mol_fa8d0dd168a7389f,train,c1cc2c3c(c[nH]c3c1)CC1NCCCC21
mol_fa9e7e448478954e,train,c1ccccc1
mol_faa9d615bb706baa,train,c1ccccc1
mol_faabccf1b2f5958c,train,ACYCLIC:CCCCCCCCCCCC(=O)OCC(O)CO
mol_fab23c459e5c4086,train,O=C(Cc1ccccc1)NC1C(=O)N2C(C(=O)OCOC(=O)C3CS(=O)(=O)C4CC(=O)N34)CSC12
mol_fab67db90ee2700e,train,c1ccccc1
mol_fabb6881e76f8897,train,ACYCLIC:O=C(CCl)C(Cl)Cl
mol_fabd3b7f4116b19f,train,c1ccc(CCCN2CCOCC2)cc1
mol_fac5d8d1f5b75c45,train,O=C1CC(Cc2cnc[nH]2)CO1
mol_fac83a6b3dafd7c3,train,ACYCLIC:C=CCOC(=O)CCCCCCCC
mol_fad41a9e7a61a08e,train,ACYCLIC:CCC[CH2][Sn+]([CH2]CCC)[CH2]CCC
mol_fafe3c57380cbc54,train,c1ccccc1
mol_fb0d4177384e6f8c,train,O=C(c1ccccc1)c1ccc[nH]1
mol_fb164a3bce44d6d4,train,O=C1CN2CCOC2(c2ccccc2)c2ccccc2N1
mol_fb170f2d6e14a883,train,c1ccccc1
mol_fb1b7973e105969e,train,C1=CC2Oc3cccc4c3C23CCNC(C4)C3=C1
mol_fb2e9770a586886c,train,c1ccccc1
mol_fb33eac31d54d0d9,train,c1ccccc1
mol_fb5915c7b238e31a,train,ACYCLIC:CCCCOC(=O)CC(CC(=O)OCCCC)(OC(C)=O)C(=O)OCCCC
mol_fb5a945586d6ee9e,train,c1cc[c]([Sn+]([c]2ccccc2)[c]2ccccc2)cc1
mol_fb625f80bc4476c4,train,c1ccc(C(c2ccccc2)C2CCN(CCc3ccc4c(c3)CCO4)C2)cc1
mol_fb7121a404676cf4,train,c1ccccc1
mol_fb7774cd5b6d7591,train,O=C1NC(=O)C2(CCOc3ccccc32)N1
mol_fba3cd5cdab0a401,train,O=C(CN1CCCC1)Nc1ccccc1
mol_fba8ed2fbe55b1a3,train,c1ccc(CN2CCNCC2)cc1
mol_fbc0557f02aa1012,train,ACYCLIC:CCC[CH2][Sn]([CH2]CCC)([CH2]CCC)[CH2]CCC
mol_fbcca452e2f4ee53,train,ACYCLIC:CN(C)C
mol_fbd520c137c54b0e,train,C1=C2CCCCC2C2CCC3CCCC3C2C1
mol_fbd705f129bfddde,train,c1ccccc1
mol_fbd955820f0e4f91,train,O=C1Nc2cccnc2N(C(=O)CN2CCCCC2)c2ccccc21
mol_fbdcbe4dcfdd568e,train,O=C1C=C2CCC3C(=C2CC1)C=CC1CCCC13
mol_fbfaaf816bb74db7,train,c1ccccc1
mol_fc0d02f9e5596d60,train,O=C(OC1CC2CCC(C1)N2)c1c[nH]c2ccccc12
mol_fc1ce0e6f9563286,train,c1ccc(COc2ccccc2)cc1
mol_fc29e01944e34e0d,train,ACYCLIC:CC(C)(O)C#CC(C)(C)O
mol_fc34b7c5fe7aa624,train,ACYCLIC:CCCCCCCCCCCCCCCCCC[N+](C)(C)C
mol_fc4a4c27a75975a4,train,O=C(OCN1C(=O)CNC1=O)C1CC1
mol_fc4db2e1fcd9f858,train,O=C(Cc1ccccc1)NC1C(=O)N2C=CCSC12
mol_fc543328ae680e71,train,ACYCLIC:OCCO
mol_fc7ce18287f2dcca,train,c1ccc(C2CC2)cc1
mol_fc8842c641d91506,train,ACYCLIC:CO
mol_fc8e0a294bfee1bf,train,O=C1C=C2CCCCCCC=CCCC=CC=CC(=O)NC(=C1)C2=O
mol_fc97d4677cd8c3d3,train,c1ccc(Nc2ncnc3cc(OCC4CCNCC4)ccc23)cc1
mol_fca127207f5c0856,train,c1ccccc1
mol_fcd603b54aca484f,train,c1ccc(C(CCCN2CCCCC2)c2ccccn2)cc1
mol_fcf2d134d8397778,train,ACYCLIC:CCCCCCC(CO)CCCC
mol_fd24ace8caa87d3d,train,ACYCLIC:ClCCOCOCCCl
mol_fd304454f31d9c69,train,ACYCLIC:[CH3][Hg][Cl]
mol_fd363a5d0f0cccd4,train,c1ccccc1
mol_fd3ee28a8c347ffa,train,O=C1CCC(=O)CC1
mol_fd3f61e29d74a641,train,ACYCLIC:CC(C)COC(=O)CC(C(=O)OCC(C)C)S(=O)(=O)O
mol_fd431b67986a74e1,train,ACYCLIC:CCCCCCCCCCCCCCCCN
mol_fd541ab8f396b854,train,ACYCLIC:CCCCCCCCCCCCCCC(=O)O
mol_fd5fc489250444bb,train,c1ncc(CCCCCCCc2ccc3c(n2)NCCC3)cn1
mol_fd720ae35583a532,train,O=C1CCCCC1=O
mol_fd74855eb1a7c38b,train,C(=CC1CCC2OC(=Cc3ccccc3)CC12)CC1CCCCC1
mol_fd8154c932c72799,train,c1ccccc1
mol_fd85368f2778a5b9,train,[N+]=C1C=Cc2ccccc2C1=O
mol_fd8926639e328dcd,train,O=C(Nc1ccccc1)c1cnc(Nc2cc(N3CCNCC3)ncn2)s1
mol_fd8f8ccfa1c7f813,train,O=C(CCc1ccccc1)OC1C=C2CC(=O)C3CCC4OCC4C3C(OC(=O)c3ccccc3)C(C2)C1
mol_fda2adbeb170ba68,train,O=C(OCCOC(=O)c1ccccc1)c1ccccc1
mol_fda5f624fb48deb3,train,ACYCLIC:OC[C@@H](O)[C@@H](O)CO
mol_fdade806ba2b5e75,train,ACYCLIC:CCOC(=O)CS
mol_fdb5ad6a8397f0aa,train,O=C1Nc2ccccc2Nc2ccccc21
mol_fdc1975cc0464775,train,O=c1[nH]cnn1-c1ccccc1
mol_fdd657f468b62315,train,c1ccccc1
mol_fdd689a8c9458d0c,train,ACYCLIC:CC#N
mol_fdd9b4c14799238a,train,c1ccccc1
mol_fe0464abdc2895f8,train,c1ccc(N2CCOCC2)cc1
mol_fe103d0e228ee718,train,c1cc(-c2ccc3ccccc3c2)cc(C23CC4CC(CC(C4)C2)C3)c1
mol_fe10cc72e0afdcfe,train,C1=CC2CCC1C2
mol_fe10ea03fb6fa90b,train,c1ccccc1
mol_fe25357b8fab39d3,train,O=C1C=CC(=C(c2ccccc2)c2ccccc2)C=C1
mol_fe2f0f3af081380a,train,c1ccccc1
mol_fe3382ffdf7a9036,train,c1ccc(OCCOc2ccccc2)cc1
mol_fe569aeb3c5c2635,train,c1ccc2c(c1)CCC1CCCCC21
mol_fe5ccadc99bb1d61,train,O=C1CCCCOC(=O)CC(OC2CCCCO2)CC(OC2CCCCO2)CCC1
mol_fe68aee4fb5a43c8,train,ACYCLIC:O=C(O)CC(O)C(=O)O
mol_fe6912123e08c76d,train,ACYCLIC:[PbH4]
mol_fe721526781b07cf,train,O=C(OC1CC2CCC(C1)N2)c1ccccc1
mol_fe7a2b3a233885ed,train,ACYCLIC:O=C(O)CCCl
mol_fe87bdc5d1246cae,train,O=C1NCCS1
mol_fe9953861bd4250f,train,O=C(c1ccccc1)c1ccc(OCCN2CCCCC2)cc1
mol_feba10fee72e48cc,train,ACYCLIC:CCCC(=O)OC
mol_fec1f0b2303a4866,train,c1ccccc1
mol_fec2b922e8839ee4,train,c1ccccc1
mol_fec4c9b49f4765bf,train,c1ccccc1
mol_fecc201abd8bbc0a,train,C(=Cc1ccc(-c2ccc(C=Cc3ccccc3)cc2)cc1)c1ccccc1
mol_fedafadede303ee5,train,c1ccc(NCc2cccs2)nc1
mol_feeaaaa2cd809c3e,train,O=S(=O)(Nc1ncccn1)c1ccccc1
mol_fef5fa73e7bd947d,train,c1ccc(Nc2ncccn2)cc1
mol_ff0bb61f208441e5,train,C1=CC(=C(c2ccccc2)c2ccc(Nc3ccccc3)cc2)C=CC1=Nc1ccccc1
mol_ff134bf6d03d5f85,train,ACYCLIC:CCOC(=O)CC(CC(=O)OCC)(OC(C)=O)C(=O)OCC
mol_ff163484cb169374,train,c1ccccc1
mol_ff1c9c9eed4bd2ee,train,C=C(c1ccccc1)c1ccccc1
mol_ff2420c97cae2516,train,ACYCLIC:C=C(C)C(=O)OCCC[Si](Cl)(Cl)Cl
mol_ff2eba9112c8b8a0,train,c1ccc(CCN2CCC(Nc3nc4ccccc4n3Cc3ccccc3)CC2)cc1
mol_ff2f74440474d415,train,O=C1CC(c2ccccc2)CC(=O)N1
mol_ff4424fd1ab884d8,train,c1ccccc1
mol_ff5a74ecb62e2679,train,N=C1C=CC2C(=O)OC3CC(CC=CC(OC4CCCCO4)CC=CC=C4COC1C42)OC1(CCCC(C2CCCCC2)O1)C3
mol_ff5fb8aab86d3452,train,c1ccccc1
mol_ff7f2fde5e014e27,train,c1ccc2cnncc2c1
mol_ff80a0d5103ebac8,train,ACYCLIC:CCCCOP(=O)(OCCCC)OCCCC
mol_ff837e3857145f0c,train,ACYCLIC:OCC(S)CS
mol_ff8be28b2ec77929,train,O=C(Nc1ccccc1-c1ccccc1)c1cccnc1
mol_ff8d85aa3ed56c01,train,c1ccccc1
mol_ffa807475444f0d7,train,c1ccc(CCn2cncn2)cc1
mol_ffa88e79e5e17aaa,train,ACYCLIC:COCCOC
mol_ffaa11ba08a37956,train,c1ccc(NC2CCCCO2)cc1
mol_ffadb0d25a7954e3,train,c1ccccc1
mol_ffb122d7fcb2272a,train,c1ccc(NCC2CNc3ncncc3N2)cc1
mol_ffb8075f0c06e5d5,train,c1ccccc1
mol_ffc15f3965a66413,train,c1ccccc1
mol_ffd2cd12bf8f1962,train,O=C(OC1c2nccnc2C(=O)N1c1ccccn1)N1CCNCC1
mol_ffe375fec19659d0,train,ACYCLIC:CC(C)(C#N)C(C)(C)C#N
mol_ffe383e21f29a4d8,train,O=c1cc[nH]c(=S)[nH]1
mol_fff3f614174baea1,train,O=C1CCCC1Cc1ccccc1
mol_fffe8574160c2da6,train,ACYCLIC:CO[Si](CCCNCCC[Si](OC)(OC)OC)(OC)OC
mol_00af420c931313f2,validation,C1CNCCN1
mol_00c8a71a5a3e8286,validation,C1CCNCC1
mol_01034fef4b08fc14,validation,c1ccc(OP(Oc2ccccc2)Oc2ccccc2)cc1
mol_0121c9cb2d65bc21,validation,c1ccc(-c2ccccc2)cc1
mol_01c00b439d2164f8,validation,O=S(=O)(c1ccccc1)c1ccccc1
mol_01e2710d85cb685a,validation,O=C(c1ccccc1)c1ccccc1
mol_02148f544b43823d,validation,O=C1c2ccccc2C(=O)c2ccccc21
mol_021a8051c7ee3d05,validation,C1CCCCC1
mol_022cca14327e002d,validation,ACYCLIC:CCCCCCCCCCCC[N+](C)(C)CC(=O)[O-]
mol_02695ba9b892f5af,validation,c1ccc2[nH]cnc2c1
mol_02f6f3bcbff50bf4,validation,O=C1C=C2CCC3C4CCCC4CCC3C2CC1
mol_032856a2a8e6c7cf,validation,c1ccc(-c2ccccc2)cc1
mol_0384a00192d687bb,validation,c1ccc(-c2ccccc2)cc1
mol_03ca6bd306c3de7b,validation,O=C1OCCO1
mol_03d66763276b2c59,validation,c1ccc2ncccc2c1
mol_03f44698f01b73ed,validation,O=C(c1ccccc1)c1ccccc1
mol_040051783f36aac6,validation,C1CNCCN1
mol_043b13330b05128e,validation,c1ccc2c(c1)OCO2
mol_0452ba526f6e0d95,validation,c1ccncc1
mol_047c82a25c64b079,validation,c1ccc2c(c1)OCO2
mol_0482604b344d4741,validation,O=C(Cc1ccccc1)NC1C(=O)N2CCSC12
mol_04a1423634caa0d3,validation,c1ccncc1
mol_04d141f074c52880,validation,c1ccc(-c2ccccc2)cc1
mol_0504a157d5dd07ee,validation,C1CCNCC1
mol_05587aefcc65645c,validation,c1ccc(N=Nc2cccc3ccccc23)cc1
mol_05b4b9539fbdd532,validation,c1ccc(N=Nc2cccc3ccccc23)cc1
mol_05d7a12aadd8163c,validation,C1CNCCN1
mol_064b2d8b3801ae8c,validation,C1CCOCC1
mol_06b42fead36ad586,validation,c1ccc(CN(CC2=NCCN2)c2ccccc2)cc1
mol_06d864567a441939,validation,O=c1[nH]c(=O)c2[nH]cnc2[nH]1
mol_071faf6498d43d64,validation,c1ccc2c(c1)OCO2
mol_07c10a1870e7b9a6,validation,C1CCCCC1
mol_07d73ed640431512,validation,c1ccncc1
mol_08c538d69176a05a,validation,C1CCCCC1
mol_08d922d318677af8,validation,O=C(NCC1CCCN1)c1ccccc1
mol_08f0245bc571a35f,validation,O=C1CN=C(c2ccccc2)c2ccccc2N1
mol_09eb4f720a84a41d,validation,c1ccc(N=Nc2ccccc2)cc1
mol_0ac602b352d94ca2,validation,c1ccncc1
mol_0acd52a5d73ba6c0,validation,O=c1[nH]c(=O)c2[nH]cnc2[nH]1
mol_0ad67759b1800078,validation,O=C(c1ccccc1)c1ccccc1
mol_0b5b1bcb79b83042,validation,O=C(c1ccccc1)c1ccccc1
mol_0c0040d4ebd87ab6,validation,O=C1CCCCC1
mol_0c41db7fe6f081a6,validation,O=C(c1ccccc1)c1ccccc1
mol_0cb64334d6560b7a,validation,ACYCLIC:CCCCCC/C=C\CCCCCCCC(=O)O
mol_0cc1f6884e6759b3,validation,O=C1C=C2CCC3C4CCCC4CCC3C2CC1
mol_0db9c31cdadda70e,validation,O=C(NCC1CCCN1)c1ccccc1
mol_0e72649b9a0345e2,validation,c1ccncc1
mol_0f7224070dd66649,validation,ACYCLIC:NC(CO)(CO)CO
mol_0fb1d6b86e8de272,validation,C1CCCCC1
mol_0ff77a628bfd5ad3,validation,O=C1c2ccccc2C(=O)c2ccccc21
mol_1008d7eabf1f748c,validation,c1ccc2ncccc2c1
mol_10722dcf5ec05f1a,validation,O=C(Cc1ccccc1)NC1C(=O)N2CCSC12
mol_10bf3cb04e831136,validation,C1CO1
mol_113660f6820aa150,validation,O=C(c1ccccc1)c1ccccc1
mol_119eca601f7e8c2f,validation,O=C1c2ccccc2C(=O)c2ccccc21
mol_11a39f4c23e5b632,validation,c1ccc(N=Nc2ccccc2)cc1
mol_12b3c3e726d401a6,validation,O=C1CCCCC1
mol_1312c6d9671a3dda,validation,O=C1CCC(=O)N1
mol_13ab4347d7e2ff39,validation,C1CCOCC1
mol_13d0612a3c55fd00,validation,O=C(NCC1CCCN1)c1ccccc1
mol_13d8bdbb01e7de66,validation,O=C1CCCCC1
mol_149607ddcae721fb,validation,O=c1ccn(C2CCCO2)c(=O)[nH]1
mol_15151381c33deba7,validation,O=C1CCCCC1
mol_15c40e724d9c8df7,validation,O=C1CC2OCCC2O1
mol_164b30841335ab3f,validation,c1ccoc1
mol_1660e70ae7ad86f0,validation,c1ccc(Sc2ccccc2)cc1
mol_16b36b2a038547f7,validation,O=C1CC(c2cccc(OC3CCCC3)c2)CN1
mol_16e624e04e781e7d,validation,O=C1C=C2CCC3C4CCCC4CCC3C2CC1
mol_182bf4ca3503c6b5,validation,C1CCCCC1
mol_184f7948c94463c0,validation,O=c1ccn(C2CCCO2)c(=O)[nH]1
mol_187c9de6598204e3,validation,C1CCCCC1
mol_18984f27d45dafb0,validation,c1ccc2ncccc2c1
mol_18cc1afc9daa59b6,validation,O=S1(=O)NCNc2ccccc21
mol_18db0edd199a42af,validation,c1ccoc1
mol_19161b6398f88cce,validation,O=C(c1ccccc1)c1ccccc1
mol_193c95503abece15,validation,O=c1ccn(C2CCCO2)c(=O)[nH]1
mol_195b589de26d738d,validation,C1CCCCC1
mol_196f7ec4873e7272,validation,C1CCCC1
mol_19f74f10dd9b4e7f,validation,c1cncnc1
mol_1a6a6ceb772d9cc2,validation,c1ccc(Sc2ccccc2)cc1
mol_1ab5212917da36f9,validation,C1CCCCC1
mol_1ad8eb447a3db83c,validation,O=C(c1ccccc1)c1ccccc1
mol_1b44238ea8c699c8,validation,O=C1c2ccccc2C(=O)c2ccccc21
mol_1bcab0b3792da838,validation,C1CCOCC1
mol_1c2e300f762e3b8c,validation,C1CCCCC1
mol_1c310808dbe27b5a,validation,c1ccc2c(c1)CCC1C2CCC2CCCC21
mol_1c3b98b6dabea511,validation,c1ccc(-c2nnn[nH]2)c(-c2ccc(Cn3ccnc3)cc2)c1
mol_1ca22ca23b944071,validation,c1ccc(-c2ccccc2)cc1
mol_1d27c8287ecf3a6c,validation,O=C1C=C2CCC3C4CCCC4CCC3C2CC1
mol_1d9c368f4cc58059,validation,O=C(CNS(=O)(=O)c1cccc2c1NCCC2)N1CCCCC1
mol_1e38c8c1f1496b2a,validation,c1cncnc1
mol_1fa9df05ee07b5bb,validation,c1cncnc1
mol_1fc1b5b3196986c4,validation,C1CCCC1
mol_1fc3c52caa6e2d4c,validation,O=S1(=O)NCNc2ccccc21
mol_207c13f90d0dba16,validation,c1ccncc1
mol_213d6361768db9e5,validation,c1ccc2c(c1)ccc1ccccc12
mol_2152c92617d8fc85,validation,C1CCCCC1
mol_216b0d80103d76ee,validation,ACYCLIC:CCOCC(=O)O
mol_21e1dd67c1052492,validation,c1ccncc1
mol_21ee156068ec41f5,validation,O=C1NC(=O)c2ccccc21
mol_2219ccb9190ad17a,validation,c1ccncc1
mol_222de3fb2a065161,validation,c1ccc(CCCCN2CCC(C(c3ccccc3)c3ccccc3)CC2)cc1
mol_231bdeeeb8f5a744,validation,c1ccc2[nH]cnc2c1
mol_236c497389fbafcb,validation,c1ccc2c(c1)OCO2
mol_23872b70091d0d03,validation,C1CCCCC1
mol_2411a72634d73f3f,validation,C1CCCCC1
mol_2440d427aeb8cadb,validation,C1CCCC1
mol_244236e3bdc0b519,validation,c1ccncc1
mol_24708811310242a3,validation,c1ccncc1
mol_250c05e9e8385a8e,validation,O=C1CCCCC1
mol_25cd2d4c2ac5c2cc,validation,O=C1C=C2CCC3C4CCCC4CCC3C2CC1
mol_25f4f038d42ff2bc,validation,O=S1(=O)NCNc2ccccc21
mol_26200b14a6136f9e,validation,c1ccc(-c2ccccc2)cc1
mol_266e4a5a18112b18,validation,O=C(c1ccccc1)c1ccccc1
mol_26864113d8df0754,validation,O=C(c1ccccc1)c1ccccc1
mol_26a1a02ae8a13b36,validation,c1ccoc1
mol_27082fe9e457f269,validation,c1ccc(-c2ccccc2)cc1
mol_273bb558d3643674,validation,C1CCNCC1
mol_27c4ea905893dc4a,validation,C1CCOCC1
mol_27dacb226b18e24b,validation,c1ccc(-c2ccccc2)cc1
mol_280e1ddff7d22e01,validation,c1ccncc1
mol_281462506c3c5836,validation,C1COCSC1
mol_2845dfc1136ad203,validation,c1ccoc1
mol_28ed7f4abc3f3609,validation,O=C1CCCCC1
mol_28fd53abc6ab064a,validation,O=c1[nH]c(=O)c2[nH]cnc2[nH]1
mol_29254cfc7cf1ce49,validation,c1ccncc1
mol_292c8f2ec184871c,validation,O=C(Oc1ccccc1)c1ccccc1
mol_2945f3039f5b6c68,validation,C1CCCCC1
mol_2958cd0bfc00237d,validation,O=C1CCCCC1
mol_29f651c79180ff2e,validation,c1ccc(Sc2ccccc2)cc1
mol_29f7dad58bd0f763,validation,C1CO1
mol_2a345fba4d65154b,validation,O=C1C=C2CCC3C4CCCC4CCC3C2CC1
mol_2adc6d1ebee1b302,validation,c1ccc(N=Nc2ccccc2)cc1
mol_2af22d07c5286861,validation,O=C(Oc1ccccc1)c1ccccc1
mol_2ba0ff7db5ba104e,validation,O=c1ccn(C2CCCO2)c(=O)[nH]1
mol_2c6fb97dd8b9d764,validation,c1ccc2ncccc2c1
mol_2cadebf1261d3724,validation,C1CCCCC1
mol_2d0e15eed616c5b7,validation,O=C1CCCCC1
mol_2d34aa9e039a85fb,validation,c1ccncc1
mol_2d75d262c206e22e,validation,O=C(c1ccccc1)c1ccccc1
mol_2e31aa0b5d09edf5,validation,C1CO1
mol_2e61b4ad86623e74,validation,c1ccc(CCCCN2CCC(C(c3ccccc3)c3ccccc3)CC2)cc1
mol_2e7e6eaa11a4f564,validation,O=C(NC1CN2CCC1CC2)c1ccccc1
mol_2e9f2ad9d09948e8,validation,c1ccc2ncccc2c1
mol_2ed0613bc13b41bb,validation,c1ccncc1
mol_2f1639497332f82f,validation,c1cnccn1
mol_3064cefb49452f10,validation,C1CCCCC1
mol_308ce6f879fca9df,validation,c1ccc2c(c1)CCC1C2CCC2CCCC21
mol_3177d4030c8a1cf8,validation,c1ccncc1
mol_31cecbe42d5b9248,validation,C1CO1
mol_3226e463ab4d49bf,validation,O=S(=O)(c1ccccc1)c1ccccc1
mol_32495104da87d119,validation,O=C(c1ccccc1)c1ccccc1
mol_3278df69430f64f0,validation,O=C(c1ccccc1)c1ccccc1
mol_327da15f11bdfde3,validation,c1ccoc1
mol_329ecd589e5b2330,validation,O=c1ccn(C2CCCO2)c(=O)[nH]1
mol_333fd42ce20a6c91,validation,c1cncnc1
mol_3349264ce7d3bc68,validation,O=C(c1ccccc1)c1ccccc1
mol_33936a67f5b14ad9,validation,O=C1C=C2CCC3C4CCCC4CCC3C2CC1
mol_34061d6e4b14ca37,validation,c1ncc2cn[nH]c2n1
mol_354bbb3b3711abec,validation,O=C1C=C2CCC3C4CCCC4CCC3C2CC1
mol_358c68e4fbdbb9d5,validation,c1ccc(-c2ccccc2)cc1
mol_35be47f042d874ec,validation,c1ccoc1
mol_35bfa3da2329395f,validation,O=C1C2=CC3C(=O)C=CCC3CC2Cc2ccccc21
mol_361f19bc2deffca0,validation,C1CC2CCC1C2
mol_377beeed88b71bcb,validation,c1cncnc1
mol_37a89cee84bafa4b,validation,c1ccncc1
mol_39260a606a4eeed3,validation,c1ccc2ncccc2c1
mol_3992a98dc75f49c3,validation,c1ccc2ncccc2c1
mol_39cf590a3634ac2a,validation,c1cnccn1
mol_39d2b6272e06abef,validation,c1ccoc1
mol_3a4b28a1792c1bf2,validation,c1ccc2c(c1)CCC1C2CCC2CCCC21
mol_3a525639640e2ea8,validation,O=C1NC(=O)c2ccccc21
mol_3ab16016eeaee446,validation,c1ccc(N2CCN(CCc3c[nH]c4ccccc34)CC2)cc1
mol_3ac329243f880db1,validation,c1ccc(OP2OCCCO2)cc1
mol_3b503cdb54d9d79d,validation,O=C1NC(=O)c2ccccc21
mol_3b61cb07a087c336,validation,O=c1ccn(C2CCCO2)c(=O)[nH]1
mol_3b76c753c2db9887,validation,O=C1C=C2CCC3C4CCCC4CCC3C2CC1
mol_3b9878ec6417cb4a,validation,c1ccncc1
mol_3b991a350ae688ec,validation,c1cncnc1
mol_3bc2a9fed3913097,validation,O=C1CN=C(c2ccccc2)c2ccccc2N1
mol_3c87ee30310b4fc1,validation,ACYCLIC:ClC=CCCl
mol_3cc9976afeac16f0,validation,O=S1(=O)NCNc2ccccc21
mol_3ccc2d631fad406c,validation,O=C(NCC1CCCN1)c1ccccc1
mol_3cdfafe4b752b3d1,validation,C1CCNCC1
mol_3ce9392f8582e9f8,validation,O=C1c2ccccc2C(=O)c2ccccc21
mol_3d67c827c0537ce3,validation,C1CCCCC1
mol_3d75652aa444d947,validation,C1=Cc2cccc3cccc1c23
mol_3dc255e78b03a5a2,validation,c1ccncc1
mol_3defd6a4c85ce6f2,validation,c1ccc(N=Nc2ccccc2)cc1
mol_3f770c8e207ee5ff,validation,O=S(=O)(c1ccccc1)c1ccccc1
mol_40351df0ae45a3d8,validation,c1ccncc1
mol_405fba9a7fc6ba05,validation,c1ccc2ncccc2c1
mol_41081d81cab4ae2e,validation,c1ccncc1
mol_4180b5943a016caa,validation,C1CCCCC1
mol_4191d7fb054760f2,validation,C1CCOCC1
mol_41bd4f603d4dd149,validation,c1cnccn1
mol_421d592bcbe85f6b,validation,O=c1[nH]c(=O)c2[nH]cnc2[nH]1
mol_4237d5e722b09035,validation,c1ccncc1
mol_423f782a40710c6f,validation,c1ccc(-c2ccccc2)cc1
mol_425e347cc8768bb4,validation,ACYCLIC:FC(Cl)(Cl)C(F)(Cl)Cl
mol_42684ee5169540ce,validation,O=S(=O)(c1ccccc1)c1ccccc1
mol_4285f95a012d180f,validation,O=S(=O)(c1ccccc1)c1ccccc1
mol_4324e925570ad7d1,validation,O=C(Oc1ccccc1)c1ccccc1
mol_4372f7a7c206c91f,validation,c1ccc(Sc2ccccc2)cc1
mol_4415d6ae6cfb9632,validation,c1ccc(-c2ccccc2)cc1
mol_4459af535161c384,validation,C1CCNCC1
mol_44676a00944d2928,validation,C1CCOCC1
mol_44a207722077852e,validation,O=c1[nH]c(=O)c2[nH]cnc2[nH]1
mol_44e5543f373d3c34,validation,c1ccncc1
mol_45037cdd34712733,validation,c1ccc(N=Nc2ccccc2)cc1
mol_4512a4e575992453,validation,c1ccc2[nH]cnc2c1
mol_451e09dc50b72489,validation,O=C(Cc1ccccc1)NC1C(=O)N2CCSC12
mol_4556cc20d6fa8196,validation,c1cncnc1
mol_4642fc5d4616f3ae,validation,O=C(Oc1ccccc1)c1ccccc1
mol_46cc5dde08549a7e,validation,c1ccc(N=Nc2cccc3ccccc23)cc1
mol_46ecd155dfec7c0e,validation,C1CCCCC1
mol_472a5a0b7bd15868,validation,C(C=C1CCCC2CCCC12)=C1CCCCC1
mol_478d91cccc66af5e,validation,C1CCNCC1
mol_47d1046846e9a856,validation,O=S(=O)(c1ccccc1)c1ccccc1
mol_47ebcc90c7bf0ef0,validation,O=C1C=C2CCC3C4CCCC4CCC3C2CC1
mol_48762ae38224af77,validation,c1ccncc1
mol_48842699548a876e,validation,O=C1NC(=O)C2CC=CCC12
mol_489eaa036469d33c,validation,ACYCLIC:CCCCCCC(=O)CCCCCC/C=C/C[C@@H](O)[C@H](O)[C@@](N)(CO)C(=O)O
mol_48ab449e041b1742,validation,C1CCCCC1
mol_48d865b5a18a0a80,validation,O=C1c2ccccc2C(=O)c2ccccc21
mol_48f17b15b56055f1,validation,c1ccc2ncccc2c1
mol_4917920d5afe2dc0,validation,c1ccoc1
mol_495e02b48112fd92,validation,O=C1c2ccccc2C(=O)c2ccccc21
mol_49a14b562dbd5a15,validation,ACYCLIC:CC(C)OP(=O)(CP(=O)(OC(C)C)OC(C)C)OC(C)C
mol_49a9ec535d55826a,validation,c1ccc(Cc2ccccn2)cc1
mol_49e9e5ab9032974c,validation,ACYCLIC:CN(N=O)C(N)=O
mol_4a07b67874adbb7e,validation,O=C1CN=C(c2ccccc2)c2ccccc2N1
mol_4a251b9a5c8b09e6,validation,C1CCCCC1
mol_4a4942d48199d515,validation,C1CCCCC1
mol_4a5b4eb27d2e8402,validation,c1ccoc1
mol_4b0e944ecbd5b467,validation,C=C1CCC2CC1C2
mol_4bc1c721a0000f5d,validation,C1CCCCC1
mol_4c08a9c41b307de4,validation,O=C1CCCCC1
mol_4c6163c7aff94eaf,validation,O=C1c2ccccc2C(=O)c2ccccc21
mol_4ca52365b30c8d4a,validation,O=C1c2ccccc2C(=O)c2ccccc21
mol_4cc501a616eb47e8,validation,O=C1NC(=O)c2ccccc21
mol_4cd8abf8adfe4341,validation,C1CCCCC1
mol_4d65740427b9a364,validation,c1cncnc1
mol_4e12c2773ddda5ad,validation,c1ccncc1
mol_4e354a35ae33a775,validation,c1ccncc1
mol_4f0d4dc396d89e2a,validation,c1cncnc1
mol_4f8b5b093db7e721,validation,C1CCCCC1
mol_4fb5a694f537eaa6,validation,c1ccc2ncccc2c1
mol_5028f0689f4beb24,validation,O=C1c2ccccc2C(=O)c2ccccc21
mol_5086963a81130195,validation,c1ccc(N=Nc2cccc3ccccc23)cc1
mol_5097d2bf4356e5e3,validation,C1CCCCC1
mol_50bf33c71e9570d4,validation,c1ccc(N=Nc2ccccc2)cc1
mol_5149ff1a4c2439f6,validation,O=S(=O)(c1ccccc1)c1ccccc1
mol_5206a527988dbba9,validation,O=C(Oc1ccccc1)c1ccccc1
mol_5269648ef806c92a,validation,O=c1cc[nH]n1-c1ccccc1
mol_528aa88ae1ee2098,validation,c1ccncc1
mol_52f152fde5a58109,validation,O=C1C=C2CCC3C4CCCC4CCC3C2CC1
mol_533fd56ec3eadbbe,validation,c1ccc2ncccc2c1
mol_540cd6c9ca939183,validation,C1CO1
mol_543e55715c6a881e,validation,C1CCNCC1
mol_556abb73fc17ca0d,validation,c1ccc2ncccc2c1
mol_55be8531a4c77e10,validation,c1ccc2c(c1)CCC1C2CCC2CCCC21
mol_55d90557e4f305b6,validation,c1cnccn1
mol_565bb503b3acd8a9,validation,c1cncnc1
mol_567811b65bb1b5dd,validation,c1ccc2[nH]cnc2c1
mol_57169d66eccf874b,validation,O=C1C=C2CCC3C4CCCC4CCC3C2CC1
mol_57a9b37f01f6d41e,validation,C1CO1
mol_588dd711da1dcb3c,validation,O=C1CCC(=O)N1
mol_598bea8d964b574d,validation,O=C(Oc1ccccc1)c1ccccc1
mol_59af885ce76b9cc5,validation,C1CCCCC1
mol_59d6873dc017d1e5,validation,C1CC2CCC1C2
mol_5a5c3b62ea3462bb,validation,c1ccc(N=Nc2ccccc2)cc1
mol_5aa0477a2ec1a6a4,validation,C1CCCCC1
mol_5b1697cec2b5ad4a,validation,ACYCLIC:N#CCCCCC#N
mol_5b6737b2cff63199,validation,O=C(c1ccccc1)c1ccccc1
mol_5b7b0137932e7047,validation,c1ncc2ncn(C3CCCO3)c2n1
mol_5b806facf7e7fdf8,validation,c1ccc(-c2ccccc2)cc1
mol_5c14f7e6d26ef9ab,validation,ACYCLIC:CCCCCCCC/C=C\CCCCCCCC(=O)OCCO
mol_5c6b491bd74ef8a1,validation,c1ccncc1
mol_5d461062e9dc7c07,validation,c1ccncc1
mol_5d9dc6606b588287,validation,O=C(Cc1ccccc1)NC1C(=O)N2CCSC12
mol_5da7125d2451b1b2,validation,C1CNCCN1
mol_5db490ac38a6f4e4,validation,O=S(=O)(c1ccccc1)c1ccccc1
mol_5db9a53767344c66,validation,O=C(c1ccccc1)c1ccccc1
mol_5e2f214ca020210f,validation,O=C1NC(=O)C2CC=CCC12
mol_5ee258da5a316b0a,validation,O=C(Oc1ccccc1)c1ccccc1
mol_5ef269864c0cd12d,validation,C1CC2CCC1C2
mol_5f299dacf2032db2,validation,c1ccc2c(c1)ccc1ccccc12
mol_5f733533366788a7,validation,c1cnccn1
mol_5f96600328b8ed08,validation,O=C(c1ccccc1)c1ccccc1
mol_5fac1200454d5273,validation,O=C(Oc1ccccc1)c1ccccc1
mol_6051cafab0dbb53c,validation,C1CCCCC1
mol_6066219e3067c7a9,validation,C1CO1
mol_60aeffc27fdf3ca4,validation,C1CC2CCC1C2
mol_60bccd2c762f3f05,validation,c1ccc(Cc2ccccn2)cc1
mol_61509839721d60fc,validation,O=C1C=C2CCC3C4CCCC4CCC3C2CC1
mol_61cac1db8052d5c3,validation,ACYCLIC:CCCCCCCCCCCC[N+](C)(C)CCCS(=O)(=O)[O-]
mol_61d3dd5ba8d82b7b,validation,O=C1C=C2CCC3C4CCCC4CCC3C2CC1
mol_62259747efbef7df,validation,c1ccc2c(c1)CCC1C2CCC2CCCC21
mol_626bdb9ed7414abb,validation,O=C1NC(=O)C2CC=CCC12
mol_62a0865f4969b8b1,validation,c1ccncc1
mol_62ca8f51b755e8af,validation,O=c1cc[nH]n1-c1ccccc1
mol_62cefa6566f3f118,validation,c1ccoc1
mol_633c7a4d067abbee,validation,O=C(c1ccccc1)c1ccccc1
mol_6380b61a8019ed75,validation,c1ncc2ncn(C3CCCO3)c2n1
mol_638bf314b9242f71,validation,C1CO1
mol_63b7d9680488d762,validation,c1ccncc1
mol_6427e9989e2f2fe8,validation,O=C1OCCO1
mol_64760e6ce47b7ad3,validation,O=c1cc[nH]n1-c1ccccc1
mol_64bbe7a957d5e373,validation,c1ccncc1
mol_64ea0c1a0edd331c,validation,c1ccc2ncccc2c1
mol_65c899c1110e98c3,validation,c1ccncc1
mol_65caba6f47523de4,validation,c1cncnc1
mol_660e5a91599789a2,validation,C1CC2CCC1C2
mol_662ae30db87ffcb1,validation,c1ncc2ncn(C3CCCO3)c2n1
mol_664126eb77bbc040,validation,O=c1[nH]c(=O)c2[nH]cnc2[nH]1
mol_66f6d573f9d13fb5,validation,C1CO1
mol_6733de0b7b274b9f,validation,O=C(c1ccccc1)c1ccccc1
mol_677dbb0037019a6d,validation,O=C1C=C2CCC3C4CCCC4CCC3C2CC1
mol_6827e655616e3e70,validation,C1CCCCC1
mol_687fb409f2eda55b,validation,O=C1C=C2CCC3C4CCCC4CCC3C2CC1
mol_688656312d7625c6,validation,c1ccc(-c2ccccc2)cc1
mol_68da407e9c9c3300,validation,c1cncnc1
mol_693364cb16a9ea2d,validation,O=c1[nH]c(=O)c2[nH]cnc2[nH]1
mol_694626b992384852,validation,c1ccc2[nH]cnc2c1
mol_6a1ce442f4617cda,validation,c1ccncc1
mol_6a4070d471c6235b,validation,C1CNCCN1
mol_6a5a91bd4971ed00,validation,c1cnccn1
mol_6a9315c6a87d831f,validation,c1ccc2ncccc2c1
mol_6ad66ccf634b578a,validation,ACYCLIC:CCCCC(C)C(=O)O
mol_6b055ab6b9361ba8,validation,ACYCLIC:COP(=O)(O)OP(=O)(O)OC
mol_6b1d583fe1daad9d,validation,O=C1C=C2CCC3C4CCCC4CCC3C2CC1
mol_6b9fd37b4242bdf1,validation,O=C1C=C2CCC3C4CCCC4CCC3C2CC1
mol_6bb5badfab6ba8d7,validation,C1CCCC1
mol_6be8d5af508c1943,validation,c1ccc(Sc2ccccc2)cc1
mol_6c433ed83e039e48,validation,O=C1NC(=O)c2ccccc21
mol_6c9211c9bde17890,validation,c1ccncc1
mol_6ca409665fd0c66a,validation,C1CCOCC1
mol_6ce1ba9ed5314a09,validation,c1ncc2ncn(C3CCCO3)c2n1
mol_6d2a44dd638a72ef,validation,ACYCLIC:BrC/C=C/CBr
mol_6d6adf0c7908724e,validation,c1ccc(-c2ccccc2)cc1
mol_6d6c92fc22b6e496,validation,O=C1c2ccccc2C(=O)c2ccccc21
mol_6e079bc2bddc3c9b,validation,c1ccncc1
mol_6e0a968975f38273,validation,C1CCNCC1
mol_6e97acc30a6c0e52,validation,C1CO1
mol_6e9e447b95180c48,validation,O=C1C=C2CCC3C4CCCC4CCC3C2CC1
mol_6f2d747cc11c306a,validation,O=c1cc[nH]n1-c1ccccc1
mol_6f5cf68df9d61c92,validation,O=C(NCC1CCCN1)c1ccccc1
mol_6fa65d7c25e5a8a0,validation,O=C1NC(=O)c2ccccc21
mol_6fcbb8630f55f56b,validation,c1ccc2ncccc2c1
mol_7012cabe0c6e35c2,validation,ACYCLIC:NCCOS(=O)(=O)O
mol_7064870628458661,validation,c1cnccn1
mol_70ee4a8c0ddc8877,validation,C1CO1
mol_715f52bb07c60f0b,validation,c1ccc2ncccc2c1
mol_717ce4bb1432d159,validation,O=C(c1ccccc1)c1ccccc1
mol_71b85e7d9dfbdb83,validation,C1CNCCN1
mol_7213180fc0b9d9a4,validation,C1CCOCC1
mol_722fbe1927214c0c,validation,C1CCCCC1
mol_72b93948cad72955,validation,c1ccncc1
mol_73a506a14d04e8d8,validation,O=c1cc[nH]n1-c1ccccc1
mol_73c95e6518046a11,validation,O=C(c1ccccc1)c1ccccc1
mol_73e31227ad4d7dbb,validation,C1CCCCC1
mol_745e4302f2d1020b,validation,c1ccc2c(c1)OCO2
mol_746223a38410ccb7,validation,ACYCLIC:O=[N+]([O-])O
mol_74645d02a986d553,validation,c1ccncc1
mol_746e6f8a68a6fc67,validation,O=C(NCC1CCCN1)c1ccccc1
mol_74968503caaffa25,validation,c1ccncc1
mol_74f74408e85922a9,validation,C=C1NC(=O)CNC(=O)CNC(=O)CCNC(=O)C(C2CCN=CN2)NC1=O
mol_752cf7f7265a5684,validation,c1ccoc1
mol_755cd7d31d8401b9,validation,O=C1NC(=O)c2ccccc21
mol_75c57875f8735376,validation,O=C1c2ccccc2C(=O)c2ccccc21
mol_75c7a4b0b41e4390,validation,c1ccncc1
mol_75ccce3bf8269a82,validation,c1ccc2ncccc2c1
mol_75cd1df7d0072540,validation,C1CNCCN1
mol_7693e89a81e89457,validation,c1cncnc1
mol_76a6532a54f8e949,validation,O=c1ccn(C2CCCO2)c(=O)[nH]1
mol_76cea950ade39560,validation,c1ccc(Cc2ccccn2)cc1
mol_77068c9132ef1fbc,validation,O=C1OCCO1
mol_775f36cfe8f449ae,validation,c1ncc2ncn(C3CCCO3)c2n1
mol_777ebdbf4c2477b0,validation,c1ccncc1
mol_77a1a0f835c48996,validation,O=C1CCC(=O)N1
mol_77d8a2691cabdc2e,validation,c1ccncc1
mol_782452139c6e50ec,validation,c1ccc(N=Nc2ccccc2)cc1
mol_7885d0a691d3a9dc,validation,C1CC2CCC1C2
mol_78971e63612465e5,validation,O=C1NC(=O)c2ccccc21
mol_78aee40e2c76ae4c,validation,C1CCNCC1
mol_7915962328b80770,validation,c1ccc2c(c1)OCO2
mol_793286ade81890c8,validation,c1ccncc1
mol_7a66fe2520214892,validation,c1ccncc1
mol_7a7833e62b1deeb2,validation,c1ccc2c(c1)CCC1C2CCC2CCCC21
mol_7b37e59d2eb1b43f,validation,c1ccc(-c2ccccc2)cc1
mol_7b7fdfd556c73451,validation,c1ccc(Cc2ccccn2)cc1
mol_7bc1b4ad81467406,validation,C1CCOCC1
mol_7c5eb7c2a0f4b90d,validation,O=C(NCC1CCCN1)c1ccccc1
mol_7d2ba073cd2e577a,validation,O=C1C=C2CCC3C4CCCC4CCC3C2CC1
mol_7da0c6eec46ac4c4,validation,O=C(c1ccccc1)c1ccccc1
mol_7ed369162f366e47,validation,C1CCCCC1
mol_7eef02c23c4f80bc,validation,C1CNCCN1
mol_7f2e9dbae0a83fcc,validation,c1ccc2ncccc2c1
mol_7f36723ecdf9917a,validation,c1ccncc1
mol_7f7f3ffa618817df,validation,O=C1C=C2CCC3C4CCCC4CCC3C2CC1
mol_7feca350f29e274c,validation,C1CCOCC1
mol_805abac31982499f,validation,O=C(OCc1coc(Cc2ccccc2)c1)C1CC1
mol_81712a04a0e3ff41,validation,O=C1CN=C(c2ccccc2)c2ccccc2N1
mol_8194b549d8d4e3a1,validation,c1ccc2c(c1)ccc1ccccc12
mol_8195adbed7c713eb,validation,c1ncc2ncn(C3CCCO3)c2n1
mol_823d45f59ea71655,validation,C1CCCCC1
mol_82faf8d356b022b2,validation,ACYCLIC:CCCCCCCCNC
mol_836090cc46a966f5,validation,c1ccc2c(c1)ccc1ccccc12
mol_838a971f0ef6facf,validation,c1ccncc1
mol_83903eaeffd96d13,validation,ACYCLIC:CC=CC(=O)CCCC
mol_839f1b1f3129d386,validation,O=C1C=C2CCC3C4CCCC4CCC3C2CC1
mol_83aadb3f462d0980,validation,c1ccc2c(c1)OCO2
mol_8421ab1bad2f7a99,validation,c1ccc2c(c1)CCC1C2CCC2CCCC21
mol_84263e09c284dfd3,validation,C1CCCCC1
mol_84b1ea18c78bfaa0,validation,c1ccc2c(c1)CCC1C2CCC2CCCC21
mol_854fcb058ac01c1d,validation,O=C1c2ccccc2C(=O)c2ccccc21
mol_8588624d41433ca4,validation,c1ccncc1
mol_858b5db7085e868c,validation,O=C1CCCCC1
mol_85dd5fda68afdddc,validation,c1ccncc1
mol_870d3aee0fc08bc4,validation,c1ccc2ncccc2c1
mol_8733fcc2c53c7d37,validation,O=C1CN=C(c2ccccc2)c2ccccc2N1
mol_875f626ad0cd5ba6,validation,c1ccncc1
mol_87bd162088919811,validation,c1ccc(-c2ccccc2)cc1
mol_880b565cf2c08f8a,validation,c1ccc2c(c1)ccc1ccccc12
mol_88b8adb273682069,validation,O=C(COc1ccccc1)NC1C(=O)N2CCSC12
mol_897457dba5e4e701,validation,C1CCNCC1
mol_8989026adec9557f,validation,c1ccncc1
mol_8a255f0cc98f3ae1,validation,C1CNCCN1
mol_8a3304e9cff110d2,validation,C1CCCCC1
mol_8a7f3be34cd7ec40,validation,C1CO1
mol_8ab6e76bd740bd81,validation,c1ccncc1
mol_8aba64e2dc7173fc,validation,C1CCCCC1
mol_8b9770aa6ef06c0e,validation,C1CCCCC1
mol_8bdf7fbc9f6825c0,validation,O=c1cc[nH]n1-c1ccccc1
mol_8c07d95cef469f4f,validation,O=C(Cc1ccccc1)NC1C(=O)N2CCSC12
mol_8c282a6f6d74b3ff,validation,c1ccc(-c2ccccc2)cc1
mol_8c2e3ed84f9272bb,validation,C1CCCC1
mol_8c6a98c945a2fa69,validation,c1ccc(N=Nc2ccccc2)cc1
mol_8ce680451e9403ad,validation,ACYCLIC:ClC(Cl)=C(Cl)C(Cl)=C(Cl)Cl
mol_8d18dca25de52dc1,validation,c1cnccn1
mol_8d3fb7dcc8e386d5,validation,c1ccc(Sc2ccccc2)cc1
mol_8da844d11cb5c082,validation,C1CCCCC1
mol_8e92d8e291f12d9d,validation,O=c1cc[nH]n1-c1ccccc1
mol_8ecf589199f3fd15,validation,O=c1[nH]c(=O)c2[nH]cnc2[nH]1
mol_8f7ef0467e270552,validation,ACYCLIC:CCCC(C)CC
mol_8fbd011da6325b03,validation,O=C1C=C2CCC3C4CCCC4CCC3C2CC1
mol_900961b259ed72be,validation,c1ccc(-c2ccccc2)cc1
mol_90a0902dcd5e7b7c,validation,C1CCCCC1
mol_90bee4d5278927d1,validation,c1ccc2c(c1)OCO2
mol_90e0f78f0e5f42c9,validation,C1CCOCC1
mol_9199455b2f5d05dc,validation,O=C1c2ccccc2C(=O)c2ccccc21
mol_92908f16380fb1ce,validation,C1CO1
mol_930c0817a9f576af,validation,C1CCCCC1
mol_938bd120c2d5a85c,validation,c1ccncc1
mol_93e959edb6a904ad,validation,O=c1ccn(C2CCCO2)c(=O)[nH]1
mol_942369baf9634a44,validation,c1ccc2ncccc2c1
mol_96226ba065521a24,validation,c1ccoc1
mol_9631740c451c4d3c,validation,O=C1C=C2CCC3C4CCCC4CCC3C2CC1
mol_96b05742fa3e5970,validation,c1ccc2c(c1)OCO2
mol_96b762995ed17721,validation,O=C1CN=C(c2ccccc2)c2ccccc2N1
mol_96bb202bd6b8d150,validation,c1ccc(-c2ccccc2)cc1
mol_97038a3eaf6d5048,validation,O=C1CN=C(c2ccccc2)c2ccccc2N1
mol_975771234ed95031,validation,c1ccc(-c2ccccc2)cc1
mol_97b3f02fe25eeeb1,validation,c1ccc(-c2ccccc2)cc1
mol_97d98d17bef080c9,validation,c1ccncc1
mol_98b85bf6cb0e872b,validation,c1ccc2[nH]cnc2c1
mol_990ec687284f7c7d,validation,c1ccc2[nH]cnc2c1
mol_99769322a6bacd05,validation,c1ccoc1
mol_998af888aecc9def,validation,O=S1(=O)NCNc2ccccc21
mol_99bec20b4efd1c5f,validation,c1ccncc1
mol_9b768369412f75a0,validation,C1CCCCC1
mol_9b7dd95f7e9d195c,validation,O=C(c1ccccc1)C1CCC1
mol_9c68e50dd14470e0,validation,O=C(OCc1coc(Cc2ccccc2)c1)C1CC1
mol_9c8f6b5bef16a8df,validation,c1ccoc1
mol_9c9f4990fb725ba4,validation,c1ccnnc1
mol_9ca8a1a667c169aa,validation,O=C1CCCC23CCC(CC12)C3
mol_9cac6edef83cf9a5,validation,c1ccoc1
mol_9cd9be166bb47cfa,validation,C1CO1
mol_9d4ebcdf0d50a40c,validation,C1CCCCC1
mol_9e587a5581b032c4,validation,C1CCOCC1
mol_9ef90e4c7ec1c48b,validation,c1ccc2c(c1)OCO2
mol_9f2a721f69a032c3,validation,c1ccncc1
mol_9fbe7469761f7b1f,validation,O=C(c1ccccc1)c1ccccc1
mol_a06151fa28e79849,validation,C1CO1
mol_a08298a168b69ca6,validation,O=S(=O)(c1ccccc1)c1ccccc1
mol_a094371cb36e9dd0,validation,O=C(c1ccccc1)c1ccccc1
mol_a0d3a194494e9054,validation,O=c1[nH]c(=O)c2[nH]cnc2[nH]1
mol_a11b051183134dc8,validation,C1CO1
mol_a18c0e6751d874b4,validation,O=C(Oc1ccccc1)c1ccccc1
mol_a1b08d47f4c6eca2,validation,c1ccc2c(c1)CCC1C2CCC2CCCC21
mol_a21c4f64dcc59dd2,validation,C1CCCCC1
mol_a275368e3a9424f0,validation,O=C(c1ccccc1)c1ccccc1
mol_a27c34e7ee8f03e3,validation,O=C(NCC1CCCN1)c1ccccc1
mol_a27ead4dda95ae02,validation,C1CC2CCC1C2
mol_a2b4b4a7b1653cd6,validation,c1cnccn1
mol_a2c8a95fc76ab05b,validation,c1ccncc1
mol_a2fb6105521cbf7a,validation,C1CCCCC1
mol_a3898e4a601c4488,validation,O=C1CCCCC1
mol_a3992dae93df23ff,validation,c1ccc2ncccc2c1
mol_a42c7b8ff16296d3,validation,O=c1ccn(C2CCCO2)c(=O)[nH]1
mol_a46f45358ba0dff5,validation,O=C1CN=C(c2ccccc2)c2ccccc2N1
mol_a4d1e2daf1abee81,validation,c1ccc2ncccc2c1
mol_a4d3056923b33309,validation,O=c1[nH]c(=O)c2[nH]cnc2[nH]1
mol_a4d3817a1be851bf,validation,c1ccncc1
mol_a4f548f859cc61fd,validation,c1ccncc1
mol_a509c674233c7c92,validation,c1ccc2ncccc2c1
mol_a5280134dc4adf0a,validation,c1ccncc1
mol_a56f71ae91b51a84,validation,C1CCCCC1
mol_a5709c75dbf30b33,validation,O=C1C2=CC3C(=O)C=CCC3CC2Cc2ccccc21
mol_a5d3fb51f1b53cf2,validation,c1ccc(-c2ccccc2)cc1
mol_a746041b71389487,validation,C1CC2CCC1C2
mol_a74b6d4934d453e8,validation,C1CC2CCC1C2
mol_a77d55783384fab2,validation,C1CCCCC1
mol_a833bd48ead60b4b,validation,c1ccc2ncccc2c1
mol_a8daf8c5800683ab,validation,c1ccc2ncccc2c1
mol_a938193467b83794,validation,O=C(c1ccccc1)c1ccccc1
mol_a97fdf16c3091fdd,validation,c1ccc2c(c1)OCO2
mol_aa05f8af944b2768,validation,c1ccc2ncccc2c1
mol_aa14813170bddfa5,validation,O=C1NC(=O)c2ccccc21
mol_aa2332081baecd9d,validation,O=C1C=C2CCC3C4CCCC4CCC3C2CC1
mol_aa2a1238319f36cc,validation,c1ccc(Cc2ccccn2)cc1
mol_aaba7b3e9baf33c4,validation,c1ccc(Sc2ccccc2)cc1
mol_ab423d178ef2b008,validation,c1ccc2[nH]cnc2c1
mol_ab93099354b552a5,validation,C1CCOCC1
mol_abc9663f7e41c2ef,validation,O=S1(=O)NCNc2ccccc21
mol_abf82e47f8a6f7fa,validation,c1ccoc1
mol_adcf0cb9892a2de0,validation,c1ccc2[nH]cnc2c1
mol_add25e051bee4571,validation,C1CCCCC1
mol_ae7ba7e9b8e2e638,validation,O=C1NC(=O)c2ccccc21
mol_ae94da5b3288b03a,validation,c1ccc2c(c1)CCC1C2CCC2CCCC21
mol_aefccc5f44763b81,validation,O=c1[nH]c(=O)c2[nH]cnc2[nH]1
mol_af948137250823d5,validation,O=C1C=C2CCC3C4CCCC4CCC3C2CC1
mol_afb9184c6875164d,validation,c1ccc2ncccc2c1
mol_afc07ac86ed07ab2,validation,c1ccc2ncccc2c1
mol_b0c8c63bbfd3e7b1,validation,c1ccc2ncccc2c1
mol_b139f942c0073f0f,validation,c1cncnc1
mol_b1628cb06f2523e8,validation,C1CCCC1
mol_b22b522de61c3f67,validation,c1cncnc1
mol_b2372d1ddef52fc9,validation,c1ccncc1
mol_b27c4ad866075b25,validation,c1ccncc1
mol_b2bb93b6e0214157,validation,C1CCOCC1
mol_b2da3b8f0c8598f0,validation,c1ccoc1
mol_b2e4dc9906bd7c7f,validation,O=C1NC(=O)C2CC=CCC12
mol_b30b9d8070211f86,validation,c1ccncc1
mol_b32bbac781dcbca5,validation,c1ccc2[nH]cnc2c1
mol_b34243cb9fcffa63,validation,c1ccc2c(c1)ccc1ccccc12
mol_b386da362b854db6,validation,c1ccncc1
mol_b3b5c2f67314c012,validation,O=C1c2ccccc2C(=O)c2ccccc21
mol_b3c348141c439ed5,validation,c1ccncc1
mol_b42c26dcd9a1ceed,validation,c1ncc2ncn(C3CCCO3)c2n1
mol_b44a14a9a92d6e73,validation,c1ccoc1
mol_b48e23a1df0e368b,validation,C1CC2CCC1C2
mol_b4b2e41c2d1e36c7,validation,C1CCCCC1
mol_b5470e2218d5ca02,validation,c1ccc(-c2ccccc2)cc1
mol_b560dcb00caab482,validation,C1CCCCC1
mol_b62301c3549cc6e2,validation,c1ccc(-c2ccccc2)cc1
mol_b6dbd4e9871e29db,validation,C=C1CCC2CC1C2
mol_b70b1307f5611112,validation,O=C1C=C2CCC3C4CCCC4CCC3C2CC1
mol_b70dc737cbebeb45,validation,c1ccc2c(c1)CCC1C2CCC2CCCC21
mol_b808525c2b5545cf,validation,O=C1C=C2CCC3C4CCCC4CCC3C2CC1
mol_b880f05e953ae2b6,validation,c1ccc2ncccc2c1
mol_b8c56039a77fb576,validation,C1CCNCC1
mol_b8ca18aad99c66c4,validation,C1CO1
mol_b9456bf597109352,validation,O=c1[nH]c(=O)c2[nH]cnc2[nH]1
mol_b958d60e6f68ab9e,validation,C1CCOCC1
mol_b9b0ece8d044af75,validation,O=C(Cc1ccccc1)NC1C(=O)N2CCSC12
mol_b9de2ce737a7907d,validation,c1ccncc1
mol_ba2546af68e7c499,validation,c1ccncc1
mol_baa7e418b9aee4da,validation,O=C1c2ccccc2C(=O)c2ccccc21
mol_bb1ba5c623d42f11,validation,O=C1C=C2CCC3C4CCCC4CCC3C2CC1
mol_bb54ab5cfa1be969,validation,O=C1C=C2CCC3C4CCCC4CCC3C2CC1
mol_bbaec5aa032c67ab,validation,O=c1[nH]c(=O)c2[nH]cnc2[nH]1
mol_bbb30bfd428a5118,validation,c1ccc(N=Nc2cccc3ccccc23)cc1
mol_bc6ccb58c03c63ba,validation,C1CCCCC1
mol_bcce22e10a8ac193,validation,O=C1C=C2CCC3C4CCCC4CCC3C2CC1
mol_bd5150d585ebab07,validation,O=C1C=C2CCC3C4CCCC4CCC3C2CC1
mol_bd8014e536457362,validation,C1CCNCC1
mol_be25dd0892979456,validation,c1ccncc1
mol_be84e9d409557201,validation,c1ccc(-c2ccccc2)cc1
mol_bea1e98fb89668e3,validation,C1CCNCC1
mol_bedd3c85c249f2d0,validation,c1ccc(N=Nc2cccc3ccccc23)cc1
mol_bef52424b0d49b50,validation,C1=CCCC1
mol_bef5f9f39ebf14a5,validation,c1ccncc1
mol_bf3967386a926eaa,validation,C1CCCCC1
mol_bfce8b39492cd027,validation,c1ccc(-c2ccccc2)cc1
mol_bfd4b7b4ff064cf1,validation,c1ccc2c(c1)OCO2
mol_c0c3b108dfa28247,validation,O=C1c2ccccc2C(=O)c2ccccc21
mol_c11c718055e384da,validation,c1ccc2[nH]cnc2c1
mol_c2aefd10f8b31c20,validation,O=C1C2=CC3C(=O)C=CCC3CC2Cc2ccccc21
mol_c2c2b58214eb0a0f,validation,C=C1CC23CC1CCC2C12C=CCC(C(=O)O1)C2C3
mol_c336c3fdece9cc9a,validation,C1CCCCC1
mol_c39cf0bbfd550795,validation,c1ccoc1
mol_c3d32abd9d9eef1d,validation,c1ccoc1
mol_c42ef4bbc98c06c0,validation,C1CC2CCC1C2
mol_c469def366502ecf,validation,c1ccncc1
mol_c505a924ac111973,validation,c1ccc(-c2ccccc2)cc1
mol_c50a026a700eed75,validation,c1ccncc1
mol_c56660713cd561d5,validation,c1ccc(Cc2ccccn2)cc1
mol_c621cb8cd26b6528,validation,C1CCCCC1
mol_c664efe74c39e098,validation,c1ccncc1
mol_c671727383a0e9fb,validation,O=C(c1ccccc1)c1ccccc1
mol_c67b7b2d299cd279,validation,ACYCLIC:CC(=O)N(C)C
mol_c798c932f3391a4f,validation,O=c1cc[nH]c2cc3occc(=O)c3cc12
mol_c834462d0554c641,validation,c1ccncc1
mol_c86960e9b73434eb,validation,O=c1ccn(C2CCCO2)c(=O)[nH]1
mol_c8b1ac4fe1ecefa0,validation,c1ccncc1
mol_c9679f05a71b9c08,validation,C1CCCCC1
mol_c96a09271e17f587,validation,O=C1C=C2CCC3C4CCCC4CCC3C2CC1
mol_ca0e9339a9856d50,validation,c1ccncc1
mol_ca7bc3529cfaf9ce,validation,c1ccc2c(c1)OCO2
mol_cb1da11d1a67eb7d,validation,c1ccoc1
mol_cb53e161b51a8de4,validation,O=C(c1ccccc1)c1ccccc1
mol_cbc6801a895d6c8a,validation,c1ccncc1
mol_cbdf4a01550c2039,validation,C1CCOCC1
mol_cc1532418f24aa08,validation,O=c1ccn(C2CCCO2)c(=O)[nH]1
mol_cc2c9c0c6a09175f,validation,c1ncc2ncn(C3CCCO3)c2n1
mol_cd5b9febd8ef8581,validation,C1CCCCC1
mol_cd7abd12070d14fc,validation,c1ccc2[nH]cnc2c1
mol_cd7af326fd4a0690,validation,O=C(c1ccccc1)c1ccccc1
mol_ce5b501735b06517,validation,c1ccc2c(c1)OCO2
mol_ce8fd91f3c0f52df,validation,O=S1(=O)NCNc2ccccc21
mol_ce9d3488e7f86162,validation,c1ccncc1
mol_cec5078599fe0f06,validation,c1ccncc1
mol_cf73ce3aa20c4901,validation,O=C1c2ccccc2C(=O)c2ccccc21
mol_d001f1622ae283b1,validation,c1ccc2c(c1)CCC1C2CCC2CCCC21
mol_d0037ce9ee258aac,validation,ACYCLIC:SCCCCCCCCS
mol_d0404a3d489ee225,validation,c1ccncc1
mol_d069fb988e2e8652,validation,c1ccncc1
mol_d25a14ea120ca7ba,validation,c1ccc2ncccc2c1
mol_d28031d1224f0c58,validation,O=C1C=C2CCC3C4CCCC4CCC3C2CC1
mol_d368204fbad33225,validation,C1CCCCC1
mol_d590d5d5a601b35a,validation,c1cnccn1
mol_d5bae8dd4d594ef3,validation,c1ccc(-c2ccccc2)cc1
mol_d61f6e0809e79472,validation,O=C1NC(=O)c2ccccc21
mol_d65c238e82da16af,validation,c1ccc2c(c1)ccc1ccccc12
mol_d67d24154ef90c27,validation,c1ccncc1
mol_d6c0a4c82cabe837,validation,C1CCCCC1
mol_d7271ace1f335b95,validation,ACYCLIC:CCCC(=O)OC/C=C(\C)CCC=C(C)C
mol_d72a94465c4c23e7,validation,O=c1[nH]c(=O)c2[nH]cnc2[nH]1
mol_d77e5e25d7f4c1b8,validation,ACYCLIC:CC(=O)C(C)C
mol_d8009a2d6eef2035,validation,c1ncc2ncn(C3CCCO3)c2n1
mol_d81f7bb593f0f756,validation,c1cncnc1
mol_d864da5ff8bf0054,validation,ACYCLIC:CCCCCCCCOCCC#N
mol_d9071411fa2a06d2,validation,O=C(Oc1ccccc1)c1ccccc1
mol_da3c95e3b65c72c3,validation,c1ccc(Cc2ccccn2)cc1
mol_da634e4ca22135a5,validation,C1CCCC1
mol_da82b0828f9fbefb,validation,c1ccc(-c2ccccc2)cc1
mol_daa04a326d407f10,validation,C1CCNCC1
mol_daab7e878962a67b,validation,C1CCCCC1
mol_db2d72566dfe6c52,validation,C1CCOCC1
mol_db64f76355ad7ad1,validation,O=S(=O)(c1ccccc1)c1ccccc1
mol_dbc1eed279d281c5,validation,c1ccc(N=Nc2ccccc2)cc1
mol_dc3fb2b189905da7,validation,c1cnccn1
mol_dc9da16f878f4203,validation,O=C1C=C2CCC3C4CCCC4CCC3C2CC1
mol_dcbee0ce71a0a74f,validation,C1CNCCN1
mol_dccdaecda1e96ab2,validation,c1ccc2ncccc2c1
mol_dce36a1efb41a594,validation,C1CCOCC1
mol_dd0be82846de3970,validation,O=C1C=C2CCC3C4CCCC4CCC3C2CC1
mol_de7f42a51ff9dd07,validation,c1ccoc1
mol_deb46e839f52d1a8,validation,C1CCOCC1
mol_debd7abf26c40eab,validation,c1ccc(Sc2ccccc2)cc1
mol_debe81fb8d850667,validation,O=C(Cc1ccccc1)NC1C(=O)N2CCSC12
mol_def2d19933a4bbc7,validation,c1ccc(N=Nc2cccc3ccccc23)cc1
mol_dfd68c12db102d38,validation,c1ccncc1
mol_e03a15ee509942f7,validation,c1ccc(N=Nc2ccccc2)cc1
mol_e1172049e820b38d,validation,c1ccc(-c2ccccc2)cc1
mol_e165383ae143c8fc,validation,O=C(c1ccccc1)c1ccccc1
mol_e17da0512fd91b8b,validation,c1ccc(-c2ccccc2)cc1
mol_e1b13befb7f63a47,validation,O=C1C2=CC3C(=O)C=CCC3CC2Cc2ccccc21
mol_e1c8bcc9e07e3204,validation,O=C1C=C2CCC3C4CCCC4CCC3C2CC1
mol_e1d496814e6e934f,validation,C1CCNCC1
mol_e2161d4fd2e65fe6,validation,O=c1[nH]c(=O)c2[nH]cnc2[nH]1
mol_e25fb9d5c430aba3,validation,c1ccoc1
mol_e296d41c54afef55,validation,C1CCCCC1
mol_e29ed150cfb9cd17,validation,c1ccc(-c2ccccc2)cc1
mol_e2accf99eaf5c514,validation,ACYCLIC:CC(O)CN(CCN(CC(C)O)CC(C)O)CC(C)O
mol_e2c8a446aaa0bfc4,validation,O=C1c2ccccc2C(=O)c2ccccc21
mol_e2cd6c2d09b90abc,validation,O=C(Cc1ccccc1)NC1C(=O)N2CCSC12
mol_e30637c113841800,validation,C1CO1
mol_e31dccf320bc33df,validation,c1ccc(N=Nc2ccccc2)cc1
mol_e36b66a9146ed318,validation,C1CCCCC1
mol_e374e860962ddb22,validation,O=C1C=C2CCC3C4CCCC4CCC3C2CC1
mol_e3b70b4c3e756fa4,validation,c1ccc2[nH]cnc2c1
mol_e3efa2f9b0a97763,validation,c1ccc(N=Nc2ccccc2)cc1
mol_e43d0924888ef401,validation,C1CO1
mol_e48f2cb8246c30e0,validation,O=C(c1ccccc1)c1ccccc1
mol_e4a98a52ad74cfbb,validation,c1cncnc1
mol_e5090dcbe36f5610,validation,c1ccncc1
mol_e51dff98213220d8,validation,c1ccoc1
mol_e544f6884ff0f7ed,validation,O=C1C2=CC3C(=O)C=CCC3CC2Cc2ccccc21
mol_e608705bd5bb2de4,validation,O=C1C=C2CCC3C4CCCC4CCC3C2CC1
mol_e7bde473dcf8f43d,validation,O=C1C2=CC3C(=O)C=CCC3CC2Cc2ccccc21
mol_e8083532282dbd21,validation,C(C=C1CCCC2CCCC12)=C1CCCCC1
mol_e812e7bc6a8ba3fd,validation,O=C1C=C2CCC3C4CCCC4CCC3C2CC1
mol_e824628d255a5b10,validation,c1ccncc1
mol_ea3f6311b1b0e5af,validation,c1ccc(N=Nc2cccc3ccccc23)cc1
mol_ebd8063777abe4f3,validation,c1ccc(-c2ccccc2)cc1
mol_ec678363ab12288e,validation,C1CCCCC1
mol_ed14a47e85b412fa,validation,c1ccc2c(c1)CCC1C2CCC2CCCC21
mol_ed163ee7ba76b1e7,validation,ACYCLIC:OCCCCO
mol_edcbdecd0a89dce3,validation,c1ncc2ncn(C3CCCO3)c2n1
mol_ede2c1ddf05ae6ab,validation,c1ccc2ncccc2c1
mol_ee0accb9c1666196,validation,c1ccc2c(c1)OCO2
mol_ee0c150bbd547065,validation,O=C1C2=CC3C(=O)C=CCC3CC2Cc2ccccc21
mol_ee14a6d82676e6dd,validation,c1ccoc1
mol_ee277cabea2cd7dd,validation,c1ccc(-c2ccccc2)cc1
mol_ef6afcf3bb3686fd,validation,c1ccc(Sc2ccccc2)cc1
mol_ef722fb05fe93948,validation,c1ccncc1
mol_efbf2a0765f356e5,validation,O=C1c2ccccc2C(=O)c2ccccc21
mol_f03154b3120bf450,validation,O=c1ccn(C2CCCO2)c(=O)[nH]1
mol_f0590475bdebf30b,validation,O=C(c1ccccc1)c1ccccc1
mol_f0ade1714fb03e28,validation,c1ccc(N=Nc2ccccc2)cc1
mol_f0c6b09cfc7aa95a,validation,O=C1c2ccccc2C(=O)c2ccccc21
mol_f0e2bfc5c28c789a,validation,C1CCCCC1
mol_f0eb85ab90ea74ca,validation,C1CCNCC1
mol_f11819fab3e5818f,validation,O=C(c1ccccc1)c1ccccc1
mol_f12dfad2c67a2f95,validation,c1ccc2c(c1)CCC1C2CCC2CCCC21
mol_f12f6eaab2130c22,validation,O=C1C=C2CCC3C4CCCC4CCC3C2CC1
mol_f1919d550dff1bcd,validation,O=C1c2ccccc2C(=O)c2ccccc21
mol_f1db70cba5608817,validation,c1ccncc1
mol_f1fd61598411d4ea,validation,C1CO1
mol_f287de76a125222e,validation,c1ccncc1
mol_f2f4c811a767aaa3,validation,C1CCCCC1
mol_f3f5dca994a2c1a3,validation,c1ccoc1
mol_f3f7bb7ec67d45d8,validation,c1ncc2ncn(C3CCCO3)c2n1
mol_f3f80e3e8cb4f013,validation,C1CNCCN1
mol_f4670aeaf90c53e9,validation,c1ccncc1
mol_f49ae5cd6bf7c8ac,validation,c1ccc(N=Nc2cccc3ccccc23)cc1
mol_f4e664c89e11a792,validation,O=C1C=C2CCC3C4CCCC4CCC3C2CC1
mol_f4fc0bb29e3c96fa,validation,O=C(c1ccccc1)c1ccccc1
mol_f53363eb80370429,validation,O=C(c1ccccc1)c1ccccc1
mol_f55f275de31bf636,validation,c1ccc2ncccc2c1
mol_f5cefedd2c9a3a36,validation,c1ccc(-c2ccccc2)cc1
mol_f5f1eb0a0cefd9fa,validation,c1cncnc1
mol_f6c04dba606076d4,validation,C1CCOCC1
mol_f7de9fa06b692d5d,validation,c1ccncc1
mol_f7fa86b43cc66ccf,validation,c1ccc2c(c1)CCC1C2CCC2CCCC21
mol_f8803c3a663c09e8,validation,O=C(c1ccccc1)c1ccccc1
mol_f99821712fb3f5b3,validation,ACYCLIC:CCCCOCCCC
mol_f9aa2ce27ac7ca2c,validation,c1ccc(-c2ccccc2)cc1
mol_fa5a29723de86c00,validation,c1ccc2c(c1)CCC1C2CCC2CCCC21
mol_fa8885417a7a3005,validation,O=c1ccn(C2CCCO2)c(=O)[nH]1
mol_fb1c4fb3fbbd98a3,validation,c1ccncc1
mol_fb71f2bbd881a376,validation,O=C1CCCC2=C1CCC2
mol_fb7f3e9d09022100,validation,O=C1C=COC(=O)C1
mol_fb88a2b7e1eb1ed6,validation,O=C1c2ccccc2C(=O)c2ccccc21
mol_fc0aa4dde42621ed,validation,c1ccc(Sc2ccccc2)cc1
mol_fc428ace6526324c,validation,c1ccc(-c2ccccc2)cc1
mol_fc57b0c76be0dce3,validation,c1ccc(-c2ccccc2)cc1
mol_fc737d54517e923b,validation,O=C1C=C2CCC3C4CCCC4CCC3C2CC1
mol_fd1fe44f00643692,validation,O=C1CCCCC1
mol_fd5e14ff99682e3b,validation,O=C(NC1CC2CCCC(C1)N2)c1n[nH]c2ccccc12
mol_fd5f8c81f7116884,validation,c1ccc(-c2ccccc2)cc1
mol_fef6949a29879647,validation,c1ccc2c(c1)OCO2
mol_ff0ff87b01d5e6ad,validation,C1CO1
mol_ff4c1dd487df853a,validation,c1ncc2ncn(C3CCCO3)c2n1
mol_ff4ce74394b03c34,validation,O=S1(=O)NCNc2ccccc21
mol_ff773757c5300dcd,validation,c1ccc2c(c1)OCO2
